rcid,data,ano,periodo_2009,pos_2009,sessao,simbolo_resolucao,tema,voto_importante,voto_brasil,voto_china,convergente
4036,1997-03-05,1997,1997-2008,0,51,R/51/223,Palestinian conflict,0,yes,yes,1
4037,1997-05-04,1997,1997-2008,0,51,R/51/229,Sem codificacao tematica,0,yes,no,0
4038,1997-06-06,1997,1997-2008,0,51,R/51/233,Palestinian conflict,0,yes,yes,1
4042,1997-11-03,1997,1997-2008,0,52,R/52/22,Sem codificacao tematica,0,yes,yes,1
4043,1997-11-03,1997,1997-2008,0,52,R/52/24,Sem codificacao tematica,0,yes,yes,1
4039,1997-11-04,1997,1997-2008,0,52,R/52/10,Economic development,1,yes,yes,1
4040,1997-11-04,1997,1997-2008,0,52,R/52/11,Sem codificacao tematica,1,yes,abstain,0
4044,1997-11-04,1997,1997-2008,0,52,R/52/26,Sem codificacao tematica,0,yes,yes,1
4041,1997-11-05,1997,1997-2008,0,52,R/52/14,Sem codificacao tematica,0,yes,yes,1
6014,1997-11-25,1997,1997-2008,0,52,R/52/22,Sem codificacao tematica,,yes,yes,1
4045,1997-12-03,1997,1997-2008,0,52,R/52/33,Arms control and disarmament,0,abstain,yes,0
4046,1997-12-03,1997,1997-2008,0,52,R/52/35,Nuclear weapons and nuclear material,0,yes,yes,1
4047,1997-12-03,1997,1997-2008,0,52,R/52/36,Arms control and disarmament; Nuclear weapons and nuclear material,0,yes,yes,1
4048,1997-12-03,1997,1997-2008,0,52,R/52/37,Arms control and disarmament,0,yes,yes,1
4049,1997-12-03,1997,1997-2008,0,52,R/52/38A,Arms control and disarmament,0,yes,abstain,0
4050,1997-12-03,1997,1997-2008,0,52,R/52/38B,Arms control and disarmament; Colonialism,0,yes,abstain,0
4051,1997-12-03,1997,1997-2008,0,52,R/52/38E,Arms control and disarmament,0,yes,yes,1
4052,1997-12-03,1997,1997-2008,0,52,R/52/38H,Arms control and disarmament,1,yes,yes,1
4053,1997-12-03,1997,1997-2008,0,52,R/52/38J,Arms control and disarmament,0,yes,yes,1
4054,1997-12-03,1997,1997-2008,0,52,R/52/38K,Arms control and disarmament; Nuclear weapons and nuclear material,0,yes,yes,1
4055,1997-12-03,1997,1997-2008,0,52,R/52/38L,Arms control and disarmament; Nuclear weapons and nuclear material,0,yes,yes,1
4056,1997-12-03,1997,1997-2008,0,52,R/52/38M,Arms control and disarmament; Nuclear weapons and nuclear material,0,yes,yes,1
4057,1997-12-03,1997,1997-2008,0,52,R/52/38N,Nuclear weapons and nuclear material,0,yes,yes,1
4058,1997-12-03,1997,1997-2008,0,52,R/52/38O,Arms control and disarmament; Nuclear weapons and nuclear material,0,yes,yes,1
4059,1997-12-03,1997,1997-2008,0,52,R/52/38Q,Arms control and disarmament,0,yes,yes,1
4060,1997-12-03,1997,1997-2008,0,52,R/52/38R,Arms control and disarmament; Colonialism,0,yes,yes,1
4061,1997-12-03,1997,1997-2008,0,52,R/52/39C,Arms control and disarmament; Nuclear weapons and nuclear material,0,yes,yes,1
4062,1997-12-03,1997,1997-2008,0,52,R/52/40C,Arms control and disarmament,0,yes,yes,1
4063,1997-12-03,1997,1997-2008,0,52,R/52/41,Arms control and disarmament; Nuclear weapons and nuclear material; Palestinian conflict,0,yes,yes,1
4064,1997-12-03,1997,1997-2008,0,52,R/52/44,Sem codificacao tematica,0,yes,yes,1
4065,1997-12-03,1997,1997-2008,0,52,R/52/49,Human rights; Palestinian conflict,0,yes,yes,1
4066,1997-12-03,1997,1997-2008,0,52,R/52/50,Human rights; Palestinian conflict,0,yes,yes,1
4067,1997-12-03,1997,1997-2008,0,52,R/52/51,Human rights; Palestinian conflict,0,yes,yes,1
4068,1997-12-03,1997,1997-2008,0,52,R/52/52,Palestinian conflict,0,yes,yes,1
4069,1997-12-03,1997,1997-2008,0,52,R/52/53,Arms control and disarmament; Palestinian conflict,0,yes,yes,1
4070,1997-12-03,1997,1997-2008,0,52,R/52/54,Palestinian conflict,0,abstain,yes,0
4103,1997-12-03,1997,1997-2008,0,52,R/52/169F,Sem codificacao tematica,0,yes,yes,1
4071,1997-12-04,1997,1997-2008,0,52,R/52/57,Palestinian conflict,0,yes,yes,1
4072,1997-12-04,1997,1997-2008,0,52,R/52/59,Colonialism; Human rights; Palestinian conflict,0,yes,yes,1
4073,1997-12-04,1997,1997-2008,0,52,R/52/60,Palestinian conflict,0,yes,yes,1
4074,1997-12-04,1997,1997-2008,0,52,R/52/61,Palestinian conflict,0,yes,yes,1
4075,1997-12-04,1997,1997-2008,0,52,R/52/62,Palestinian conflict,0,yes,yes,1
4076,1997-12-04,1997,1997-2008,0,52,R/52/63,Palestinian conflict,0,yes,yes,1
4077,1997-12-04,1997,1997-2008,0,52,R/52/64,Colonialism; Palestinian conflict,0,yes,yes,1
4078,1997-12-04,1997,1997-2008,0,52,R/52/65,Colonialism; Palestinian conflict,0,yes,yes,1
4079,1997-12-04,1997,1997-2008,0,52,R/52/66,Palestinian conflict,0,yes,yes,1
4080,1997-12-04,1997,1997-2008,0,52,R/52/67,Colonialism; Human rights; Palestinian conflict,0,yes,yes,1
4081,1997-12-04,1997,1997-2008,0,52,R/52/68,Palestinian conflict,0,yes,yes,1
4082,1997-12-04,1997,1997-2008,0,52,R/52/71,Colonialism,0,yes,yes,1
4083,1997-12-04,1997,1997-2008,0,52,R/52/72,Colonialism; Economic development,0,yes,yes,1
4084,1997-12-04,1997,1997-2008,0,52,R/52/73,Colonialism,0,yes,yes,1
4085,1997-12-04,1997,1997-2008,0,52,R/52/78,Colonialism,0,yes,yes,1
4086,1997-12-04,1997,1997-2008,0,52,R/52/79,Colonialism,0,yes,yes,1
4104,1997-12-05,1997,1997-2008,0,52,R/52/181,Economic development,1,yes,yes,1
4105,1997-12-05,1997,1997-2008,0,52,R/52/207,Palestinian conflict,0,yes,yes,1
4087,1997-12-06,1997,1997-2008,0,52,R/52/112,Human rights,0,yes,yes,1
4088,1997-12-06,1997,1997-2008,0,52,R/52/114,Colonialism; Human rights; Palestinian conflict,1,yes,yes,1
4089,1997-12-06,1997,1997-2008,0,52,R/52/119,Sem codificacao tematica,0,yes,yes,1
4090,1997-12-06,1997,1997-2008,0,52,R/52/120,Human rights,0,yes,yes,1
4091,1997-12-06,1997,1997-2008,0,52,R/52/121,Human rights,0,yes,yes,1
4092,1997-12-06,1997,1997-2008,0,52,R/52/129,Sem codificacao tematica,1,yes,abstain,0
4093,1997-12-06,1997,1997-2008,0,52,R/52/131,Human rights,0,yes,yes,1
4094,1997-12-06,1997,1997-2008,0,52,R/52/133,Human rights,0,yes,yes,1
4095,1997-12-06,1997,1997-2008,0,52,R/52/136,Economic development; Human rights,1,yes,yes,1
4096,1997-12-06,1997,1997-2008,0,52,R/52/139,Human rights,0,yes,abstain,0
4097,1997-12-06,1997,1997-2008,0,52,R/52/140,Human rights,1,yes,no,0
4098,1997-12-06,1997,1997-2008,0,52,R/52/141,Human rights,1,yes,abstain,0
4099,1997-12-06,1997,1997-2008,0,52,R/52/142,Human rights,1,yes,no,0
4100,1997-12-06,1997,1997-2008,0,52,R/52/143,Human rights,0,abstain,no,0
4101,1997-12-06,1997,1997-2008,0,52,R/52/144,Human rights,0,yes,no,0
4102,1997-12-06,1997,1997-2008,0,52,R/52/147,Human rights,1,yes,abstain,0
6018,1997-12-09,1997,1997-2008,0,52,R/52/38K,Arms control and disarmament; Nuclear weapons and nuclear material,,yes,yes,1
6019,1997-12-09,1997,1997-2008,0,52,R/52/38K,Sem codificacao tematica,,yes,yes,1
6020,1997-12-09,1997,1997-2008,0,52,R/52/38N,Nuclear weapons and nuclear material,,yes,yes,1
6021,1997-12-09,1997,1997-2008,0,52,R/52/38O,Arms control and disarmament; Nuclear weapons and nuclear material,,yes,yes,1
6022,1997-12-09,1997,1997-2008,0,52,R/52/38O,Sem codificacao tematica,,yes,yes,1
6023,1997-12-09,1997,1997-2008,0,52,R/52/38R,Sem codificacao tematica,,yes,abstain,0
6024,1997-12-09,1997,1997-2008,0,52,R/52/38R,Sem codificacao tematica,,yes,abstain,0
6025,1997-12-09,1997,1997-2008,0,52,R/52/41,Arms control and disarmament; Nuclear weapons and nuclear material,,yes,yes,1
6026,1997-12-09,1997,1997-2008,0,52,R/52/44,Sem codificacao tematica,,yes,yes,1
6027,1997-12-09,1997,1997-2008,0,52,,Sem codificacao tematica,,abstain,abstain,1
6028,1997-12-12,1997,1997-2008,0,52,R/52/118,Human rights,,yes,abstain,0
4106,1998-06-06,1998,1997-2008,0,52,R/52/237,Palestinian conflict,0,yes,yes,1
6029,1998-06-26,1998,1997-2008,0,52,R/52/237,Palestinian conflict,,yes,yes,1
4107,1998-07-03,1998,1997-2008,0,52,R/52/250,Human rights; Palestinian conflict,0,yes,yes,1
4109,1998-10-02,1998,1997-2008,0,53,R/53/10,Economic development,1,abstain,yes,0
4108,1998-10-04,1998,1997-2008,0,53,R/53/4,Economic development,1,yes,yes,1
4110,1998-11-02,1998,1997-2008,0,53,R/53/21,Sem codificacao tematica,1,yes,abstain,0
4111,1998-11-03,1998,1997-2008,0,53,R/53/32,Sem codificacao tematica,0,yes,yes,1
4112,1998-11-04,1998,1997-2008,0,53,R/53/34,Sem codificacao tematica,0,yes,yes,1
4167,1998-12-03,1998,1997-2008,0,53,R/53/196,Colonialism; Palestinian conflict,0,yes,yes,1
4113,1998-12-04,1998,1997-2008,0,53,R/53/37,Arms control and disarmament; Palestinian conflict,0,yes,yes,1
4114,1998-12-04,1998,1997-2008,0,53,R/53/38,Palestinian conflict,0,abstain,yes,0
4115,1998-12-04,1998,1997-2008,0,53,R/53/39,Human rights; Palestinian conflict,0,yes,yes,1
4116,1998-12-04,1998,1997-2008,0,53,R/53/40,Human rights; Palestinian conflict,0,yes,yes,1
4118,1998-12-04,1998,1997-2008,0,53,R/53/42,Palestinian conflict,0,yes,yes,1
4158,1998-12-04,1998,1997-2008,0,53,R/53/135,Sem codificacao tematica,0,yes,yes,1
4159,1998-12-04,1998,1997-2008,0,53,R/53/136,Colonialism; Human rights; Palestinian conflict,0,yes,yes,1
4160,1998-12-04,1998,1997-2008,0,53,R/53/141,Human rights,0,yes,yes,1
4161,1998-12-04,1998,1997-2008,0,53,R/53/143,Sem codificacao tematica,0,yes,yes,1
4162,1998-12-04,1998,1997-2008,0,53,R/53/155,Economic development; Human rights,1,yes,yes,1
4163,1998-12-04,1998,1997-2008,0,53,R/53/157,Human rights,1,yes,abstain,0
4164,1998-12-04,1998,1997-2008,0,53,R/53/158,Human rights,1,yes,no,0
4165,1998-12-04,1998,1997-2008,0,53,R/53/163,Human rights,1,yes,abstain,0
4166,1998-12-04,1998,1997-2008,0,53,R/53/164,Human rights,1,yes,abstain,0
6031,1998-12-04,1998,1997-2008,0,53,R/53/77F,Nuclear weapons and nuclear material,,yes,yes,1
6032,1998-12-04,1998,1997-2008,0,53,R/53/77Q,Nuclear weapons and nuclear material,,yes,yes,1
6033,1998-12-04,1998,1997-2008,0,53,R/53/77Q,Sem codificacao tematica,,yes,yes,1
6034,1998-12-04,1998,1997-2008,0,53,R/53/77S,Arms control and disarmament; Economic development,,yes,yes,1
6035,1998-12-04,1998,1997-2008,0,53,R/53/77S,Sem codificacao tematica,,yes,abstain,0
6036,1998-12-04,1998,1997-2008,0,53,R/53/77U,Arms control and disarmament; Nuclear weapons and nuclear material,,yes,yes,1
6037,1998-12-04,1998,1997-2008,0,53,R/53/77U,Sem codificacao tematica,,yes,yes,1
6038,1998-12-04,1998,1997-2008,0,53,R/53/77V,Sem codificacao tematica,,yes,abstain,0
6039,1998-12-04,1998,1997-2008,0,53,R/53/77V,Sem codificacao tematica,,yes,abstain,0
6040,1998-12-04,1998,1997-2008,0,53,R/53/77W,Arms control and disarmament; Nuclear weapons and nuclear material,,yes,yes,1
6041,1998-12-04,1998,1997-2008,0,53,R/53/77Y,Nuclear weapons and nuclear material,,yes,yes,1
6044,1998-12-04,1998,1997-2008,0,53,R/53/80,Arms control and disarmament; Nuclear weapons and nuclear material,,yes,yes,1
4119,1998-12-05,1998,1997-2008,0,53,R/53/46,Palestinian conflict,0,yes,yes,1
4120,1998-12-05,1998,1997-2008,0,53,R/53/48,Colonialism; Human rights; Palestinian conflict,0,yes,yes,1
4121,1998-12-05,1998,1997-2008,0,53,R/53/49,Palestinian conflict,0,yes,yes,1
4122,1998-12-05,1998,1997-2008,0,53,R/53/50,Palestinian conflict,0,yes,yes,1
4123,1998-12-05,1998,1997-2008,0,53,R/53/51,Palestinian conflict,0,yes,yes,1
4124,1998-12-05,1998,1997-2008,0,53,R/53/52,Palestinian conflict,0,yes,yes,1
4125,1998-12-05,1998,1997-2008,0,53,R/53/53,Colonialism; Palestinian conflict,0,yes,yes,1
4126,1998-12-05,1998,1997-2008,0,53,R/53/54,Colonialism; Palestinian conflict,0,yes,yes,1
4127,1998-12-05,1998,1997-2008,0,53,R/53/55,Colonialism; Palestinian conflict,0,yes,yes,1
4128,1998-12-05,1998,1997-2008,0,53,R/53/56,Colonialism; Human rights; Palestinian conflict,0,yes,yes,1
4129,1998-12-05,1998,1997-2008,0,53,R/53/57,Palestinian conflict,0,yes,yes,1
4130,1998-12-05,1998,1997-2008,0,53,R/53/60,Colonialism,0,yes,yes,1
4131,1998-12-05,1998,1997-2008,0,53,R/53/61,Colonialism; Economic development,0,yes,yes,1
4132,1998-12-05,1998,1997-2008,0,53,R/53/62,Colonialism,0,yes,yes,1
4133,1998-12-05,1998,1997-2008,0,53,R/53/68,Colonialism,0,yes,yes,1
4134,1998-12-05,1998,1997-2008,0,53,R/53/69,Colonialism,0,yes,yes,1
4135,1998-12-06,1998,1997-2008,0,53,R/53/71,Sem codificacao tematica,0,yes,abstain,0
4136,1998-12-06,1998,1997-2008,0,53,R/53/73,Arms control and disarmament,0,abstain,yes,0
4137,1998-12-06,1998,1997-2008,0,53,R/53/75,Arms control and disarmament; Nuclear weapons and nuclear material,0,yes,yes,1
4138,1998-12-06,1998,1997-2008,0,53,R/53/76,Arms control and disarmament,0,yes,yes,1
4139,1998-12-06,1998,1997-2008,0,53,R/53/77E,Arms control and disarmament,0,yes,yes,1
4140,1998-12-06,1998,1997-2008,0,53,R/53/77F,Nuclear weapons and nuclear material,0,yes,abstain,0
4141,1998-12-06,1998,1997-2008,0,53,R/53/77G,Arms control and disarmament; Nuclear weapons and nuclear material,1,yes,yes,1
4142,1998-12-06,1998,1997-2008,0,53,R/53/77H,Arms control and disarmament,0,abstain,yes,0
4143,1998-12-06,1998,1997-2008,0,53,R/53/77J,Arms control and disarmament,0,yes,yes,1
4144,1998-12-06,1998,1997-2008,0,53,R/53/77L,Sem codificacao tematica,0,yes,yes,1
4145,1998-12-06,1998,1997-2008,0,53,R/53/77N,Arms control and disarmament,0,yes,abstain,0
4146,1998-12-06,1998,1997-2008,0,53,R/53/77P,Arms control and disarmament,0,yes,yes,1
4147,1998-12-06,1998,1997-2008,0,53,R/53/77Q,Nuclear weapons and nuclear material,0,yes,yes,1
4148,1998-12-06,1998,1997-2008,0,53,R/53/77S,Arms control and disarmament; Colonialism,0,yes,abstain,0
4149,1998-12-06,1998,1997-2008,0,53,R/53/77U,Arms control and disarmament; Nuclear weapons and nuclear material,0,yes,yes,1
4150,1998-12-06,1998,1997-2008,0,53,R/53/77V,Arms control and disarmament,0,yes,abstain,0
4151,1998-12-06,1998,1997-2008,0,53,R/53/77W,Arms control and disarmament; Nuclear weapons and nuclear material,0,yes,yes,1
4152,1998-12-06,1998,1997-2008,0,53,R/53/77X,Arms control and disarmament; Nuclear weapons and nuclear material,0,yes,yes,1
4153,1998-12-06,1998,1997-2008,0,53,R/53/77Y,Nuclear weapons and nuclear material,1,yes,abstain,0
4154,1998-12-06,1998,1997-2008,0,53,R/53/77Z,Arms control and disarmament; Nuclear weapons and nuclear material,0,yes,yes,1
4155,1998-12-06,1998,1997-2008,0,53,R/53/78D,Arms control and disarmament; Nuclear weapons and nuclear material,0,yes,abstain,0
4156,1998-12-06,1998,1997-2008,0,53,R/53/80,Arms control and disarmament; Nuclear weapons and nuclear material; Palestinian conflict,0,yes,yes,1
4157,1998-12-06,1998,1997-2008,0,53,R/53/85,Sem codificacao tematica,0,yes,abstain,0
6047,1998-12-09,1998,1997-2008,0,53,R/53/138,Human rights,,yes,abstain,0
6048,1998-12-09,1998,1997-2008,0,53,R/53/141,Human rights,,yes,yes,1
6049,1998-12-09,1998,1997-2008,0,53,R/53/155,Economic development; Human rights,,yes,yes,1
6050,1998-12-09,1998,1997-2008,0,53,R/53/157,Human rights,,yes,abstain,0
4168,1999-06-03,1999,1997-2008,0,53,R/53/227,Palestinian conflict,0,yes,yes,1
6051,1999-06-08,1999,1997-2008,0,53,R/53/227,Sem codificacao tematica,,yes,yes,1
4170,1999-11-02,1999,1997-2008,0,54,R/54/26,Sem codificacao tematica,1,yes,yes,1
4169,1999-11-03,1999,1997-2008,0,54,R/54/21,Economic development,1,yes,yes,1
4171,1999-11-04,1999,1997-2008,0,54,R/54/35,Sem codificacao tematica,0,yes,yes,1
6052,1999-11-15,1999,1997-2008,0,54,R/54/26,Sem codificacao tematica,,yes,yes,1
5640,1999-12-01,1999,1997-2008,0,54,R/54/54D,Arms control and disarmament; Nuclear weapons and nuclear material,,yes,yes,1
5641,1999-12-01,1999,1997-2008,0,54,R/54/54D,Sem codificacao tematica,,yes,yes,1
5643,1999-12-01,1999,1997-2008,0,54,R/54/54G,Nuclear weapons and nuclear material,,yes,yes,1
5645,1999-12-01,1999,1997-2008,0,54,R/54/54I,Sem codificacao tematica,,yes,yes,1
5646,1999-12-01,1999,1997-2008,0,54,R/54/54I,Sem codificacao tematica,,yes,abstain,0
5647,1999-12-01,1999,1997-2008,0,54,R/54/54L,Nuclear weapons and nuclear material,,yes,yes,1
5648,1999-12-01,1999,1997-2008,0,54,R/54/54L,Sem codificacao tematica,,yes,yes,1
5649,1999-12-01,1999,1997-2008,0,54,R/54/54O,Sem codificacao tematica,,yes,abstain,0
5650,1999-12-01,1999,1997-2008,0,54,R/54/54O,Sem codificacao tematica,,yes,abstain,0
5651,1999-12-01,1999,1997-2008,0,54,R/54/54Q,Arms control and disarmament; Nuclear weapons and nuclear material,,yes,yes,1
4201,1999-12-02,1999,1997-2008,0,54,R/54/69,Palestinian conflict,0,yes,yes,1
4202,1999-12-02,1999,1997-2008,0,54,R/54/71,Colonialism; Human rights; Palestinian conflict,0,yes,yes,1
4203,1999-12-02,1999,1997-2008,0,54,R/54/72,Palestinian conflict,0,yes,yes,1
4204,1999-12-02,1999,1997-2008,0,54,R/54/73,Palestinian conflict,0,yes,yes,1
4205,1999-12-02,1999,1997-2008,0,54,R/54/74,Palestinian conflict,0,yes,yes,1
4206,1999-12-02,1999,1997-2008,0,54,R/54/75,Palestinian conflict,0,yes,yes,1
4207,1999-12-02,1999,1997-2008,0,54,R/54/76,Colonialism; Human rights; Palestinian conflict,0,yes,yes,1
4208,1999-12-02,1999,1997-2008,0,54,R/54/77,Colonialism; Palestinian conflict,0,yes,yes,1
4209,1999-12-02,1999,1997-2008,0,54,R/54/78,Palestinian conflict,0,yes,yes,1
4210,1999-12-02,1999,1997-2008,0,54,R/54/79,Colonialism; Human rights; Palestinian conflict,0,yes,yes,1
4211,1999-12-02,1999,1997-2008,0,54,R/54/80,Palestinian conflict,0,yes,yes,1
4212,1999-12-02,1999,1997-2008,0,54,R/54/83,Colonialism,0,yes,yes,1
4213,1999-12-02,1999,1997-2008,0,54,R/54/84,Colonialism; Economic development,0,yes,yes,1
4214,1999-12-02,1999,1997-2008,0,54,R/54/85,Colonialism,0,yes,yes,1
4215,1999-12-02,1999,1997-2008,0,54,R/54/91,Colonialism,0,yes,yes,1
4216,1999-12-02,1999,1997-2008,0,54,R/54/92,Colonialism,0,yes,yes,1
4172,1999-12-04,1999,1997-2008,0,54,R/54/37,Arms control and disarmament; Palestinian conflict,0,yes,yes,1
4173,1999-12-04,1999,1997-2008,0,54,R/54/38,Palestinian conflict,0,abstain,yes,0
4174,1999-12-04,1999,1997-2008,0,54,R/54/39,Human rights; Palestinian conflict,0,yes,yes,1
4175,1999-12-04,1999,1997-2008,0,54,R/54/40,Human rights; Palestinian conflict,0,yes,yes,1
4176,1999-12-04,1999,1997-2008,0,54,R/54/41,Human rights; Palestinian conflict,0,yes,yes,1
4177,1999-12-04,1999,1997-2008,0,54,R/54/42,Palestinian conflict,0,yes,yes,1
4178,1999-12-04,1999,1997-2008,0,54,R/54/47,Sem codificacao tematica,0,yes,yes,1
4179,1999-12-04,1999,1997-2008,0,54,R/54/50,Arms control and disarmament,0,abstain,yes,0
4180,1999-12-04,1999,1997-2008,0,54,R/54/52,Arms control and disarmament; Nuclear weapons and nuclear material,0,yes,yes,1
4181,1999-12-04,1999,1997-2008,0,54,R/54/53,Arms control and disarmament,0,yes,yes,1
4182,1999-12-04,1999,1997-2008,0,54,R/54/54A,Sem codificacao tematica,1,abstain,yes,0
4183,1999-12-04,1999,1997-2008,0,54,R/54/54B,Arms control and disarmament,0,yes,abstain,0
4184,1999-12-04,1999,1997-2008,0,54,R/54/54D,Arms control and disarmament; Nuclear weapons and nuclear material,1,yes,abstain,0
4185,1999-12-04,1999,1997-2008,0,54,R/54/54F,Arms control and disarmament,0,abstain,yes,0
4186,1999-12-04,1999,1997-2008,0,54,R/54/54G,Nuclear weapons and nuclear material,1,yes,abstain,0
4187,1999-12-04,1999,1997-2008,0,54,R/54/54I,Arms control and disarmament; Colonialism,0,yes,abstain,0
4188,1999-12-04,1999,1997-2008,0,54,R/54/54K,Nuclear weapons and nuclear material,0,abstain,abstain,1
4189,1999-12-04,1999,1997-2008,0,54,R/54/54L,Nuclear weapons and nuclear material,0,yes,yes,1
4190,1999-12-04,1999,1997-2008,0,54,R/54/54M,Arms control and disarmament,0,yes,yes,1
4191,1999-12-04,1999,1997-2008,0,54,R/54/54O,Arms control and disarmament; Colonialism,0,yes,abstain,0
4192,1999-12-04,1999,1997-2008,0,54,R/54/54P,Arms control and disarmament; Nuclear weapons and nuclear material,0,yes,yes,1
4193,1999-12-04,1999,1997-2008,0,54,R/54/54Q,Arms control and disarmament; Nuclear weapons and nuclear material,0,yes,yes,1
4194,1999-12-04,1999,1997-2008,0,54,R/54/54S,Arms control and disarmament,0,yes,yes,1
4195,1999-12-04,1999,1997-2008,0,54,R/54/54V,Arms control and disarmament,1,yes,yes,1
4196,1999-12-04,1999,1997-2008,0,54,R/54/55D,Arms control and disarmament; Nuclear weapons and nuclear material,0,yes,abstain,0
4197,1999-12-04,1999,1997-2008,0,54,R/54/57,Arms control and disarmament; Nuclear weapons and nuclear material; Palestinian conflict,1,yes,yes,1
4199,1999-12-04,1999,1997-2008,0,54,R/54/62,Economic development,0,yes,abstain,0
4200,1999-12-04,1999,1997-2008,0,54,R/54/63,Nuclear weapons and nuclear material,0,yes,yes,1
4218,1999-12-04,1999,1997-2008,0,54,R/54/117,Sem codificacao tematica,0,yes,abstain,0
4234,1999-12-04,1999,1997-2008,0,54,R/54/197,Economic development,1,yes,yes,1
4235,1999-12-04,1999,1997-2008,0,54,R/54/200,Economic development,0,yes,yes,1
4236,1999-12-04,1999,1997-2008,0,54,R/54/230,Palestinian conflict,0,yes,yes,1
4217,1999-12-05,1999,1997-2008,0,54,R/54/110,Sem codificacao tematica,1,yes,yes,1
4219,1999-12-06,1999,1997-2008,0,54,R/54/151,Colonialism; Human rights,0,yes,yes,1
4220,1999-12-06,1999,1997-2008,0,54,R/54/152,Colonialism; Human rights; Palestinian conflict,0,yes,yes,1
4221,1999-12-06,1999,1997-2008,0,54,R/54/164,Human rights,0,yes,yes,1
4222,1999-12-06,1999,1997-2008,0,54,R/54/165,Human rights,0,yes,yes,1
4223,1999-12-06,1999,1997-2008,0,54,R/54/168,Sem codificacao tematica,0,abstain,yes,0
4224,1999-12-06,1999,1997-2008,0,54,R/54/169,Human rights,0,yes,yes,1
4225,1999-12-06,1999,1997-2008,0,54,R/54/172,Human rights,0,yes,yes,1
4226,1999-12-06,1999,1997-2008,0,54,R/54/173,Sem codificacao tematica,0,yes,abstain,0
4227,1999-12-06,1999,1997-2008,0,54,R/54/175,Economic development; Human rights,0,yes,yes,1
4228,1999-12-06,1999,1997-2008,0,54,R/54/177,Human rights,1,yes,no,0
4229,1999-12-06,1999,1997-2008,0,54,R/54/178,Human rights,1,yes,abstain,0
4230,1999-12-06,1999,1997-2008,0,54,R/54/179,Human rights,0,yes,no,0
4231,1999-12-06,1999,1997-2008,0,54,R/54/182,Human rights,0,yes,no,0
4232,1999-12-06,1999,1997-2008,0,54,R/54/183,Human rights,1,yes,abstain,0
4233,1999-12-06,1999,1997-2008,0,54,R/54/184,Human rights,1,yes,abstain,0
5655,1999-12-17,1999,1997-2008,0,54,R/54/173,Sem codificacao tematica,,yes,abstain,0
5656,1999-12-17,1999,1997-2008,0,54,R/54/175,Economic development; Human rights,,yes,yes,1
5657,1999-12-17,1999,1997-2008,0,54,R/54/175,Sem codificacao tematica,,yes,yes,1
5658,1999-12-17,1999,1997-2008,0,54,R/54/175,Sem codificacao tematica,,yes,yes,1
5659,1999-12-17,1999,1997-2008,0,54,R/54/175,Sem codificacao tematica,,yes,yes,1
5660,1999-12-17,1999,1997-2008,0,54,R/54/175,Sem codificacao tematica,,yes,yes,1
5661,1999-12-17,1999,1997-2008,0,54,R/54/175,Sem codificacao tematica,,yes,yes,1
5662,1999-12-17,1999,1997-2008,0,54,R/54/175,Sem codificacao tematica,,yes,yes,1
5663,1999-12-17,1999,1997-2008,0,54,R/54/178,Sem codificacao tematica,,yes,abstain,0
4237,2000-06-06,2000,1997-2008,0,54,R/54/267,Palestinian conflict,0,yes,yes,1
5664,2000-06-15,2000,1997-2008,0,54,R/54/267,Palestinian conflict,,yes,yes,1
4239,2000-10-03,2000,1997-2008,0,55,R/55/7,Sem codificacao tematica,0,yes,yes,1
4240,2000-10-03,2000,1997-2008,0,55,R/55/8,Sem codificacao tematica,0,yes,yes,1
4238,2000-10-05,2000,1997-2008,0,55,R/55/6,Economic development,0,yes,yes,1
4242,2000-11-03,2000,1997-2008,0,55,R/55/29,Arms control and disarmament,0,abstain,yes,0
4243,2000-11-03,2000,1997-2008,0,55,R/55/31,Arms control and disarmament; Nuclear weapons and nuclear material,0,yes,yes,1
4244,2000-11-03,2000,1997-2008,0,55,R/55/32,Arms control and disarmament,0,yes,yes,1
4245,2000-11-03,2000,1997-2008,0,55,R/55/33A,Arms control and disarmament,0,abstain,yes,0
4246,2000-11-03,2000,1997-2008,0,55,R/55/33B,Sem codificacao tematica,1,abstain,yes,0
4247,2000-11-03,2000,1997-2008,0,55,R/55/33C,Nuclear weapons and nuclear material,1,yes,yes,1
4248,2000-11-03,2000,1997-2008,0,55,R/55/33D,Arms control and disarmament; Nuclear weapons and nuclear material,0,yes,yes,1
4249,2000-11-03,2000,1997-2008,0,55,R/55/33I,Nuclear weapons and nuclear material,0,yes,yes,1
4250,2000-11-03,2000,1997-2008,0,55,R/55/33J,Sem codificacao tematica,0,yes,yes,1
4251,2000-11-03,2000,1997-2008,0,55,R/55/33K,Arms control and disarmament,0,yes,yes,1
4252,2000-11-03,2000,1997-2008,0,55,R/55/33N,Nuclear weapons and nuclear material,1,abstain,abstain,1
4253,2000-11-03,2000,1997-2008,0,55,R/55/33P,Arms control and disarmament,0,yes,yes,1
4254,2000-11-03,2000,1997-2008,0,55,R/55/33R,Arms control and disarmament; Nuclear weapons and nuclear material,0,yes,abstain,0
4255,2000-11-03,2000,1997-2008,0,55,R/55/33T,Arms control and disarmament; Nuclear weapons and nuclear material,0,yes,yes,1
4256,2000-11-03,2000,1997-2008,0,55,R/55/33U,Arms control and disarmament; Colonialism,0,yes,abstain,0
4257,2000-11-03,2000,1997-2008,0,55,R/55/33V,Arms control and disarmament,0,yes,abstain,0
4258,2000-11-03,2000,1997-2008,0,55,R/55/33X,Arms control and disarmament; Nuclear weapons and nuclear material,0,yes,yes,1
4259,2000-11-03,2000,1997-2008,0,55,R/55/34G,Arms control and disarmament; Nuclear weapons and nuclear material,0,yes,abstain,0
4260,2000-11-03,2000,1997-2008,0,55,R/55/36,Arms control and disarmament; Nuclear weapons and nuclear material; Palestinian conflict,1,yes,yes,1
4261,2000-11-03,2000,1997-2008,0,55,R/55/41,Nuclear weapons and nuclear material,0,yes,yes,1
4262,2000-11-05,2000,1997-2008,0,55,R/55/49,Sem codificacao tematica,0,yes,yes,1
4241,2000-11-06,2000,1997-2008,0,55,R/55/20,Economic development,1,yes,yes,1
5665,2000-11-20,2000,1997-2008,0,55,R/55/33C,Nuclear weapons and nuclear material,,yes,yes,1
5666,2000-11-20,2000,1997-2008,0,55,R/55/33C,Sem codificacao tematica,,yes,yes,1
5668,2000-11-20,2000,1997-2008,0,55,R/55/33T,Nuclear weapons and nuclear material,,yes,yes,1
5669,2000-11-20,2000,1997-2008,0,55,R/55/33U,Sem codificacao tematica,,yes,abstain,0
5670,2000-11-20,2000,1997-2008,0,55,R/55/33U,Sem codificacao tematica,,yes,abstain,0
5671,2000-11-20,2000,1997-2008,0,55,R/55/33U,Sem codificacao tematica,,yes,abstain,0
4269,2000-12-03,2000,1997-2008,0,55,R/55/66,Sem codificacao tematica,1,yes,abstain,0
4270,2000-12-03,2000,1997-2008,0,55,R/55/86,Colonialism; Human rights,0,yes,yes,1
4271,2000-12-03,2000,1997-2008,0,55,R/55/87,Colonialism; Human rights; Palestinian conflict,0,yes,yes,1
4272,2000-12-03,2000,1997-2008,0,55,R/55/92,Human rights,0,yes,yes,1
4273,2000-12-03,2000,1997-2008,0,55,R/55/96,Sem codificacao tematica,1,yes,abstain,0
4274,2000-12-03,2000,1997-2008,0,55,R/55/100,Human rights,0,yes,yes,1
4275,2000-12-03,2000,1997-2008,0,55,R/55/101,Human rights,0,abstain,yes,0
4276,2000-12-03,2000,1997-2008,0,55,R/55/102,Human rights,1,yes,yes,1
4277,2000-12-03,2000,1997-2008,0,55,R/55/107,Sem codificacao tematica,0,yes,yes,1
4278,2000-12-03,2000,1997-2008,0,55,R/55/110,Human rights,0,yes,yes,1
4279,2000-12-03,2000,1997-2008,0,55,R/55/114,Human rights,1,abstain,no,0
4280,2000-12-03,2000,1997-2008,0,55,R/55/115,Human rights,1,yes,abstain,0
4281,2000-12-03,2000,1997-2008,0,55,R/55/116,Human rights,0,yes,no,0
4282,2000-12-03,2000,1997-2008,0,55,R/55/117,Human rights,0,yes,abstain,0
4300,2000-12-04,2000,1997-2008,0,55,R/55/158,Sem codificacao tematica,0,yes,yes,1
4301,2000-12-04,2000,1997-2008,0,55,R/55/179,Sem codificacao tematica,0,yes,yes,1
4302,2000-12-04,2000,1997-2008,0,55,R/55/180A,Palestinian conflict,0,yes,yes,1
5672,2000-12-04,2000,1997-2008,0,55,R/55/74,Sem codificacao tematica,,yes,yes,1
4304,2000-12-05,2000,1997-2008,0,55,R/55/209,Palestinian conflict,0,yes,yes,1
4263,2000-12-07,2000,1997-2008,0,55,R/55/50,Arms control and disarmament; Palestinian conflict,0,yes,yes,1
4264,2000-12-07,2000,1997-2008,0,55,R/55/51,Palestinian conflict,0,abstain,yes,0
4265,2000-12-07,2000,1997-2008,0,55,R/55/52,Human rights; Palestinian conflict,0,yes,yes,1
4266,2000-12-07,2000,1997-2008,0,55,R/55/53,Human rights; Palestinian conflict,0,yes,yes,1
4267,2000-12-07,2000,1997-2008,0,55,R/55/54,Human rights; Palestinian conflict,0,yes,yes,1
4268,2000-12-07,2000,1997-2008,0,55,R/55/55,Palestinian conflict,0,yes,yes,1
4283,2000-12-07,2000,1997-2008,0,55,R/55/123,Palestinian conflict,0,yes,yes,1
4284,2000-12-07,2000,1997-2008,0,55,R/55/125,Colonialism; Human rights; Palestinian conflict,0,yes,yes,1
4285,2000-12-07,2000,1997-2008,0,55,R/55/126,Palestinian conflict,0,yes,yes,1
4286,2000-12-07,2000,1997-2008,0,55,R/55/127,Palestinian conflict,0,yes,yes,1
4287,2000-12-07,2000,1997-2008,0,55,R/55/128,Palestinian conflict,0,yes,yes,1
4288,2000-12-07,2000,1997-2008,0,55,R/55/129,Palestinian conflict,0,yes,yes,1
4289,2000-12-07,2000,1997-2008,0,55,R/55/130,Colonialism; Human rights; Palestinian conflict,0,yes,yes,1
4290,2000-12-07,2000,1997-2008,0,55,R/55/131,Colonialism; Palestinian conflict,0,yes,yes,1
4291,2000-12-07,2000,1997-2008,0,55,R/55/132,Palestinian conflict,0,yes,yes,1
4292,2000-12-07,2000,1997-2008,0,55,R/55/133,Colonialism; Human rights; Palestinian conflict,0,yes,yes,1
4293,2000-12-07,2000,1997-2008,0,55,R/55/134,Palestinian conflict,0,yes,yes,1
4294,2000-12-07,2000,1997-2008,0,55,R/55/137,Colonialism,0,yes,yes,1
4295,2000-12-07,2000,1997-2008,0,55,R/55/138,Colonialism; Economic development,0,yes,yes,1
4296,2000-12-07,2000,1997-2008,0,55,R/55/139,Colonialism,0,yes,yes,1
4297,2000-12-07,2000,1997-2008,0,55,R/55/145,Colonialism,0,yes,yes,1
4298,2000-12-07,2000,1997-2008,0,55,R/55/146,Colonialism,0,yes,yes,1
4299,2000-12-07,2000,1997-2008,0,55,R/55/147,Colonialism,0,yes,yes,1
5673,2000-12-19,2000,1997-2008,0,55,R/55/179,Sem codificacao tematica,,abstain,yes,0
4303,2001-06-06,2001,1997-2008,0,55,R/55/180B,Palestinian conflict,0,yes,yes,1
5674,2001-06-14,2001,1997-2008,0,55,R/55/180B,Palestinian conflict,,yes,yes,1
4306,2001-11-04,2001,1997-2008,0,56,R/56/9,Economic development,1,yes,yes,1
4305,2001-11-05,2001,1997-2008,0,56,R/56/7,Sem codificacao tematica,0,yes,yes,1
4307,2001-11-05,2001,1997-2008,0,56,R/56/12,Sem codificacao tematica,0,yes,yes,1
4308,2001-11-06,2001,1997-2008,0,56,R/56/16,Sem codificacao tematica,0,yes,yes,1
4309,2001-11-06,2001,1997-2008,0,56,R/56/20,Arms control and disarmament,0,abstain,yes,0
4310,2001-11-06,2001,1997-2008,0,56,R/56/22,Arms control and disarmament; Nuclear weapons and nuclear material,0,yes,yes,1
4311,2001-11-06,2001,1997-2008,0,56,R/56/23,Arms control and disarmament,0,yes,yes,1
4312,2001-11-06,2001,1997-2008,0,56,R/56/24A,Sem codificacao tematica,1,abstain,yes,0
4313,2001-11-06,2001,1997-2008,0,56,R/56/24B,Arms control and disarmament,0,yes,yes,1
4314,2001-11-06,2001,1997-2008,0,56,R/56/24C,Nuclear weapons and nuclear material,0,abstain,abstain,1
4315,2001-11-06,2001,1997-2008,0,56,R/56/24F,Arms control and disarmament,0,yes,yes,1
4316,2001-11-06,2001,1997-2008,0,56,R/56/24G,Nuclear weapons and nuclear material,0,yes,yes,1
4317,2001-11-06,2001,1997-2008,0,56,R/56/24I,Arms control and disarmament,0,yes,yes,1
4318,2001-11-06,2001,1997-2008,0,56,R/56/24M,Arms control and disarmament,0,yes,abstain,0
4319,2001-11-06,2001,1997-2008,0,56,R/56/24N,Arms control and disarmament; Nuclear weapons and nuclear material,0,abstain,abstain,1
4320,2001-11-06,2001,1997-2008,0,56,R/56/24O,Arms control and disarmament; Nuclear weapons and nuclear material,0,yes,yes,1
4321,2001-11-06,2001,1997-2008,0,56,R/56/24Q,Arms control and disarmament; Colonialism,0,yes,abstain,0
4322,2001-11-06,2001,1997-2008,0,56,R/56/24R,Arms control and disarmament; Nuclear weapons and nuclear material,1,yes,yes,1
4323,2001-11-06,2001,1997-2008,0,56,R/56/24S,Arms control and disarmament; Nuclear weapons and nuclear material,0,yes,yes,1
4324,2001-11-06,2001,1997-2008,0,56,R/56/25B,Arms control and disarmament; Nuclear weapons and nuclear material,0,yes,abstain,0
4325,2001-11-06,2001,1997-2008,0,56,R/56/27,Arms control and disarmament; Nuclear weapons and nuclear material; Palestinian conflict,1,yes,yes,1
5675,2001-11-21,2001,1997-2008,0,56,R/56/7,Sem codificacao tematica,,yes,yes,1
5676,2001-11-29,2001,1997-2008,0,56,,Sem codificacao tematica,,abstain,abstain,1
5677,2001-11-29,2001,1997-2008,0,56,R/56/24G,Nuclear weapons and nuclear material,,yes,yes,1
5678,2001-11-29,2001,1997-2008,0,56,R/56/24G,Sem codificacao tematica,,yes,yes,1
5679,2001-11-29,2001,1997-2008,0,56,R/56/24Q,Sem codificacao tematica,,yes,abstain,0
5680,2001-11-29,2001,1997-2008,0,56,R/56/24Q,Sem codificacao tematica,,yes,abstain,0
5681,2001-11-29,2001,1997-2008,0,56,R/56/24R,Nuclear weapons and nuclear material,,yes,yes,1
5682,2001-11-29,2001,1997-2008,0,56,R/56/24S,Arms control and disarmament; Nuclear weapons and nuclear material,,yes,yes,1
5683,2001-11-29,2001,1997-2008,0,56,R/56/27,Arms control and disarmament; Nuclear weapons and nuclear material,,yes,yes,1
4326,2001-12-03,2001,1997-2008,0,56,R/56/31,Arms control and disarmament; Palestinian conflict,0,yes,yes,1
4327,2001-12-03,2001,1997-2008,0,56,R/56/32,Palestinian conflict,0,abstain,yes,0
4328,2001-12-03,2001,1997-2008,0,56,R/56/33,Human rights; Palestinian conflict,0,yes,yes,1
4329,2001-12-03,2001,1997-2008,0,56,R/56/34,Human rights; Palestinian conflict,0,yes,yes,1
4330,2001-12-03,2001,1997-2008,0,56,R/56/35,Human rights; Palestinian conflict,0,yes,yes,1
4331,2001-12-03,2001,1997-2008,0,56,R/56/36,Palestinian conflict,1,yes,yes,1
4333,2001-12-03,2001,1997-2008,0,56,R/56/52,Palestinian conflict,0,yes,yes,1
4334,2001-12-03,2001,1997-2008,0,56,R/56/54,Colonialism; Human rights; Palestinian conflict,0,yes,yes,1
4335,2001-12-03,2001,1997-2008,0,56,R/56/55,Palestinian conflict,0,yes,yes,1
4336,2001-12-03,2001,1997-2008,0,56,R/56/56,Palestinian conflict,0,yes,yes,1
4337,2001-12-03,2001,1997-2008,0,56,R/56/57,Palestinian conflict,0,yes,yes,1
4338,2001-12-03,2001,1997-2008,0,56,R/56/58,Palestinian conflict,0,yes,yes,1
4339,2001-12-03,2001,1997-2008,0,56,R/56/59,Colonialism; Human rights; Palestinian conflict,0,yes,yes,1
4340,2001-12-03,2001,1997-2008,0,56,R/56/60,Colonialism; Palestinian conflict,0,yes,yes,1
4341,2001-12-03,2001,1997-2008,0,56,R/56/61,Palestinian conflict,0,yes,yes,1
4342,2001-12-03,2001,1997-2008,0,56,R/56/62,Colonialism; Human rights; Palestinian conflict,0,yes,yes,1
4343,2001-12-03,2001,1997-2008,0,56,R/56/63,Palestinian conflict,0,yes,yes,1
4344,2001-12-03,2001,1997-2008,0,56,R/56/65,Colonialism,0,yes,yes,1
4345,2001-12-03,2001,1997-2008,0,56,R/56/66,Colonialism; Economic development,0,yes,yes,1
4346,2001-12-03,2001,1997-2008,0,56,R/56/67,Colonialism,0,yes,yes,1
4347,2001-12-03,2001,1997-2008,0,56,R/56/73,Colonialism,0,yes,yes,1
4348,2001-12-03,2001,1997-2008,0,56,R/56/74,Colonialism,0,yes,yes,1
4370,2001-12-03,2001,1997-2008,0,56,R/56/232,Colonialism; Human rights,0,yes,yes,1
4350,2001-12-05,2001,1997-2008,0,56,R/56/142,Colonialism; Human rights; Palestinian conflict,0,yes,yes,1
4351,2001-12-05,2001,1997-2008,0,56,R/56/146,Human rights,0,abstain,yes,0
4352,2001-12-05,2001,1997-2008,0,56,R/56/148,Human rights,1,yes,yes,1
4353,2001-12-05,2001,1997-2008,0,56,R/56/150,Economic development; Human rights,0,yes,yes,1
4354,2001-12-05,2001,1997-2008,0,56,R/56/151,Sem codificacao tematica,0,yes,yes,1
4355,2001-12-05,2001,1997-2008,0,56,R/56/152,Human rights,0,abstain,yes,0
4356,2001-12-05,2001,1997-2008,0,56,R/56/154,Human rights,0,yes,yes,1
4357,2001-12-05,2001,1997-2008,0,56,R/56/155,Human rights,0,yes,yes,1
4358,2001-12-05,2001,1997-2008,0,56,R/56/159,Sem codificacao tematica,0,yes,abstain,0
4359,2001-12-05,2001,1997-2008,0,56,R/56/160,Human rights,0,yes,yes,1
4360,2001-12-05,2001,1997-2008,0,56,R/56/165,Human rights,1,yes,yes,1
4361,2001-12-05,2001,1997-2008,0,56,R/56/171,Human rights,1,abstain,no,0
4362,2001-12-05,2001,1997-2008,0,56,R/56/173,Human rights,1,yes,abstain,0
4363,2001-12-05,2001,1997-2008,0,56,R/56/174,Human rights,1,yes,abstain,0
4364,2001-12-05,2001,1997-2008,0,56,R/56/175,Human rights,0,yes,no,0
4332,2001-12-07,2001,1997-2008,0,56,R/56/49,Nuclear weapons and nuclear material,0,yes,yes,1
4349,2001-12-07,2001,1997-2008,0,56,R/56/94,Sem codificacao tematica,0,yes,yes,1
4365,2001-12-07,2001,1997-2008,0,56,R/56/179,Economic development,0,yes,yes,1
4366,2001-12-07,2001,1997-2008,0,56,R/56/204,Palestinian conflict,0,yes,yes,1
4367,2001-12-07,2001,1997-2008,0,56,R/56/214A,Palestinian conflict,0,yes,yes,1
4368,2001-12-07,2001,1997-2008,0,56,R/56/214B,Palestinian conflict,0,yes,yes,1
4369,2001-12-07,2001,1997-2008,0,56,R/56/216,Sem codificacao tematica,0,yes,yes,1
5685,2001-12-14,2001,1997-2008,0,56,R/56/94,Sem codificacao tematica,,yes,yes,1
5686,2001-12-14,2001,1997-2008,0,56,R/56/94,Sem codificacao tematica,,yes,yes,1
5687,2001-12-14,2001,1997-2008,0,56,R/56/94,Sem codificacao tematica,,yes,yes,1
5688,2001-12-14,2001,1997-2008,0,56,R/56/94,Sem codificacao tematica,,yes,yes,1
5690,2001-12-21,2001,1997-2008,0,56,R/56/214,Palestinian conflict,,yes,yes,1
5691,2001-12-21,2001,1997-2008,0,56,R/56/216,Sem codificacao tematica,,abstain,yes,0
4371,2002-03-05,2002,1997-2008,0,56,R/56/266,Human rights,0,yes,yes,1
4372,2002-09-03,2002,1997-2008,0,57,R/57/5,Economic development,0,yes,yes,1
4373,2002-11-03,2002,1997-2008,0,57,R/57/9,Sem codificacao tematica,1,yes,yes,1
4374,2002-11-04,2002,1997-2008,0,57,R/57/11,Economic development,1,yes,yes,1
4375,2002-11-06,2002,1997-2008,0,57,R/57/49,Nuclear weapons and nuclear material,0,yes,yes,1
4376,2002-11-07,2002,1997-2008,0,57,R/57/54,Arms control and disarmament,0,abstain,yes,0
4377,2002-11-07,2002,1997-2008,0,57,R/57/56,Arms control and disarmament; Nuclear weapons and nuclear material,0,yes,yes,1
4378,2002-11-07,2002,1997-2008,0,57,R/57/57,Arms control and disarmament,0,yes,yes,1
4380,2002-11-07,2002,1997-2008,0,57,R/57/59,Nuclear weapons and nuclear material,0,yes,yes,1
4381,2002-11-07,2002,1997-2008,0,57,R/57/62,Sem codificacao tematica,0,yes,yes,1
4382,2002-11-07,2002,1997-2008,0,57,R/57/63,Arms control and disarmament,0,yes,yes,1
4383,2002-11-07,2002,1997-2008,0,57,R/57/64,Arms control and disarmament,0,yes,yes,1
4384,2002-11-07,2002,1997-2008,0,57,R/57/65,Arms control and disarmament; Economic development,0,yes,yes,1
4385,2002-11-07,2002,1997-2008,0,57,R/57/66,Arms control and disarmament,1,yes,yes,1
4386,2002-11-07,2002,1997-2008,0,57,R/57/71,Arms control and disarmament,0,yes,yes,1
4387,2002-11-07,2002,1997-2008,0,57,R/57/73,Nuclear weapons and nuclear material,0,yes,yes,1
4388,2002-11-07,2002,1997-2008,0,57,R/57/74,Arms control and disarmament,0,yes,abstain,0
4389,2002-11-07,2002,1997-2008,0,57,R/57/75,Arms control and disarmament; Colonialism,0,yes,abstain,0
4390,2002-11-07,2002,1997-2008,0,57,R/57/77,Arms control and disarmament,0,yes,yes,1
4391,2002-11-07,2002,1997-2008,0,57,R/57/78,Arms control and disarmament; Nuclear weapons and nuclear material,1,abstain,abstain,1
4392,2002-11-07,2002,1997-2008,0,57,R/57/79,Arms control and disarmament; Nuclear weapons and nuclear material,0,yes,yes,1
4393,2002-11-07,2002,1997-2008,0,57,R/57/84,Nuclear weapons and nuclear material,0,abstain,abstain,1
4394,2002-11-07,2002,1997-2008,0,57,R/57/85,Arms control and disarmament; Nuclear weapons and nuclear material,0,yes,yes,1
4395,2002-11-07,2002,1997-2008,0,57,R/57/94,Arms control and disarmament; Nuclear weapons and nuclear material,0,yes,yes,1
4396,2002-11-07,2002,1997-2008,0,57,R/57/97,Arms control and disarmament; Nuclear weapons and nuclear material; Palestinian conflict,1,yes,yes,1
4397,2002-11-07,2002,1997-2008,0,57,R/57/100,Nuclear weapons and nuclear material,0,yes,yes,1
5693,2002-11-11,2002,1997-2008,0,57,R/57/9,Sem codificacao tematica,,yes,yes,1
5694,2002-11-11,2002,1997-2008,0,57,R/57/9,Sem codificacao tematica,,yes,yes,1
5696,2002-11-22,2002,1997-2008,0,57,R/57/59,Nuclear weapons and nuclear material,,yes,yes,1
5697,2002-11-22,2002,1997-2008,0,57,R/57/73,Nuclear weapons and nuclear material,,yes,yes,1
5698,2002-11-22,2002,1997-2008,0,57,R/57/75,Sem codificacao tematica,,yes,abstain,0
5699,2002-11-22,2002,1997-2008,0,57,R/57/75,Sem codificacao tematica,,yes,abstain,0
5700,2002-11-22,2002,1997-2008,0,57,R/57/78,Arms control and disarmament; Nuclear weapons and nuclear material,,abstain,abstain,1
5701,2002-11-22,2002,1997-2008,0,57,R/57/79,Nuclear weapons and nuclear material,,yes,yes,1
5702,2002-11-22,2002,1997-2008,0,57,R/57/84,Arms control and disarmament; Economic development; Nuclear weapons and nuclear material,,abstain,abstain,1
5703,2002-11-22,2002,1997-2008,0,57,R/57/85,Arms control and disarmament; Nuclear weapons and nuclear material,,yes,yes,1
5704,2002-11-22,2002,1997-2008,0,57,R/57/97,Arms control and disarmament; Nuclear weapons and nuclear material,,yes,yes,1
4421,2002-12-03,2002,1997-2008,0,57,R/57/156,Sem codificacao tematica,0,yes,yes,1
4398,2002-12-04,2002,1997-2008,0,57,R/57/107,Human rights; Palestinian conflict,0,yes,yes,1
4399,2002-12-04,2002,1997-2008,0,57,R/57/108,Human rights; Palestinian conflict,0,yes,yes,1
4400,2002-12-04,2002,1997-2008,0,57,R/57/109,Human rights; Palestinian conflict,0,yes,yes,1
4401,2002-12-04,2002,1997-2008,0,57,R/57/110,Palestinian conflict,0,yes,yes,1
4402,2002-12-04,2002,1997-2008,0,57,R/57/111,Arms control and disarmament; Palestinian conflict,0,yes,yes,1
4403,2002-12-04,2002,1997-2008,0,57,R/57/112,Palestinian conflict,0,abstain,yes,0
4404,2002-12-05,2002,1997-2008,0,57,R/57/117,Palestinian conflict,0,yes,yes,1
4405,2002-12-05,2002,1997-2008,0,57,R/57/119,Colonialism; Human rights; Palestinian conflict,0,yes,yes,1
4406,2002-12-05,2002,1997-2008,0,57,R/57/120,Palestinian conflict,0,yes,yes,1
4407,2002-12-05,2002,1997-2008,0,57,R/57/121,Palestinian conflict,0,yes,yes,1
4408,2002-12-05,2002,1997-2008,0,57,R/57/122,Palestinian conflict,0,yes,yes,1
4409,2002-12-05,2002,1997-2008,0,57,R/57/123,Palestinian conflict,0,yes,yes,1
4410,2002-12-05,2002,1997-2008,0,57,R/57/124,Colonialism; Human rights; Palestinian conflict,1,yes,yes,1
4411,2002-12-05,2002,1997-2008,0,57,R/57/125,Colonialism; Palestinian conflict,0,yes,yes,1
4412,2002-12-05,2002,1997-2008,0,57,R/57/126,Palestinian conflict,0,yes,yes,1
4413,2002-12-05,2002,1997-2008,0,57,R/57/127,Colonialism; Human rights; Palestinian conflict,0,yes,yes,1
4414,2002-12-05,2002,1997-2008,0,57,R/57/128,Palestinian conflict,0,yes,yes,1
4415,2002-12-05,2002,1997-2008,0,57,R/57/131,Colonialism,0,yes,yes,1
4416,2002-12-05,2002,1997-2008,0,57,R/57/132,Colonialism; Economic development,0,yes,yes,1
4417,2002-12-05,2002,1997-2008,0,57,R/57/133,Colonialism,0,yes,yes,1
4418,2002-12-05,2002,1997-2008,0,57,R/57/139,Colonialism,0,yes,yes,1
4419,2002-12-05,2002,1997-2008,0,57,R/57/140,Colonialism,0,yes,yes,1
4422,2002-12-05,2002,1997-2008,0,57,R/57/175,Sem codificacao tematica,1,yes,yes,1
4423,2002-12-05,2002,1997-2008,0,57,R/57/188,Palestinian conflict,0,yes,yes,1
4424,2002-12-05,2002,1997-2008,0,57,R/57/190,Human rights,1,yes,yes,1
4425,2002-12-05,2002,1997-2008,0,57,R/57/195,Human rights,1,yes,yes,1
4426,2002-12-05,2002,1997-2008,0,57,R/57/196,Colonialism; Human rights,0,yes,yes,1
4427,2002-12-05,2002,1997-2008,0,57,R/57/198,Palestinian conflict,0,yes,yes,1
4428,2002-12-05,2002,1997-2008,0,57,R/57/199,Sem codificacao tematica,1,yes,abstain,0
4429,2002-12-05,2002,1997-2008,0,57,R/57/205,Human rights,1,yes,yes,1
4430,2002-12-05,2002,1997-2008,0,57,R/57/213,Sem codificacao tematica,0,yes,yes,1
4431,2002-12-05,2002,1997-2008,0,57,R/57/214,Sem codificacao tematica,0,yes,abstain,0
4432,2002-12-05,2002,1997-2008,0,57,R/57/216,Human rights,0,abstain,yes,0
4433,2002-12-05,2002,1997-2008,0,57,R/57/217,Human rights,0,abstain,yes,0
4434,2002-12-05,2002,1997-2008,0,57,R/57/222,Human rights,0,yes,yes,1
4435,2002-12-05,2002,1997-2008,0,57,R/57/223,Economic development; Human rights,0,yes,yes,1
4436,2002-12-05,2002,1997-2008,0,57,R/57/226,Human rights,0,yes,yes,1
4437,2002-12-05,2002,1997-2008,0,57,R/57/227,Human rights,0,yes,yes,1
4438,2002-12-05,2002,1997-2008,0,57,R/57/228,Sem codificacao tematica,0,yes,yes,1
4439,2002-12-05,2002,1997-2008,0,57,R/57/230,Human rights,1,yes,no,0
4440,2002-12-05,2002,1997-2008,0,57,R/57/232,Human rights,1,yes,abstain,0
4441,2002-12-05,2002,1997-2008,0,57,R/57/233,Human rights,1,yes,abstain,0
4420,2002-12-06,2002,1997-2008,0,57,R/57/141,Sem codificacao tematica,0,yes,yes,1
4442,2002-12-07,2002,1997-2008,0,57,R/57/269,Palestinian conflict,0,yes,yes,1
4443,2002-12-07,2002,1997-2008,0,57,R/57/298,Sem codificacao tematica,0,yes,yes,1
5705,2002-12-16,2002,1997-2008,0,57,R/57/156,Sem codificacao tematica,,yes,yes,1
5706,2002-12-16,2002,1997-2008,0,57,R/57/156,Sem codificacao tematica,,yes,abstain,0
5707,2002-12-16,2002,1997-2008,0,57,R/57/156,Sem codificacao tematica,,yes,abstain,0
5708,2002-12-18,2002,1997-2008,0,57,R/57/189,Sem codificacao tematica,,yes,yes,1
5709,2002-12-18,2002,1997-2008,0,57,R/57/194,Human rights,,yes,yes,1
5710,2002-12-18,2002,1997-2008,0,57,R/57/214,Sem codificacao tematica,,yes,no,0
5711,2002-12-18,2002,1997-2008,0,57,R/57/214,Sem codificacao tematica,,yes,abstain,0
5712,2002-12-18,2002,1997-2008,0,57,R/57/214,Sem codificacao tematica,,yes,no,0
5713,2002-12-18,2002,1997-2008,0,57,R/57/214,Sem codificacao tematica,,yes,no,0
5714,2002-12-18,2002,1997-2008,0,57,R/57/214,Sem codificacao tematica,,yes,no,0
5715,2002-12-18,2002,1997-2008,0,57,R/57/214,Sem codificacao tematica,,yes,no,0
5716,2002-12-18,2002,1997-2008,0,57,R/57/214,Sem codificacao tematica,,yes,no,0
5717,2002-12-18,2002,1997-2008,0,57,R/57/215,Sem codificacao tematica,,yes,yes,1
5718,2002-12-18,2002,1997-2008,0,57,R/57/232,Sem codificacao tematica,,yes,no,0
5719,2002-12-18,2002,1997-2008,0,57,R/57/232,Sem codificacao tematica,,yes,no,0
6053,2002-12-18,2002,1997-2008,0,57,R/57/232,Human rights,,yes,no,0
6054,2002-12-18,2002,1997-2008,0,57,R/57/232,Sem codificacao tematica,,yes,no,0
5721,2002-12-20,2002,1997-2008,0,57,R/57/298,Sem codificacao tematica,,abstain,yes,0
4444,2003-06-05,2003,1997-2008,0,57,R/57/325,Palestinian conflict,0,yes,yes,1
5722,2003-06-18,2003,1997-2008,0,57,R/57/325,Palestinian conflict,,yes,yes,1
4519,2003-11-04,2003,1997-2008,0,58,R/58/7,Economic development,1,yes,yes,1
4518,2003-11-05,2003,1997-2008,0,58,R/58/8,Sem codificacao tematica,0,yes,yes,1
4512,2003-12-03,2003,1997-2008,0,58,R/58/23,Sem codificacao tematica,0,yes,yes,1
4513,2003-12-03,2003,1997-2008,0,58,R/58/22,Palestinian conflict,0,yes,yes,1
4514,2003-12-03,2003,1997-2008,0,58,R/58/21,Palestinian conflict,0,yes,yes,1
4515,2003-12-03,2003,1997-2008,0,58,R/58/18,Human rights; Palestinian conflict,1,yes,yes,1
4516,2003-12-03,2003,1997-2008,0,58,R/58/20,Palestinian conflict,0,yes,yes,1
4517,2003-12-03,2003,1997-2008,0,58,R/58/19,Human rights; Palestinian conflict,1,yes,yes,1
4492,2003-12-08,2003,1997-2008,0,58,R/58/47,Nuclear weapons and nuclear material,0,abstain,abstain,1
4493,2003-12-08,2003,1997-2008,0,58,R/58/49,Nuclear weapons and nuclear material,0,yes,yes,1
4495,2003-12-08,2003,1997-2008,0,58,R/58/53,Arms control and disarmament,0,yes,abstain,0
4496,2003-12-08,2003,1997-2008,0,58,R/58/54,Sem codificacao tematica,1,yes,abstain,0
4497,2003-12-08,2003,1997-2008,0,58,R/58/56,Arms control and disarmament; Nuclear weapons and nuclear material,0,yes,yes,1
4498,2003-12-08,2003,1997-2008,0,58,R/58/45,Arms control and disarmament,0,yes,yes,1
4499,2003-12-08,2003,1997-2008,0,58,R/58/71,Nuclear weapons and nuclear material,0,yes,yes,1
4500,2003-12-08,2003,1997-2008,0,58,R/58/29,Sem codificacao tematica,0,yes,yes,1
4501,2003-12-08,2003,1997-2008,0,58,R/58/44,Sem codificacao tematica,0,yes,yes,1
4502,2003-12-08,2003,1997-2008,0,58,R/58/43,Sem codificacao tematica,1,yes,yes,1
4503,2003-12-08,2003,1997-2008,0,58,R/58/59,Arms control and disarmament; Nuclear weapons and nuclear material,0,abstain,abstain,1
4504,2003-12-08,2003,1997-2008,0,58,R/58/39,Arms control and disarmament,0,yes,yes,1
4505,2003-12-08,2003,1997-2008,0,58,R/58/37,Arms control and disarmament,0,yes,yes,1
4506,2003-12-08,2003,1997-2008,0,58,R/58/64,Arms control and disarmament; Nuclear weapons and nuclear material,0,yes,yes,1
4507,2003-12-08,2003,1997-2008,0,58,R/58/36,Arms control and disarmament,0,yes,yes,1
4508,2003-12-08,2003,1997-2008,0,58,R/58/33,Arms control and disarmament,0,abstain,yes,0
4509,2003-12-08,2003,1997-2008,0,58,R/58/68,Arms control and disarmament; Nuclear weapons and nuclear material,0,yes,yes,1
4510,2003-12-08,2003,1997-2008,0,58,R/58/51,Nuclear weapons and nuclear material,0,yes,yes,1
4511,2003-12-08,2003,1997-2008,0,58,R/58/46,Arms control and disarmament; Nuclear weapons and nuclear material,0,yes,yes,1
4520,2003-12-08,2003,1997-2008,0,58,R/58/35,Arms control and disarmament; Nuclear weapons and nuclear material,0,yes,yes,1
5723,2003-12-08,2003,1997-2008,0,58,R/58/46,Arms control and disarmament; Nuclear weapons and nuclear material,,yes,yes,1
5724,2003-12-08,2003,1997-2008,0,58,R/58/49,Arms control and disarmament; Nuclear weapons and nuclear material,,yes,yes,1
5725,2003-12-08,2003,1997-2008,0,58,R/58/51,Nuclear weapons and nuclear material,,yes,yes,1
5726,2003-12-08,2003,1997-2008,0,58,R/58/54,Sem codificacao tematica,,yes,yes,1
5727,2003-12-08,2003,1997-2008,0,58,R/58/54,Sem codificacao tematica,,yes,yes,1
5729,2003-12-08,2003,1997-2008,0,58,R/58/68,Arms control and disarmament; Nuclear weapons and nuclear material,,yes,yes,1
4477,2003-12-09,2003,1997-2008,0,58,R/58/111,Colonialism,0,yes,yes,1
4478,2003-12-09,2003,1997-2008,0,58,R/58/110,Colonialism,0,yes,yes,1
4479,2003-12-09,2003,1997-2008,0,58,R/58/104,Colonialism,0,yes,yes,1
4480,2003-12-09,2003,1997-2008,0,58,R/58/100,Sem codificacao tematica,0,yes,yes,1
4481,2003-12-09,2003,1997-2008,0,58,R/58/103,Colonialism; Economic development,0,yes,yes,1
4482,2003-12-09,2003,1997-2008,0,58,R/58/98,Palestinian conflict,0,yes,yes,1
4483,2003-12-09,2003,1997-2008,0,58,R/58/97,Colonialism; Palestinian conflict,0,yes,yes,1
4484,2003-12-09,2003,1997-2008,0,58,R/58/96,Colonialism; Human rights; Palestinian conflict,1,yes,yes,1
4485,2003-12-09,2003,1997-2008,0,58,R/58/95,Palestinian conflict,1,yes,abstain,0
4486,2003-12-09,2003,1997-2008,0,58,R/58/94,Palestinian conflict,0,yes,yes,1
4487,2003-12-09,2003,1997-2008,0,58,R/58/93,Palestinian conflict,0,yes,yes,1
4488,2003-12-09,2003,1997-2008,0,58,R/58/99,Human rights; Palestinian conflict,0,yes,yes,1
4489,2003-12-09,2003,1997-2008,0,58,R/58/102,Colonialism,0,yes,yes,1
4490,2003-12-09,2003,1997-2008,0,58,R/58/91,Palestinian conflict,0,yes,yes,1
4491,2003-12-09,2003,1997-2008,0,58,R/58/92,Sem codificacao tematica,0,yes,yes,1
4475,2003-12-17,2003,1997-2008,0,58,R/58/123,Economic development,0,yes,yes,1
4476,2003-12-17,2003,1997-2008,0,58,R/58/113,Palestinian conflict,0,yes,yes,1
5730,2003-12-17,2003,1997-2008,0,58,R/58/122,Economic development,,yes,yes,1
4453,2003-12-22,2003,1997-2008,0,58,R/58/160,Human rights,0,yes,yes,1
4454,2003-12-22,2003,1997-2008,0,58,R/58/163,Colonialism; Human rights; Palestinian conflict,0,yes,yes,1
4455,2003-12-22,2003,1997-2008,0,58,R/58/196,Human rights,1,yes,abstain,0
4456,2003-12-22,2003,1997-2008,0,58,R/58/195,Human rights,1,yes,no,0
4457,2003-12-22,2003,1997-2008,0,58,R/58/194,Human rights,1,abstain,no,0
4458,2003-12-22,2003,1997-2008,0,58,R/58/193,Human rights,1,abstain,yes,0
4459,2003-12-22,2003,1997-2008,0,58,R/58/192,Human rights,0,yes,yes,1
4460,2003-12-22,2003,1997-2008,0,58,R/58/189,Human rights,0,yes,yes,1
4461,2003-12-22,2003,1997-2008,0,58,R/58/188,Human rights,0,abstain,yes,0
4462,2003-12-22,2003,1997-2008,0,58,R/58/187,Human rights,0,yes,yes,1
4463,2003-12-22,2003,1997-2008,0,58,R/58/186,Human rights,0,yes,yes,1
4464,2003-12-22,2003,1997-2008,0,58,R/58/184,Sem codificacao tematica,0,yes,yes,1
4465,2003-12-22,2003,1997-2008,0,58,R/58/180,Sem codificacao tematica,1,yes,abstain,0
4466,2003-12-22,2003,1997-2008,0,58,R/58/179,Sem codificacao tematica,0,yes,yes,1
4467,2003-12-22,2003,1997-2008,0,58,R/58/174,Human rights,0,abstain,yes,0
4468,2003-12-22,2003,1997-2008,0,58,R/58/173,Human rights,0,yes,yes,1
4469,2003-12-22,2003,1997-2008,0,58,R/58/172,Economic development; Human rights,0,yes,yes,1
4470,2003-12-22,2003,1997-2008,0,58,R/58/171,Human rights,0,yes,yes,1
4471,2003-12-22,2003,1997-2008,0,58,R/58/162,Colonialism; Human rights,0,yes,yes,1
4472,2003-12-22,2003,1997-2008,0,58,R/58/161,Colonialism; Human rights,0,yes,yes,1
4473,2003-12-22,2003,1997-2008,0,58,R/58/157,Human rights,1,yes,yes,1
4474,2003-12-22,2003,1997-2008,0,58,R/58/155,Palestinian conflict,0,yes,yes,1
5731,2003-12-22,2003,1997-2008,0,58,R/58/157,Sem codificacao tematica,,yes,yes,1
5732,2003-12-22,2003,1997-2008,0,58,R/58/157,Sem codificacao tematica,,yes,yes,1
5733,2003-12-22,2003,1997-2008,0,58,R/58/160,Human rights,,yes,yes,1
5734,2003-12-22,2003,1997-2008,0,58,R/58/187,Human rights,,yes,abstain,0
5735,2003-12-22,2003,1997-2008,0,58,R/58/196,Human rights,,yes,abstain,0
5736,2003-12-22,2003,1997-2008,0,58,R/58/196,Sem codificacao tematica,,yes,no,0
4448,2003-12-23,2003,1997-2008,0,58,R/58/245,Sem codificacao tematica,0,abstain,yes,0
4449,2003-12-23,2003,1997-2008,0,58,R/58/244,Sem codificacao tematica,0,yes,yes,1
4450,2003-12-23,2003,1997-2008,0,58,R/58/240,Sem codificacao tematica,0,yes,yes,1
4451,2003-12-23,2003,1997-2008,0,58,R/58/229,Palestinian conflict,0,yes,yes,1
4452,2003-12-23,2003,1997-2008,0,58,R/58/198,Economic development,0,yes,yes,1
5737,2003-12-23,2003,1997-2008,0,58,R/58/242,Economic development,,yes,yes,1
5738,2003-12-23,2003,1997-2008,0,58,R/58/243,Sem codificacao tematica,,yes,yes,1
4447,2004-05-06,2004,1997-2008,0,58,R/58/292,Palestinian conflict,0,yes,yes,1
4446,2004-06-18,2004,1997-2008,0,58,R/58/307,Palestinian conflict,0,yes,yes,1
5739,2004-06-18,2004,1997-2008,0,58,R/58/307,Palestinian conflict,,yes,yes,1
4445,2004-08-05,2004,1997-2008,0,58,R/58/317,Sem codificacao tematica,0,yes,yes,1
4591,2004-10-22,2004,1997-2008,0,59,R/59/6,Nuclear weapons and nuclear material,0,yes,yes,1
4590,2004-10-28,2004,1997-2008,0,59,R/59/11,Economic development,1,yes,yes,1
4589,2004-11-01,2004,1997-2008,0,59,R/59/18,Sem codificacao tematica,0,yes,yes,1
4588,2004-11-17,2004,1997-2008,0,59,R/59/24,Sem codificacao tematica,0,yes,yes,1
4582,2004-12-01,2004,1997-2008,0,59,R/59/30,Palestinian conflict,0,yes,yes,1
4583,2004-12-01,2004,1997-2008,0,59,R/59/33,Sem codificacao tematica,0,yes,yes,1
4584,2004-12-01,2004,1997-2008,0,59,R/59/32,Palestinian conflict,0,yes,yes,1
4585,2004-12-01,2004,1997-2008,0,59,R/59/31,Palestinian conflict,0,yes,yes,1
4586,2004-12-01,2004,1997-2008,0,59,R/59/29,Human rights; Palestinian conflict,1,yes,yes,1
4587,2004-12-01,2004,1997-2008,0,59,R/59/28,Human rights; Palestinian conflict,1,yes,yes,1
5740,2004-12-01,2004,1997-2008,0,59,R/59/28,Palestinian conflict,,yes,yes,1
4561,2004-12-03,2004,1997-2008,0,59,R/59/77,Arms control and disarmament; Nuclear weapons and nuclear material,0,yes,yes,1
4562,2004-12-03,2004,1997-2008,0,59,R/59/78,Arms control and disarmament; Economic development,0,yes,yes,1
4563,2004-12-03,2004,1997-2008,0,59,R/59/79,Nuclear weapons and nuclear material,0,yes,abstain,0
4564,2004-12-03,2004,1997-2008,0,59,R/59/81,Arms control and disarmament; Nuclear weapons and nuclear material,1,yes,yes,1
4565,2004-12-03,2004,1997-2008,0,59,R/59/83,Arms control and disarmament; Nuclear weapons and nuclear material,0,yes,yes,1
4566,2004-12-03,2004,1997-2008,0,59,R/59/84,Arms control and disarmament,0,yes,abstain,0
4567,2004-12-03,2004,1997-2008,0,59,R/59/75,Arms control and disarmament; Nuclear weapons and nuclear material,0,yes,yes,1
4568,2004-12-03,2004,1997-2008,0,59,R/59/88,Arms control and disarmament,0,yes,yes,1
4569,2004-12-03,2004,1997-2008,0,59,R/59/91,Arms control and disarmament,0,abstain,yes,0
4570,2004-12-03,2004,1997-2008,0,59,R/59/102,Arms control and disarmament; Nuclear weapons and nuclear material,0,yes,yes,1
4571,2004-12-03,2004,1997-2008,0,59,R/59/106,Arms control and disarmament; Nuclear weapons and nuclear material,0,yes,yes,1
4572,2004-12-03,2004,1997-2008,0,59,R/59/109,Nuclear weapons and nuclear material,0,yes,yes,1
4573,2004-12-03,2004,1997-2008,0,59,R/59/76,Arms control and disarmament; Nuclear weapons and nuclear material,0,abstain,abstain,1
4574,2004-12-03,2004,1997-2008,0,59,R/59/70,Sem codificacao tematica,0,yes,yes,1
4575,2004-12-03,2004,1997-2008,0,59,R/59/69,Arms control and disarmament,0,yes,yes,1
4576,2004-12-03,2004,1997-2008,0,59,R/59/62,Arms control and disarmament,0,yes,yes,1
4577,2004-12-03,2004,1997-2008,0,59,R/59/68,Arms control and disarmament,0,yes,yes,1
4578,2004-12-03,2004,1997-2008,0,59,R/59/67,Arms control and disarmament,0,yes,yes,1
4579,2004-12-03,2004,1997-2008,0,59,R/59/65,Arms control and disarmament,0,yes,yes,1
4580,2004-12-03,2004,1997-2008,0,59,R/59/64,Arms control and disarmament; Nuclear weapons and nuclear material,0,abstain,yes,0
4581,2004-12-03,2004,1997-2008,0,59,R/59/85,Nuclear weapons and nuclear material,0,yes,yes,1
5741,2004-12-03,2004,1997-2008,0,59,R/59/75,Arms control and disarmament; Economic development; Nuclear weapons and nuclear material,,yes,yes,1
5742,2004-12-03,2004,1997-2008,0,59,R/59/83,Arms control and disarmament; Nuclear weapons and nuclear material,,yes,yes,1
5743,2004-12-03,2004,1997-2008,0,59,R/59/85,Nuclear weapons and nuclear material,,yes,yes,1
5744,2004-12-03,2004,1997-2008,0,59,R/59/85,Sem codificacao tematica,,yes,yes,1
5745,2004-12-03,2004,1997-2008,0,59,R/59/106,Arms control and disarmament; Nuclear weapons and nuclear material,,yes,yes,1
4546,2004-12-10,2004,1997-2008,0,59,R/59/136,Colonialism,0,yes,yes,1
4547,2004-12-10,2004,1997-2008,0,59,R/59/135,Colonialism,0,yes,yes,1
4549,2004-12-10,2004,1997-2008,0,59,R/59/129,Colonialism,0,yes,yes,1
4550,2004-12-10,2004,1997-2008,0,59,R/59/127,Colonialism,0,yes,yes,1
4551,2004-12-10,2004,1997-2008,0,59,R/59/128,Colonialism; Economic development,0,yes,yes,1
4552,2004-12-10,2004,1997-2008,0,59,R/59/125,Sem codificacao tematica,0,yes,yes,1
4553,2004-12-10,2004,1997-2008,0,59,R/59/124,Human rights; Palestinian conflict,0,yes,yes,1
4554,2004-12-10,2004,1997-2008,0,59,R/59/123,Palestinian conflict,0,yes,yes,1
4555,2004-12-10,2004,1997-2008,0,59,R/59/122,Colonialism; Palestinian conflict,0,yes,yes,1
4556,2004-12-10,2004,1997-2008,0,59,R/59/121,Colonialism; Human rights; Palestinian conflict,1,yes,yes,1
4557,2004-12-10,2004,1997-2008,0,59,R/59/120,Palestinian conflict,0,yes,yes,1
4558,2004-12-10,2004,1997-2008,0,59,R/59/119,Palestinian conflict,0,yes,yes,1
4559,2004-12-10,2004,1997-2008,0,59,R/59/118,Sem codificacao tematica,0,yes,yes,1
4560,2004-12-10,2004,1997-2008,0,59,R/59/117,Palestinian conflict,0,yes,yes,1
4527,2004-12-20,2004,1997-2008,0,59,R/59/207,Human rights,0,abstain,abstain,1
4528,2004-12-20,2004,1997-2008,0,59,R/59/206,Human rights,0,yes,no,0
4529,2004-12-20,2004,1997-2008,0,59,R/59/205,Human rights,1,abstain,no,0
4530,2004-12-20,2004,1997-2008,0,59,R/59/204,Human rights,0,abstain,yes,0
4531,2004-12-20,2004,1997-2008,0,59,R/59/203,Human rights,0,yes,yes,1
4532,2004-12-20,2004,1997-2008,0,59,R/59/202,Human rights,0,yes,yes,1
4533,2004-12-20,2004,1997-2008,0,59,R/59/201,Sem codificacao tematica,1,yes,abstain,0
4534,2004-12-20,2004,1997-2008,0,59,R/59/199,Sem codificacao tematica,1,yes,yes,1
4535,2004-12-20,2004,1997-2008,0,59,R/59/197,Sem codificacao tematica,0,yes,abstain,0
4536,2004-12-20,2004,1997-2008,0,59,R/59/188,Human rights,0,yes,yes,1
4537,2004-12-20,2004,1997-2008,0,59,R/59/195,Human rights,0,abstain,yes,0
4538,2004-12-20,2004,1997-2008,0,59,R/59/193,Sem codificacao tematica,0,yes,yes,1
4539,2004-12-20,2004,1997-2008,0,59,R/59/185,Economic development; Human rights,0,yes,yes,1
4540,2004-12-20,2004,1997-2008,0,59,R/59/184,Human rights,0,abstain,yes,0
4541,2004-12-20,2004,1997-2008,0,59,R/59/181,Human rights,0,abstain,yes,0
4542,2004-12-20,2004,1997-2008,0,59,R/59/179,Colonialism; Human rights; Palestinian conflict,0,yes,yes,1
4543,2004-12-20,2004,1997-2008,0,59,R/59/178,Colonialism; Human rights,0,yes,yes,1
4544,2004-12-20,2004,1997-2008,0,59,R/59/177,Human rights,0,yes,yes,1
4545,2004-12-20,2004,1997-2008,0,59,R/59/173,Palestinian conflict,0,yes,yes,1
5746,2004-12-20,2004,1997-2008,0,59,R/59/199,Sem codificacao tematica,,yes,abstain,0
5747,2004-12-20,2004,1997-2008,0,59,R/59/206,Sem codificacao tematica,,no,yes,0
5748,2004-12-20,2004,1997-2008,0,59,R/59/207,Human rights,,abstain,abstain,1
5749,2004-12-20,2004,1997-2008,0,59,R/59/207,Sem codificacao tematica,,abstain,abstain,1
5750,2004-12-20,2004,1997-2008,0,59,R/59/207,Sem codificacao tematica,,abstain,abstain,1
5751,2004-12-20,2004,1997-2008,0,59,R/59/211,Sem codificacao tematica,,no,abstain,0
4525,2004-12-22,2004,1997-2008,0,59,R/59/251,Palestinian conflict,0,yes,yes,1
4526,2004-12-22,2004,1997-2008,0,59,R/59/221,Economic development,1,yes,yes,1
5752,2004-12-22,2004,1997-2008,0,59,R/59/224,Sem codificacao tematica,,yes,yes,1
5753,2004-12-22,2004,1997-2008,0,59,R/59/230,Economic development,,yes,yes,1
4523,2004-12-23,2004,1997-2008,0,59,R/59/261,Human rights,0,yes,yes,1
4524,2004-12-23,2004,1997-2008,0,59,R/59/260,Sem codificacao tematica,0,yes,yes,1
5755,2004-12-23,2004,1997-2008,0,59,R/59/261,Sem codificacao tematica,,yes,yes,1
5756,2004-12-23,2004,1997-2008,0,59,R/59/261,Sem codificacao tematica,,yes,yes,1
4522,2005-03-08,2005,1997-2008,0,59,R/59/280,Sem codificacao tematica,0,no,no,1
4665,2005-10-31,2005,1997-2008,0,60,R/60/6,Sem codificacao tematica,0,yes,yes,1
4664,2005-11-08,2005,1997-2008,0,60,R/60/12,Economic development,1,yes,yes,1
4663,2005-11-29,2005,1997-2008,0,60,R/60/30,Sem codificacao tematica,0,yes,yes,1
4658,2005-12-01,2005,1997-2008,0,60,R/60/41,Palestinian conflict,0,yes,yes,1
4659,2005-12-01,2005,1997-2008,0,60,R/60/39,Palestinian conflict,0,yes,yes,1
4660,2005-12-01,2005,1997-2008,0,60,R/60/38,Palestinian conflict,0,yes,yes,1
4661,2005-12-01,2005,1997-2008,0,60,R/60/37,Human rights; Palestinian conflict,1,yes,yes,1
4662,2005-12-01,2005,1997-2008,0,60,R/60/36,Human rights; Palestinian conflict,1,yes,yes,1
4521,2005-12-08,2005,1997-2008,0,59,R/59/307,Palestinian conflict,0,yes,yes,1
4618,2005-12-08,2005,1997-2008,0,60,R/60/45,Economic development,0,yes,yes,1
4619,2005-12-08,2005,1997-2008,0,60,R/60/46,Arms control and disarmament; Economic development,0,yes,yes,1
4620,2005-12-08,2005,1997-2008,0,60,R/60/48,Sem codificacao tematica,0,yes,yes,1
4621,2005-12-08,2005,1997-2008,0,60,R/60/51,Arms control and disarmament,0,abstain,yes,0
4622,2005-12-08,2005,1997-2008,0,60,R/60/53,Arms control and disarmament; Nuclear weapons and nuclear material,0,abstain,yes,0
4623,2005-12-08,2005,1997-2008,0,60,R/60/54,Arms control and disarmament,0,yes,yes,1
4625,2005-12-08,2005,1997-2008,0,60,R/60/58,Arms control and disarmament; Nuclear weapons and nuclear material,0,yes,yes,1
4626,2005-12-08,2005,1997-2008,0,60,R/60/59,Arms control and disarmament,0,yes,yes,1
4627,2005-12-08,2005,1997-2008,0,60,R/60/60,Arms control and disarmament,0,yes,yes,1
4628,2005-12-08,2005,1997-2008,0,60,R/60/61,Arms control and disarmament; Economic development,0,yes,yes,1
4629,2005-12-08,2005,1997-2008,0,60,R/60/62,Arms control and disarmament,0,yes,yes,1
4630,2005-12-08,2005,1997-2008,0,60,R/60/65,Arms control and disarmament; Colonialism; Nuclear weapons and nuclear material,0,yes,abstain,0
4631,2005-12-08,2005,1997-2008,0,60,R/60/66,Sem codificacao tematica,0,yes,yes,1
4632,2005-12-08,2005,1997-2008,0,60,R/60/68,Arms control and disarmament; Economic development,0,yes,yes,1
4633,2005-12-08,2005,1997-2008,0,60,R/60/70,Arms control and disarmament; Nuclear weapons and nuclear material,0,yes,yes,1
4634,2005-12-08,2005,1997-2008,0,60,R/60/72,Arms control and disarmament; Nuclear weapons and nuclear material,1,yes,abstain,0
4635,2005-12-08,2005,1997-2008,0,60,R/60/75,Arms control and disarmament,0,yes,yes,1
4636,2005-12-08,2005,1997-2008,0,60,R/60/76,Arms control and disarmament; Nuclear weapons and nuclear material,0,yes,yes,1
4637,2005-12-08,2005,1997-2008,0,60,R/60/56,Arms control and disarmament; Nuclear weapons and nuclear material,0,yes,yes,1
4638,2005-12-08,2005,1997-2008,0,60,R/60/80,Arms control and disarmament,0,yes,yes,1
4639,2005-12-08,2005,1997-2008,0,60,R/60/88,Arms control and disarmament; Nuclear weapons and nuclear material,0,yes,yes,1
4640,2005-12-08,2005,1997-2008,0,60,R/60/92,Arms control and disarmament; Nuclear weapons and nuclear material,0,yes,yes,1
4641,2005-12-08,2005,1997-2008,0,60,R/60/95,Nuclear weapons and nuclear material,0,yes,yes,1
4642,2005-12-08,2005,1997-2008,0,60,R/60/100,Palestinian conflict,0,yes,yes,1
4643,2005-12-08,2005,1997-2008,0,60,R/60/101,Sem codificacao tematica,0,yes,yes,1
4644,2005-12-08,2005,1997-2008,0,60,R/60/103,Palestinian conflict,0,yes,yes,1
4645,2005-12-08,2005,1997-2008,0,60,R/60/104,Colonialism; Human rights; Palestinian conflict,1,yes,yes,1
4646,2005-12-08,2005,1997-2008,0,60,R/60/105,Colonialism; Palestinian conflict,0,yes,yes,1
4647,2005-12-08,2005,1997-2008,0,60,R/60/106,Palestinian conflict,0,yes,yes,1
4648,2005-12-08,2005,1997-2008,0,60,R/60/107,Human rights; Palestinian conflict,0,yes,yes,1
4649,2005-12-08,2005,1997-2008,0,60,R/60/108,Sem codificacao tematica,0,yes,yes,1
4650,2005-12-08,2005,1997-2008,0,60,R/60/110,Colonialism,0,yes,yes,1
4651,2005-12-08,2005,1997-2008,0,60,R/60/111,Colonialism; Economic development,0,yes,yes,1
4652,2005-12-08,2005,1997-2008,0,60,R/60/112,Colonialism,0,yes,yes,1
4653,2005-12-08,2005,1997-2008,0,60,R/60/118,Colonialism,0,yes,yes,1
4654,2005-12-08,2005,1997-2008,0,60,R/60/119,Colonialism,0,yes,yes,1
4655,2005-12-08,2005,1997-2008,0,60,R/60/120,Colonialism,0,yes,yes,1
4656,2005-12-08,2005,1997-2008,0,60,R/60/79,Nuclear weapons and nuclear material,0,yes,abstain,0
4657,2005-12-08,2005,1997-2008,0,60,R/60/102,Palestinian conflict,0,yes,yes,1
5757,2005-12-08,2005,1997-2008,0,60,R/60/56,Nuclear weapons and nuclear material,,yes,yes,1
5758,2005-12-08,2005,1997-2008,0,60,R/60/58,Nuclear weapons and nuclear material,,yes,yes,1
5759,2005-12-08,2005,1997-2008,0,60,R/60/58,Sem codificacao tematica,,yes,yes,1
5761,2005-12-08,2005,1997-2008,0,60,R/60/76,Arms control and disarmament; Nuclear weapons and nuclear material,,yes,yes,1
5762,2005-12-08,2005,1997-2008,0,60,R/60/92,Arms control and disarmament; Nuclear weapons and nuclear material,,yes,yes,1
5763,2005-12-08,2005,1997-2008,0,60,R/60/112,Sem codificacao tematica,,yes,yes,1
4602,2005-12-16,2005,1997-2008,0,60,R/60/170,Human rights,0,abstain,abstain,1
4603,2005-12-16,2005,1997-2008,0,60,R/60/174,Human rights,0,yes,no,0
4604,2005-12-16,2005,1997-2008,0,60,R/60/173,Human rights,0,yes,no,0
4605,2005-12-16,2005,1997-2008,0,60,R/60/172,Human rights,0,yes,no,0
4606,2005-12-16,2005,1997-2008,0,60,R/60/171,Human rights,1,abstain,no,0
4607,2005-12-16,2005,1997-2008,0,60,R/60/165,Human rights,0,yes,yes,1
4608,2005-12-16,2005,1997-2008,0,60,R/60/164,Human rights,0,yes,yes,1
4609,2005-12-16,2005,1997-2008,0,60,R/60/163,Human rights,0,yes,yes,1
4610,2005-12-16,2005,1997-2008,0,60,R/60/162,Sem codificacao tematica,1,yes,yes,1
4611,2005-12-16,2005,1997-2008,0,60,R/60/157,Economic development; Human rights,0,yes,yes,1
4612,2005-12-16,2005,1997-2008,0,60,R/60/155,Human rights,0,yes,yes,1
4613,2005-12-16,2005,1997-2008,0,60,R/60/152,Human rights,0,abstain,yes,0
4614,2005-12-16,2005,1997-2008,0,60,R/60/150,Sem codificacao tematica,0,yes,yes,1
4615,2005-12-16,2005,1997-2008,0,60,R/60/146,Colonialism; Human rights; Palestinian conflict,0,yes,yes,1
4616,2005-12-16,2005,1997-2008,0,60,R/60/144,Human rights,0,yes,yes,1
4617,2005-12-16,2005,1997-2008,0,60,R/60/143,Human rights,0,yes,yes,1
5764,2005-12-16,2005,1997-2008,0,60,R/60/162,Human rights,,yes,yes,1
5765,2005-12-16,2005,1997-2008,0,60,R/60/170,Human rights,,abstain,abstain,1
5766,2005-12-16,2005,1997-2008,0,60,R/60/170,Sem codificacao tematica,,abstain,abstain,1
4598,2005-12-22,2005,1997-2008,0,60,R/60/200,Sem codificacao tematica,0,yes,yes,1
4599,2005-12-22,2005,1997-2008,0,60,R/60/185,Economic development,1,yes,yes,1
4600,2005-12-22,2005,1997-2008,0,60,R/60/184,Economic development,1,yes,yes,1
4601,2005-12-22,2005,1997-2008,0,60,R/60/183,Palestinian conflict,0,yes,yes,1
5767,2005-12-22,2005,1997-2008,0,60,R/60/197,Sem codificacao tematica,,yes,yes,1
5768,2005-12-22,2005,1997-2008,0,60,R/60/200,Sem codificacao tematica,,yes,yes,1
5769,2005-12-22,2005,1997-2008,0,60,R/60/200,Sem codificacao tematica,,yes,abstain,0
5770,2005-12-22,2005,1997-2008,0,60,R/60/201,Sem codificacao tematica,,yes,yes,1
4594,2005-12-23,2005,1997-2008,0,60,R/60/231,Human rights,0,yes,yes,1
4595,2005-12-23,2005,1997-2008,0,60,R/60/230,Sem codificacao tematica,0,yes,yes,1
4596,2005-12-23,2005,1997-2008,0,60,R/60/229,Sem codificacao tematica,0,yes,yes,1
4597,2005-12-23,2005,1997-2008,0,60,R/60/226,Sem codificacao tematica,0,yes,abstain,0
5771,2005-12-23,2005,1997-2008,0,60,R/60/226,Sem codificacao tematica,,yes,yes,1
5772,2005-12-23,2005,1997-2008,0,60,R/60/226,Sem codificacao tematica,,yes,abstain,0
5773,2005-12-23,2005,1997-2008,0,60,R/60/226,Sem codificacao tematica,,yes,yes,1
5774,2005-12-23,2005,1997-2008,0,60,R/60/226,Sem codificacao tematica,,yes,abstain,0
5775,2005-12-23,2005,1997-2008,0,60,R/60/228,Sem codificacao tematica,,yes,yes,1
5776,2005-12-23,2005,1997-2008,0,60,R/60/230,Sem codificacao tematica,,yes,yes,1
5777,2005-12-23,2005,1997-2008,0,60,R/60/230,Sem codificacao tematica,,yes,abstain,0
5778,2005-12-23,2005,1997-2008,0,60,R/60/231,Sem codificacao tematica,,yes,yes,1
5779,2005-12-23,2005,1997-2008,0,60,R/60/231,Sem codificacao tematica,,yes,no,0
5780,2005-12-23,2005,1997-2008,0,60,R/60/231,Sem codificacao tematica,,yes,abstain,0
5781,2005-12-23,2005,1997-2008,0,60,R/60/231,Sem codificacao tematica,,yes,yes,1
4593,2006-03-15,2006,1997-2008,0,60,R/60/251,Human rights,0,yes,yes,1
4592,2006-05-08,2006,1997-2008,0,60,R/60/260,Sem codificacao tematica,0,yes,yes,1
4666,2006-06-30,2006,1997-2008,0,60,R/60/278,Palestinian conflict,0,yes,yes,1
5782,2006-06-30,2006,1997-2008,0,60,R/60/278,Palestinian conflict,,yes,yes,1
4667,2006-10-30,2006,1997-2008,0,61,R/61/8,Sem codificacao tematica,0,yes,yes,1
4668,2006-11-08,2006,1997-2008,0,61,R/61/11,Economic development,1,yes,yes,1
5783,2006-11-08,2006,1997-2008,0,61,R/61/11,Sem codificacao tematica,,yes,yes,1
4669,2006-12-01,2006,1997-2008,0,61,R/61/27,Sem codificacao tematica,0,yes,yes,1
4670,2006-12-01,2006,1997-2008,0,61,R/61/25,Palestinian conflict,0,yes,yes,1
4671,2006-12-01,2006,1997-2008,0,61,R/61/26,Palestinian conflict,0,yes,yes,1
4672,2006-12-01,2006,1997-2008,0,61,R/61/24,Palestinian conflict,0,yes,yes,1
4673,2006-12-01,2006,1997-2008,0,61,R/61/23,Human rights; Palestinian conflict,1,yes,yes,1
4674,2006-12-01,2006,1997-2008,0,61,R/61/22,Human rights; Palestinian conflict,1,yes,yes,1
4675,2006-12-04,2006,1997-2008,0,61,R/61/47,Nuclear weapons and nuclear material,0,yes,yes,1
4676,2006-12-06,2006,1997-2008,0,61,R/61/89,Arms control and disarmament,1,yes,abstain,0
4677,2006-12-06,2006,1997-2008,0,61,R/61/97,Arms control and disarmament; Nuclear weapons and nuclear material,0,yes,yes,1
4678,2006-12-06,2006,1997-2008,0,61,R/61/77,Arms control and disarmament,0,yes,yes,1
4679,2006-12-06,2006,1997-2008,0,61,R/61/78,Arms control and disarmament; Nuclear weapons and nuclear material,0,yes,yes,1
4680,2006-12-06,2006,1997-2008,0,61,R/61/88,Nuclear weapons and nuclear material,0,yes,yes,1
4681,2006-12-06,2006,1997-2008,0,61,R/61/85,Nuclear weapons and nuclear material,0,yes,abstain,0
4682,2006-12-06,2006,1997-2008,0,61,R/61/84,Arms control and disarmament,0,yes,yes,1
4683,2006-12-06,2006,1997-2008,0,61,R/61/82,Arms control and disarmament,0,yes,yes,1
4684,2006-12-06,2006,1997-2008,0,61,R/61/83,Arms control and disarmament; Nuclear weapons and nuclear material,0,yes,yes,1
4685,2006-12-06,2006,1997-2008,0,61,R/61/75,Sem codificacao tematica,0,yes,yes,1
4686,2006-12-06,2006,1997-2008,0,61,R/61/72,Arms control and disarmament,0,yes,yes,1
4687,2006-12-06,2006,1997-2008,0,61,R/61/74,Arms control and disarmament; Colonialism; Nuclear weapons and nuclear material,0,yes,abstain,0
4688,2006-12-06,2006,1997-2008,0,61,R/61/67,Arms control and disarmament,0,yes,yes,1
4689,2006-12-06,2006,1997-2008,0,61,R/61/66,Arms control and disarmament; Economic development,1,yes,yes,1
4690,2006-12-06,2006,1997-2008,0,61,R/61/70,Arms control and disarmament; Nuclear weapons and nuclear material,0,yes,yes,1
4691,2006-12-06,2006,1997-2008,0,61,R/61/65,Arms control and disarmament; Nuclear weapons and nuclear material,0,yes,yes,1
4692,2006-12-06,2006,1997-2008,0,61,R/61/64,Arms control and disarmament; Economic development,0,yes,yes,1
4693,2006-12-06,2006,1997-2008,0,61,R/61/63,Arms control and disarmament,0,yes,yes,1
4694,2006-12-06,2006,1997-2008,0,61,R/61/62,Arms control and disarmament,0,yes,yes,1
4695,2006-12-06,2006,1997-2008,0,61,R/61/60,Arms control and disarmament,0,yes,yes,1
4696,2006-12-06,2006,1997-2008,0,61,R/61/59,Arms control and disarmament,0,yes,yes,1
4697,2006-12-06,2006,1997-2008,0,61,R/61/58,Arms control and disarmament,0,yes,yes,1
4698,2006-12-06,2006,1997-2008,0,61,R/61/57,Arms control and disarmament; Nuclear weapons and nuclear material,0,yes,yes,1
4699,2006-12-06,2006,1997-2008,0,61,R/61/55,Arms control and disarmament,0,abstain,yes,0
4700,2006-12-06,2006,1997-2008,0,61,R/61/54,Economic development,0,yes,yes,1
4701,2006-12-06,2006,1997-2008,0,61,R/61/69,Nuclear weapons and nuclear material,0,yes,yes,1
4702,2006-12-06,2006,1997-2008,0,61,R/61/76,Arms control and disarmament,0,yes,yes,1
4703,2006-12-06,2006,1997-2008,0,61,R/61/104,Nuclear weapons and nuclear material,0,yes,yes,1
4704,2006-12-06,2006,1997-2008,0,61,R/61/103,Nuclear weapons and nuclear material,0,yes,yes,1
5784,2006-12-06,2006,1997-2008,0,61,R/61/69,Arms control and disarmament; Economic development; Nuclear weapons and nuclear material,,yes,yes,1
5785,2006-12-06,2006,1997-2008,0,61,R/61/69,Sem codificacao tematica,,yes,yes,1
5786,2006-12-06,2006,1997-2008,0,61,R/61/72,Arms control and disarmament,,yes,yes,1
5787,2006-12-06,2006,1997-2008,0,61,R/61/77,Sem codificacao tematica,,yes,yes,1
5788,2006-12-06,2006,1997-2008,0,61,R/61/77,Sem codificacao tematica,,yes,yes,1
5789,2006-12-06,2006,1997-2008,0,61,R/61/77,Sem codificacao tematica,,yes,yes,1
5790,2006-12-06,2006,1997-2008,0,61,R/61/77,Sem codificacao tematica,,yes,yes,1
5791,2006-12-06,2006,1997-2008,0,61,R/61/77,Sem codificacao tematica,,yes,yes,1
5792,2006-12-06,2006,1997-2008,0,61,R/61/77,Sem codificacao tematica,,yes,yes,1
5793,2006-12-06,2006,1997-2008,0,61,R/61/77,Sem codificacao tematica,,yes,yes,1
5794,2006-12-06,2006,1997-2008,0,61,R/61/83,Arms control and disarmament; Nuclear weapons and nuclear material,,yes,yes,1
5795,2006-12-06,2006,1997-2008,0,61,R/61/89,Arms control and disarmament; Economic development,,yes,abstain,0
5796,2006-12-06,2006,1997-2008,0,61,R/61/89,Sem codificacao tematica,,yes,abstain,0
5797,2006-12-06,2006,1997-2008,0,61,R/61/103,Arms control and disarmament; Nuclear weapons and nuclear material,,yes,yes,1
4705,2006-12-14,2006,1997-2008,0,61,R/61/116,Colonialism; Human rights; Palestinian conflict,1,yes,yes,1
4706,2006-12-14,2006,1997-2008,0,61,R/61/128B,Colonialism,0,yes,yes,1
4707,2006-12-14,2006,1997-2008,0,61,R/61/128A,Colonialism,0,yes,yes,1
4708,2006-12-14,2006,1997-2008,0,61,R/61/114,Palestinian conflict,0,yes,yes,1
4709,2006-12-14,2006,1997-2008,0,61,R/61/115,Palestinian conflict,0,yes,yes,1
4710,2006-12-14,2006,1997-2008,0,61,R/61/135,Palestinian conflict,0,yes,yes,1
4711,2006-12-14,2006,1997-2008,0,61,R/61/130,Colonialism,0,yes,yes,1
4712,2006-12-14,2006,1997-2008,0,61,R/61/129,Colonialism,0,yes,yes,1
4713,2006-12-14,2006,1997-2008,0,61,R/61/128AB,Colonialism,0,yes,yes,1
4715,2006-12-14,2006,1997-2008,0,61,R/61/112,Palestinian conflict,0,yes,yes,1
4716,2006-12-14,2006,1997-2008,0,61,R/61/113,Sem codificacao tematica,0,yes,yes,1
4717,2006-12-14,2006,1997-2008,0,61,R/61/117,Colonialism; Human rights; Palestinian conflict,0,yes,yes,1
4718,2006-12-14,2006,1997-2008,0,61,R/61/118,Colonialism; Human rights; Palestinian conflict,0,yes,yes,1
4719,2006-12-14,2006,1997-2008,0,61,R/61/119,Colonialism; Human rights; Palestinian conflict,0,yes,yes,1
4720,2006-12-14,2006,1997-2008,0,61,R/61/120,Colonialism; Human rights; Palestinian conflict,0,yes,yes,1
4721,2006-12-14,2006,1997-2008,0,61,R/61/122,Colonialism,0,yes,yes,1
4722,2006-12-14,2006,1997-2008,0,61,R/61/123,Colonialism; Economic development,0,yes,yes,1
4723,2006-12-19,2006,1997-2008,0,61,R/61/176,Human rights,1,abstain,no,0
4724,2006-12-19,2006,1997-2008,0,61,R/61/175,Human rights,1,abstain,no,0
4725,2006-12-19,2006,1997-2008,0,61,R/61/174,Human rights,1,yes,no,0
4726,2006-12-19,2006,1997-2008,0,61,R/61/173,Sem codificacao tematica,0,yes,abstain,0
4727,2006-12-19,2006,1997-2008,0,61,R/61/170,Human rights,0,yes,yes,1
4728,2006-12-19,2006,1997-2008,0,61,R/61/169,Economic development; Human rights,0,yes,yes,1
4729,2006-12-19,2006,1997-2008,0,61,R/61/166,Human rights,0,abstain,yes,0
4730,2006-12-19,2006,1997-2008,0,61,R/61/164,Sem codificacao tematica,1,yes,yes,1
4731,2006-12-19,2006,1997-2008,0,61,R/61/163,Human rights,0,yes,yes,1
4732,2006-12-19,2006,1997-2008,0,61,R/61/162,Human rights,0,yes,yes,1
4733,2006-12-19,2006,1997-2008,0,61,R/61/160,Sem codificacao tematica,0,yes,yes,1
4734,2006-12-19,2006,1997-2008,0,61,R/61/159,Human rights,0,abstain,yes,0
4735,2006-12-19,2006,1997-2008,0,61,R/61/156,Human rights,0,abstain,yes,0
4736,2006-12-19,2006,1997-2008,0,61,R/61/154,Human rights; Palestinian conflict,0,yes,yes,1
4737,2006-12-19,2006,1997-2008,0,61,R/61/152,Colonialism; Human rights; Palestinian conflict,0,yes,yes,1
4738,2006-12-19,2006,1997-2008,0,61,R/61/151,Colonialism; Human rights,0,yes,yes,1
4739,2006-12-19,2006,1997-2008,0,61,R/61/149,Human rights,0,yes,yes,1
4740,2006-12-19,2006,1997-2008,0,61,R/61/147,Human rights,0,yes,yes,1
4741,2006-12-19,2006,1997-2008,0,61,R/61/146,Human rights,0,yes,yes,1
5798,2006-12-19,2006,1997-2008,0,61,R/61/156,Human rights,,abstain,yes,0
5799,2006-12-19,2006,1997-2008,0,61,R/61/173,Human rights,,yes,no,0
5800,2006-12-19,2006,1997-2008,0,61,R/61/173,Sem codificacao tematica,,yes,no,0
5801,2006-12-19,2006,1997-2008,0,61,R/61/175,Sem codificacao tematica,,abstain,yes,0
5802,2006-12-19,2006,1997-2008,0,61,R/61/176,Sem codificacao tematica,,abstain,yes,0
4742,2006-12-20,2006,1997-2008,0,61,R/61/222,Sem codificacao tematica,0,yes,yes,1
4743,2006-12-20,2006,1997-2008,0,61,R/61/201,Sem codificacao tematica,0,yes,yes,1
4744,2006-12-20,2006,1997-2008,0,61,R/61/194,Sem codificacao tematica,0,yes,yes,1
4745,2006-12-20,2006,1997-2008,0,61,R/61/186,Economic development,1,yes,yes,1
4746,2006-12-20,2006,1997-2008,0,61,R/61/184,Palestinian conflict,0,yes,yes,1
4747,2006-12-20,2006,1997-2008,0,61,R/61/178,Human rights,0,abstain,abstain,1
4748,2006-12-22,2006,1997-2008,0,61,R/61/250A,Sem codificacao tematica,0,yes,yes,1
4749,2006-12-22,2006,1997-2008,0,61,R/61/232,Human rights,1,yes,no,0
5804,2006-12-22,2006,1997-2008,0,61,R/61/232,Sem codificacao tematica,,yes,no,0
5805,2006-12-22,2006,1997-2008,0,61,R/61/250,Palestinian conflict,,yes,yes,1
4751,2007-04-02,2007,1997-2008,0,61,R/61/250B,Palestinian conflict,0,yes,yes,1
5806,2007-04-02,2007,1997-2008,0,61,R/61/250B,Palestinian conflict,,yes,yes,1
4752,2007-06-29,2007,1997-2008,0,61,R/61/250C,Palestinian conflict,0,yes,yes,1
5807,2007-06-29,2007,1997-2008,0,61,R/61/250C,Palestinian conflict,,yes,yes,1
4753,2007-09-13,2007,1997-2008,0,61,R/61/295,Human rights,0,yes,yes,1
4754,2007-10-30,2007,1997-2008,0,62,R/62/3,Economic development,1,yes,yes,1
4755,2007-12-05,2007,1997-2008,0,62,R/62/19,Arms control and disarmament; Nuclear weapons and nuclear material,0,yes,yes,1
4756,2007-12-05,2007,1997-2008,0,62,R/62/32,Nuclear weapons and nuclear material,0,yes,abstain,0
4757,2007-12-05,2007,1997-2008,0,62,R/62/20,Arms control and disarmament,0,yes,yes,1
4758,2007-12-05,2007,1997-2008,0,62,R/62/41,Arms control and disarmament,0,yes,yes,1
4759,2007-12-05,2007,1997-2008,0,62,R/62/39,Arms control and disarmament; Nuclear weapons and nuclear material,0,yes,yes,1
4760,2007-12-05,2007,1997-2008,0,62,R/62/44,Arms control and disarmament,0,yes,yes,1
4761,2007-12-05,2007,1997-2008,0,62,R/62/42,Arms control and disarmament; Nuclear weapons and nuclear material,0,yes,yes,1
4762,2007-12-05,2007,1997-2008,0,62,R/62/47,Arms control and disarmament; Economic development,0,yes,yes,1
4763,2007-12-05,2007,1997-2008,0,62,R/62/28,Arms control and disarmament,0,yes,yes,1
4764,2007-12-05,2007,1997-2008,0,62,R/62/43,Sem codificacao tematica,0,yes,yes,1
4765,2007-12-05,2007,1997-2008,0,62,R/62/24,Arms control and disarmament; Nuclear weapons and nuclear material,0,yes,abstain,0
4766,2007-12-05,2007,1997-2008,0,62,R/62/25,Arms control and disarmament; Nuclear weapons and nuclear material,0,yes,yes,1
4767,2007-12-05,2007,1997-2008,0,62,R/62/14,Sem codificacao tematica,0,yes,yes,1
4768,2007-12-05,2007,1997-2008,0,62,R/62/35,Nuclear weapons and nuclear material,0,yes,yes,1
4769,2007-12-05,2007,1997-2008,0,62,R/62/27,Arms control and disarmament,0,yes,yes,1
4770,2007-12-05,2007,1997-2008,0,62,R/62/17,Economic development,0,yes,yes,1
4772,2007-12-05,2007,1997-2008,0,62,R/62/31,Arms control and disarmament; Nuclear weapons and nuclear material,0,yes,yes,1
4773,2007-12-05,2007,1997-2008,0,62,R/62/36,Arms control and disarmament; Nuclear weapons and nuclear material,0,yes,abstain,0
4774,2007-12-05,2007,1997-2008,0,62,R/62/48,Arms control and disarmament; Economic development,0,yes,yes,1
4775,2007-12-05,2007,1997-2008,0,62,R/62/29,Arms control and disarmament,0,yes,yes,1
4776,2007-12-05,2007,1997-2008,0,62,R/62/59,Nuclear weapons and nuclear material,0,yes,yes,1
4777,2007-12-05,2007,1997-2008,0,62,R/62/51,Arms control and disarmament; Nuclear weapons and nuclear material,0,yes,yes,1
4778,2007-12-05,2007,1997-2008,0,62,R/62/56,Nuclear weapons and nuclear material,0,yes,yes,1
5808,2007-12-05,2007,1997-2008,0,62,R/62/25,Nuclear weapons and nuclear material,,yes,yes,1
5809,2007-12-05,2007,1997-2008,0,62,R/62/35,Arms control and disarmament; Nuclear weapons and nuclear material,,yes,yes,1
5810,2007-12-05,2007,1997-2008,0,62,R/62/35,Sem codificacao tematica,,yes,yes,1
5811,2007-12-05,2007,1997-2008,0,62,R/62/56,Arms control and disarmament; Nuclear weapons and nuclear material,,yes,yes,1
4779,2007-12-10,2007,1997-2008,0,62,R/62/84,Palestinian conflict,0,yes,yes,1
4780,2007-12-10,2007,1997-2008,0,62,R/62/80,Human rights; Palestinian conflict,1,yes,yes,1
4781,2007-12-10,2007,1997-2008,0,62,R/62/81,Human rights; Palestinian conflict,1,yes,yes,1
4782,2007-12-10,2007,1997-2008,0,62,R/62/83,Palestinian conflict,0,yes,yes,1
4783,2007-12-10,2007,1997-2008,0,62,R/62/85,Sem codificacao tematica,0,yes,yes,1
4784,2007-12-10,2007,1997-2008,0,62,R/62/82,Palestinian conflict,0,yes,yes,1
5812,2007-12-10,2007,1997-2008,0,62,R/62/86,Sem codificacao tematica,,yes,yes,1
4785,2007-12-17,2007,1997-2008,0,62,R/62/119,Colonialism,0,yes,yes,1
4786,2007-12-17,2007,1997-2008,0,62,R/62/120,Colonialism,0,yes,yes,1
4787,2007-12-17,2007,1997-2008,0,62,R/62/113,Colonialism; Economic development,0,yes,yes,1
4788,2007-12-17,2007,1997-2008,0,62,R/62/112,Colonialism,0,yes,yes,1
4789,2007-12-17,2007,1997-2008,0,62,R/62/106,Colonialism; Human rights; Palestinian conflict,1,yes,yes,1
4790,2007-12-17,2007,1997-2008,0,62,R/62/107,Colonialism; Human rights; Palestinian conflict,0,yes,yes,1
4791,2007-12-17,2007,1997-2008,0,62,R/62/103,Palestinian conflict,0,yes,yes,1
4792,2007-12-17,2007,1997-2008,0,62,R/62/105,Palestinian conflict,0,yes,yes,1
4793,2007-12-17,2007,1997-2008,0,62,R/62/114,Colonialism,0,yes,yes,1
4794,2007-12-17,2007,1997-2008,0,62,R/62/102,Palestinian conflict,0,yes,yes,1
4795,2007-12-17,2007,1997-2008,0,62,R/62/108,Colonialism; Human rights; Palestinian conflict,0,yes,yes,1
4796,2007-12-17,2007,1997-2008,0,62,R/62/110,Colonialism; Human rights; Palestinian conflict,0,yes,yes,1
4797,2007-12-17,2007,1997-2008,0,62,R/62/104,Palestinian conflict,0,yes,yes,1
5813,2007-12-17,2007,1997-2008,0,62,R/62/120,Sem codificacao tematica,,yes,yes,1
4798,2007-12-18,2007,1997-2008,0,62,R/62/142,Human rights,0,yes,yes,1
4799,2007-12-18,2007,1997-2008,0,62,R/62/143,Human rights,0,yes,yes,1
4800,2007-12-18,2007,1997-2008,0,62,R/62/162,Human rights,0,yes,yes,1
4801,2007-12-18,2007,1997-2008,0,62,R/62/149,Human rights,0,yes,no,0
4802,2007-12-18,2007,1997-2008,0,62,R/62/163,Human rights,0,yes,yes,1
4803,2007-12-18,2007,1997-2008,0,62,R/62/154,Human rights,0,abstain,yes,0
4804,2007-12-18,2007,1997-2008,0,62,R/62/164,Human rights,0,yes,yes,1
4805,2007-12-18,2007,1997-2008,0,62,R/62/151,Human rights,0,abstain,yes,0
4806,2007-12-18,2007,1997-2008,0,62,R/62/150,Human rights,0,yes,yes,1
4807,2007-12-18,2007,1997-2008,0,62,R/62/169,Human rights,1,abstain,no,0
4808,2007-12-18,2007,1997-2008,0,62,R/62/146,Colonialism; Human rights; Palestinian conflict,0,yes,yes,1
4809,2007-12-18,2007,1997-2008,0,62,R/62/145,Colonialism; Human rights,0,yes,yes,1
4810,2007-12-18,2007,1997-2008,0,62,R/62/161,Economic development; Human rights,0,yes,yes,1
4811,2007-12-18,2007,1997-2008,0,62,R/62/166,Human rights,0,abstain,yes,0
4812,2007-12-18,2007,1997-2008,0,62,R/62/141,Human rights,0,yes,yes,1
4813,2007-12-18,2007,1997-2008,0,62,R/62/167,Human rights,1,yes,no,0
4814,2007-12-18,2007,1997-2008,0,62,R/62/168,Human rights,1,abstain,no,0
5814,2007-12-18,2007,1997-2008,0,62,R/62/150,Sem codificacao tematica,,yes,yes,1
5815,2007-12-18,2007,1997-2008,0,62,,Sem codificacao tematica,,abstain,yes,0
5816,2007-12-18,2007,1997-2008,0,62,,Sem codificacao tematica,,abstain,yes,0
5817,2007-12-18,2007,1997-2008,0,62,R/62/168,Sem codificacao tematica,,abstain,no,0
4815,2007-12-19,2007,1997-2008,0,62,R/62/184,Economic development,1,yes,yes,1
4816,2007-12-19,2007,1997-2008,0,62,R/62/183,Economic development,0,yes,yes,1
4817,2007-12-19,2007,1997-2008,0,62,R/62/181,Palestinian conflict,0,yes,yes,1
4818,2007-12-19,2007,1997-2008,0,62,R/62/190,Economic development,1,yes,yes,1
4819,2007-12-19,2007,1997-2008,0,62,R/62/188,Economic development,0,yes,yes,1
5818,2007-12-19,2007,1997-2008,0,62,R/62/193,Sem codificacao tematica,,yes,yes,1
4820,2007-12-22,2007,1997-2008,0,62,R/62/222,Human rights,1,yes,no,0
4821,2007-12-22,2007,1997-2008,0,62,R/62/241,Economic development,0,yes,yes,1
4822,2007-12-22,2007,1997-2008,0,62,R/62/236,Economic development,1,yes,yes,1
4823,2007-12-22,2007,1997-2008,0,62,R/62/218,Sem codificacao tematica,0,yes,yes,1
4824,2007-12-22,2007,1997-2008,0,62,R/62/215,Sem codificacao tematica,0,yes,yes,1
4825,2007-12-22,2007,1997-2008,0,62,R/62/220,Human rights,0,yes,yes,1
4826,2007-12-22,2007,1997-2008,0,62,R/62/216,Arms control and disarmament,0,yes,yes,1
4827,2007-12-22,2007,1997-2008,0,62,R/62/219,Human rights,1,yes,yes,1
5819,2007-12-22,2007,1997-2008,0,62,R/62/217,Sem codificacao tematica,,yes,yes,1
5820,2007-12-22,2007,1997-2008,0,62,R/62/218,Sem codificacao tematica,,yes,abstain,0
5821,2007-12-22,2007,1997-2008,0,62,R/62/218,Sem codificacao tematica,,yes,yes,1
5822,2007-12-22,2007,1997-2008,0,62,R/62/238,Sem codificacao tematica,,yes,yes,1
4828,2008-03-14,2008,1997-2008,0,62,R/62/243,Colonialism,0,abstain,abstain,1
5823,2008-06-20,2008,1997-2008,0,62,R/62/265,Palestinian conflict,,yes,yes,1
4830,2008-06-30,2008,1997-2008,0,62,R/62/270,Economic development,0,yes,yes,1
4831,2008-10-08,2008,1997-2008,0,63,R/63/3,Sem codificacao tematica,0,yes,yes,1
4833,2008-10-29,2008,1997-2008,0,63,R/63/7,Economic development,1,yes,yes,1
4834,2008-11-03,2008,1997-2008,0,63,R/63/13,Nuclear weapons and nuclear material,0,yes,yes,1
4835,2008-11-26,2008,1997-2008,0,63,R/63/31,Sem codificacao tematica,0,yes,yes,1
4836,2008-11-26,2008,1997-2008,0,63,R/63/30,Palestinian conflict,0,yes,yes,1
4837,2008-11-26,2008,1997-2008,0,63,R/63/29,Palestinian conflict,0,yes,yes,1
4838,2008-11-26,2008,1997-2008,0,63,R/63/28,Palestinian conflict,0,yes,yes,1
4839,2008-11-26,2008,1997-2008,0,63,R/63/27,Human rights; Palestinian conflict,1,yes,yes,1
4840,2008-11-26,2008,1997-2008,0,63,R/63/26,Human rights; Palestinian conflict,1,yes,yes,1
4841,2008-12-02,2008,1997-2008,0,63,R/63/69,Arms control and disarmament,0,yes,yes,1
4842,2008-12-02,2008,1997-2008,0,63,R/63/72,Arms control and disarmament; Economic development,0,yes,yes,1
4843,2008-12-02,2008,1997-2008,0,63,R/63/73,Arms control and disarmament; Colonialism; Nuclear weapons and nuclear material,0,yes,abstain,0
4844,2008-12-02,2008,1997-2008,0,63,R/63/53,Arms control and disarmament,0,yes,yes,1
4845,2008-12-02,2008,1997-2008,0,63,R/63/84,Nuclear weapons and nuclear material,0,yes,yes,1
4846,2008-12-02,2008,1997-2008,0,63,R/63/87,Nuclear weapons and nuclear material,0,yes,yes,1
4847,2008-12-02,2008,1997-2008,0,63,R/63/68,Sem codificacao tematica,0,yes,yes,1
4848,2008-12-02,2008,1997-2008,0,63,R/63/65,Arms control and disarmament; Nuclear weapons and nuclear material,0,yes,yes,1
4849,2008-12-02,2008,1997-2008,0,63,R/63/64,Arms control and disarmament,0,yes,yes,1
4850,2008-12-02,2008,1997-2008,0,63,R/63/50,Arms control and disarmament,0,yes,yes,1
4851,2008-12-02,2008,1997-2008,0,63,R/63/63,Nuclear weapons and nuclear material,0,yes,yes,1
4852,2008-12-02,2008,1997-2008,0,63,R/63/62,Arms control and disarmament,0,yes,yes,1
4854,2008-12-02,2008,1997-2008,0,63,R/63/58,Arms control and disarmament; Nuclear weapons and nuclear material,0,yes,yes,1
4856,2008-12-02,2008,1997-2008,0,63,R/63/49,Arms control and disarmament; Nuclear weapons and nuclear material,0,yes,abstain,0
4857,2008-12-02,2008,1997-2008,0,63,R/63/46,Arms control and disarmament; Nuclear weapons and nuclear material,0,yes,yes,1
4858,2008-12-02,2008,1997-2008,0,63,R/63/47,Nuclear weapons and nuclear material,0,yes,abstain,0
4859,2008-12-02,2008,1997-2008,0,63,R/63/44,Arms control and disarmament,0,yes,yes,1
4860,2008-12-02,2008,1997-2008,0,63,R/63/42,Arms control and disarmament,0,yes,yes,1
4861,2008-12-02,2008,1997-2008,0,63,R/63/41,Arms control and disarmament; Nuclear weapons and nuclear material,0,yes,abstain,0
4862,2008-12-02,2008,1997-2008,0,63,R/63/40,Arms control and disarmament,0,yes,yes,1
4863,2008-12-02,2008,1997-2008,0,63,R/63/39,Arms control and disarmament; Nuclear weapons and nuclear material,0,yes,yes,1
4864,2008-12-02,2008,1997-2008,0,63,R/63/37,Economic development,0,yes,yes,1
4865,2008-12-02,2008,1997-2008,0,63,R/63/36,Arms control and disarmament; Economic development,0,yes,yes,1
4866,2008-12-02,2008,1997-2008,0,63,R/63/75,Arms control and disarmament; Nuclear weapons and nuclear material,0,yes,yes,1
5824,2008-12-02,2008,1997-2008,0,63,R/63/58,Arms control and disarmament; Nuclear weapons and nuclear material,,yes,yes,1
5825,2008-12-02,2008,1997-2008,0,63,R/63/62,Arms control and disarmament,,yes,yes,1
5826,2008-12-02,2008,1997-2008,0,63,R/63/65,Nuclear weapons and nuclear material,,yes,yes,1
5827,2008-12-02,2008,1997-2008,0,63,R/63/69,Sem codificacao tematica,,yes,yes,1
5828,2008-12-02,2008,1997-2008,0,63,R/63/69,Sem codificacao tematica,,yes,yes,1
5829,2008-12-02,2008,1997-2008,0,63,R/63/69,Sem codificacao tematica,,yes,yes,1
5830,2008-12-02,2008,1997-2008,0,63,R/63/69,Sem codificacao tematica,,yes,yes,1
5831,2008-12-02,2008,1997-2008,0,63,R/63/69,Sem codificacao tematica,,yes,yes,1
5832,2008-12-02,2008,1997-2008,0,63,R/63/69,Sem codificacao tematica,,yes,yes,1
5833,2008-12-02,2008,1997-2008,0,63,R/63/72,Arms control and disarmament; Economic development,,yes,yes,1
5834,2008-12-02,2008,1997-2008,0,63,R/63/72,Sem codificacao tematica,,yes,yes,1
5835,2008-12-02,2008,1997-2008,0,63,R/63/84,Arms control and disarmament; Nuclear weapons and nuclear material,,yes,yes,1
4867,2008-12-05,2008,1997-2008,0,63,R/63/91,Palestinian conflict,0,yes,yes,1
4868,2008-12-05,2008,1997-2008,0,63,R/63/101,Colonialism,0,yes,yes,1
4869,2008-12-05,2008,1997-2008,0,63,R/63/110,Colonialism,0,yes,yes,1
4870,2008-12-05,2008,1997-2008,0,63,R/63/109,Colonialism,0,yes,yes,1
4871,2008-12-05,2008,1997-2008,0,63,R/63/103,Colonialism,0,yes,yes,1
4872,2008-12-05,2008,1997-2008,0,63,R/63/102,Colonialism; Economic development,0,yes,yes,1
4873,2008-12-05,2008,1997-2008,0,63,R/63/111,Sem codificacao tematica,0,yes,yes,1
4874,2008-12-05,2008,1997-2008,0,63,R/63/99,Colonialism; Human rights; Palestinian conflict,0,yes,yes,1
4875,2008-12-05,2008,1997-2008,0,63,R/63/98,Colonialism; Human rights; Palestinian conflict,0,yes,yes,1
4876,2008-12-05,2008,1997-2008,0,63,R/63/92,Palestinian conflict,0,yes,yes,1
4877,2008-12-05,2008,1997-2008,0,63,R/63/94,Palestinian conflict,0,yes,yes,1
4878,2008-12-05,2008,1997-2008,0,63,R/63/95,Colonialism; Human rights; Palestinian conflict,1,yes,yes,1
4879,2008-12-05,2008,1997-2008,0,63,R/63/93,Palestinian conflict,0,yes,yes,1
4880,2008-12-05,2008,1997-2008,0,63,R/63/96,Colonialism; Human rights; Palestinian conflict,0,yes,yes,1
4881,2008-12-05,2008,1997-2008,0,63,R/63/97,Colonialism; Human rights; Palestinian conflict,0,yes,yes,1
4882,2008-12-18,2008,1997-2008,0,63,R/63/190,Human rights,1,abstain,no,0
4883,2008-12-18,2008,1997-2008,0,63,R/63/189,Human rights,0,yes,yes,1
4884,2008-12-18,2008,1997-2008,0,63,R/63/188,Human rights,0,yes,yes,1
4885,2008-12-18,2008,1997-2008,0,63,R/63/187,Human rights,0,yes,yes,1
4886,2008-12-18,2008,1997-2008,0,63,R/63/182,Human rights,0,yes,abstain,0
4887,2008-12-18,2008,1997-2008,0,63,R/63/179,Human rights,0,yes,yes,1
4888,2008-12-18,2008,1997-2008,0,63,R/63/178,Economic development; Human rights,0,yes,yes,1
4889,2008-12-18,2008,1997-2008,0,63,R/63/191,Human rights,1,abstain,no,0
4890,2008-12-18,2008,1997-2008,0,63,R/63/168,Human rights,1,yes,no,0
4891,2008-12-18,2008,1997-2008,0,63,R/63/167,Human rights,0,abstain,yes,0
4892,2008-12-18,2008,1997-2008,0,63,R/63/165,Colonialism; Human rights; Palestinian conflict,0,yes,yes,1
4893,2008-12-18,2008,1997-2008,0,63,R/63/164,Colonialism; Human rights,0,yes,yes,1
4894,2008-12-18,2008,1997-2008,0,63,R/63/162,Human rights,0,yes,yes,1
4895,2008-12-18,2008,1997-2008,0,63,R/63/160,Human rights,1,abstain,yes,0
4896,2008-12-18,2008,1997-2008,0,63,R/63/176,Human rights,0,abstain,yes,0
4897,2008-12-18,2008,1997-2008,0,63,R/63/171,Human rights,1,abstain,yes,0
5836,2008-12-18,2008,1997-2008,0,63,R/63/182,Sem codificacao tematica,,no,yes,0
5837,2008-12-18,2008,1997-2008,0,63,R/63/182,Sem codificacao tematica,,no,yes,0
5838,2008-12-18,2008,1997-2008,0,63,R/63/191,Sem codificacao tematica,,abstain,yes,0
5839,2008-12-18,2008,1997-2008,0,63,R/63/191,Sem codificacao tematica,,abstain,yes,0
5840,2008-12-18,2008,1997-2008,0,63,R/63/191,Sem codificacao tematica,,abstain,yes,0
5841,2008-12-18,2008,1997-2008,0,63,R/63/191,Sem codificacao tematica,,abstain,no,0
4898,2008-12-19,2008,1997-2008,0,63,R/63/201,Colonialism; Palestinian conflict,0,yes,yes,1
4899,2008-12-19,2008,1997-2008,0,63,R/63/211,Economic development,0,yes,yes,1
4900,2008-12-19,2008,1997-2008,0,63,R/63/224,Economic development,1,yes,yes,1
4901,2008-12-24,2008,1997-2008,0,63,R/63/240,Arms control and disarmament; Economic development,0,yes,abstain,0
4902,2008-12-24,2008,1997-2008,0,63,R/63/245,Human rights,1,yes,no,0
4903,2008-12-24,2008,1997-2008,0,63,R/63/242,Human rights,1,yes,yes,1
4904,2008-12-24,2008,1997-2008,0,63,R/63/241,Human rights,0,yes,yes,1
5842,2008-12-24,2008,1997-2008,0,63,R/63/240,Arms control and disarmament; Economic development,,yes,abstain,0
5843,2008-12-24,2008,1997-2008,0,63,R/63/240,Sem codificacao tematica,,yes,abstain,0
5844,2008-12-24,2008,1997-2008,0,63,R/63/240,Sem codificacao tematica,,yes,abstain,0
5845,2008-12-24,2008,1997-2008,0,63,R/63/263,Sem codificacao tematica,,no,no,1
5846,2009-06-30,2009,2009-2016,1,63,R/63/298,Palestinian conflict,,yes,yes,1
5847,2009-09-09,2009,2009-2016,1,63,R/63/307,Sem codificacao tematica,,abstain,yes,0
4979,2009-10-28,2009,2009-2016,1,64,R/64/6,Economic development,1,yes,yes,1
4980,2009-11-05,2009,2009-2016,1,64,R/64/10,Human rights,0,yes,yes,1
4981,2009-12-02,2009,2009-2016,1,64,R/64/16,Human rights; Palestinian conflict,1,yes,yes,1
4982,2009-12-02,2009,2009-2016,1,64,R/64/17,Human rights; Palestinian conflict,1,yes,yes,1
4983,2009-12-02,2009,2009-2016,1,64,R/64/18,Palestinian conflict,0,yes,yes,1
4984,2009-12-02,2009,2009-2016,1,64,R/64/19,Palestinian conflict,0,yes,yes,1
4985,2009-12-02,2009,2009-2016,1,64,R/64/20,Palestinian conflict,0,yes,yes,1
4986,2009-12-02,2009,2009-2016,1,64,R/64/21,Sem codificacao tematica,0,yes,yes,1
4987,2009-12-02,2009,2009-2016,1,64,R/64/23,Sem codificacao tematica,0,yes,yes,1
4988,2009-12-02,2009,2009-2016,1,64,R/64/28,Arms control and disarmament,0,yes,yes,1
4989,2009-12-02,2009,2009-2016,1,64,R/64/31,Arms control and disarmament; Nuclear weapons and nuclear material,0,yes,abstain,0
4990,2009-12-02,2009,2009-2016,1,64,R/64/34,Arms control and disarmament,0,yes,yes,1
4991,2009-12-02,2009,2009-2016,1,64,R/64/37,Arms control and disarmament; Nuclear weapons and nuclear material,0,yes,abstain,0
4992,2009-12-02,2009,2009-2016,1,64,R/64/39,Nuclear weapons and nuclear material,0,yes,yes,1
4993,2009-12-02,2009,2009-2016,1,64,R/64/42,Arms control and disarmament,0,yes,yes,1
4994,2009-12-02,2009,2009-2016,1,64,R/64/44,Nuclear weapons and nuclear material,0,yes,yes,1
4995,2009-12-02,2009,2009-2016,1,64,R/64/47,Arms control and disarmament; Colonialism; Nuclear weapons and nuclear material,1,yes,abstain,0
4996,2009-12-02,2009,2009-2016,1,64,R/64/48,Arms control and disarmament; Economic development,0,yes,abstain,0
4997,2009-12-02,2009,2009-2016,1,64,R/64/50,Arms control and disarmament; Economic development,0,yes,yes,1
4998,2009-12-02,2009,2009-2016,1,64,R/64/52,Arms control and disarmament; Nuclear weapons and nuclear material,0,yes,yes,1
4999,2009-12-02,2009,2009-2016,1,64,R/64/53,Arms control and disarmament; Nuclear weapons and nuclear material,0,yes,yes,1
5000,2009-12-02,2009,2009-2016,1,64,R/64/54,Arms control and disarmament,0,yes,yes,1
5001,2009-12-02,2009,2009-2016,1,64,R/64/55,Arms control and disarmament; Nuclear weapons and nuclear material,0,yes,yes,1
5002,2009-12-02,2009,2009-2016,1,64,R/64/56,Arms control and disarmament,0,yes,yes,1
5003,2009-12-02,2009,2009-2016,1,64,R/64/57,Arms control and disarmament; Nuclear weapons and nuclear material,0,yes,yes,1
5004,2009-12-02,2009,2009-2016,1,64,R/64/59,Arms control and disarmament; Nuclear weapons and nuclear material,0,yes,yes,1
5005,2009-12-02,2009,2009-2016,1,64,R/64/66,Arms control and disarmament; Nuclear weapons and nuclear material,0,yes,yes,1
5006,2009-12-02,2009,2009-2016,1,64,R/64/69,Nuclear weapons and nuclear material,1,yes,yes,1
5007,2009-12-02,2009,2009-2016,1,64,R/64/27,Arms control and disarmament; Nuclear weapons and nuclear material,0,yes,yes,1
5848,2009-12-02,2009,2009-2016,1,64,R/64/246,Economic development; Nuclear weapons and nuclear material,,yes,yes,1
5850,2009-12-02,2009,2009-2016,1,64,R/64/44,Nuclear weapons and nuclear material,,yes,yes,1
5851,2009-12-02,2009,2009-2016,1,64,R/64/50,Arms control and disarmament; Economic development,,yes,yes,1
5852,2009-12-02,2009,2009-2016,1,64,R/64/50,Sem codificacao tematica,,yes,yes,1
5853,2009-12-02,2009,2009-2016,1,64,R/64/54,Sem codificacao tematica,,yes,yes,1
5854,2009-12-02,2009,2009-2016,1,64,R/64/54,Sem codificacao tematica,,yes,yes,1
5855,2009-12-02,2009,2009-2016,1,64,R/64/54,Sem codificacao tematica,,yes,yes,1
5856,2009-12-02,2009,2009-2016,1,64,R/64/54,Sem codificacao tematica,,yes,yes,1
5857,2009-12-02,2009,2009-2016,1,64,R/64/54,Sem codificacao tematica,,yes,yes,1
5858,2009-12-02,2009,2009-2016,1,64,R/64/54,Sem codificacao tematica,,yes,yes,1
5859,2009-12-02,2009,2009-2016,1,64,R/64/57,Nuclear weapons and nuclear material,,yes,yes,1
5860,2009-12-02,2009,2009-2016,1,64,R/64/66,Arms control and disarmament; Nuclear weapons and nuclear material,,yes,yes,1
5861,2009-12-02,2009,2009-2016,1,64,R/64/69,Nuclear weapons and nuclear material,,yes,yes,1
5008,2009-12-04,2009,2009-2016,1,64,R/64/71,Sem codificacao tematica,0,yes,yes,1
5009,2009-12-10,2009,2009-2016,1,64,R/64/89,Palestinian conflict,0,yes,yes,1
5010,2009-12-10,2009,2009-2016,1,64,R/64/90,Palestinian conflict,0,yes,yes,1
5011,2009-12-10,2009,2009-2016,1,64,R/64/91,Colonialism; Human rights; Palestinian conflict,1,yes,yes,1
5012,2009-12-10,2009,2009-2016,1,64,R/64/93,Colonialism; Human rights; Palestinian conflict,0,yes,yes,1
5013,2009-12-10,2009,2009-2016,1,64,R/64/94,Colonialism; Human rights; Palestinian conflict,0,yes,yes,1
5014,2009-12-10,2009,2009-2016,1,64,R/64/98,Colonialism; Economic development,0,yes,yes,1
5015,2009-12-10,2009,2009-2016,1,64,R/64/99,Colonialism,0,yes,yes,1
5016,2009-12-10,2009,2009-2016,1,64,R/64/105,Colonialism,0,yes,yes,1
5017,2009-12-10,2009,2009-2016,1,64,R/64/88,Sem codificacao tematica,0,yes,yes,1
5018,2009-12-10,2009,2009-2016,1,64,R/64/106,Colonialism,0,yes,yes,1
5019,2009-12-10,2009,2009-2016,1,64,R/64/87,Palestinian conflict,0,yes,yes,1
5020,2009-12-10,2009,2009-2016,1,64,R/64/92,Colonialism; Human rights; Palestinian conflict,0,yes,yes,1
5021,2009-12-10,2009,2009-2016,1,64,R/64/95,Colonialism; Human rights; Palestinian conflict,0,yes,yes,1
5022,2009-12-10,2009,2009-2016,1,64,R/64/97,Colonialism,0,yes,yes,1
5862,2009-12-11,2009,2009-2016,1,64,R/64/109,Palestinian conflict,,yes,yes,1
5023,2009-12-18,2009,2009-2016,1,64,R/64/147,Human rights,0,yes,yes,1
5024,2009-12-18,2009,2009-2016,1,64,R/64/160,Human rights,0,abstain,yes,0
5025,2009-12-18,2009,2009-2016,1,64,R/64/170,Human rights,0,yes,yes,1
5026,2009-12-18,2009,2009-2016,1,64,R/64/172,Economic development; Human rights,0,yes,yes,1
5027,2009-12-18,2009,2009-2016,1,64,R/64/173,Human rights,0,yes,yes,1
5028,2009-12-18,2009,2009-2016,1,64,R/64/174,Human rights,0,yes,yes,1
5029,2009-12-18,2009,2009-2016,1,64,R/64/175,Human rights,1,abstain,no,0
5030,2009-12-18,2009,2009-2016,1,64,R/64/176,Human rights,1,abstain,no,0
5031,2009-12-18,2009,2009-2016,1,64,R/64/148,Human rights,1,yes,yes,1
5032,2009-12-18,2009,2009-2016,1,64,R/64/150,Colonialism; Human rights; Palestinian conflict,0,yes,yes,1
5033,2009-12-18,2009,2009-2016,1,64,R/64/151,Colonialism; Human rights,0,yes,yes,1
5034,2009-12-18,2009,2009-2016,1,64,R/64/152,Human rights,0,yes,yes,1
5035,2009-12-18,2009,2009-2016,1,64,R/64/156,Human rights,1,abstain,yes,0
5036,2009-12-18,2009,2009-2016,1,64,R/64/157,Human rights,0,yes,yes,1
5863,2009-12-18,2009,2009-2016,1,64,R/64/152,Sem codificacao tematica,,abstain,yes,0
5037,2009-12-21,2009,2009-2016,1,64,R/64/195,Economic development,0,yes,yes,1
5038,2009-12-21,2009,2009-2016,1,64,R/64/185,Colonialism; Palestinian conflict,0,yes,yes,1
5039,2009-12-21,2009,2009-2016,1,64,R/64/188,Economic development,0,yes,yes,1
5040,2009-12-21,2009,2009-2016,1,64,R/64/209,Economic development,0,yes,yes,1
5041,2009-12-21,2009,2009-2016,1,64,R/64/197,Economic development,1,yes,yes,1
5042,2009-12-21,2009,2009-2016,1,64,R/64/189,Economic development,0,yes,yes,1
5043,2009-12-24,2009,2009-2016,1,64,R/64/238,Human rights,1,abstain,no,0
5864,2009-12-24,2009,2009-2016,1,64,R/64/245,Sem codificacao tematica,,yes,yes,1
5044,2010-02-26,2010,2009-2016,1,64,R/64/254,Human rights,0,yes,yes,1
5046,2010-07-28,2010,2009-2016,1,64,R/64/292,Human rights,0,yes,yes,1
5047,2010-09-07,2010,2009-2016,1,64,R/64/296,Economic development,0,abstain,abstain,1
5866,2010-09-07,2010,2009-2016,1,64,R/64/296,Sem codificacao tematica,,abstain,yes,0
5049,2010-10-26,2010,2009-2016,1,65,R/65/6,Economic development,1,yes,yes,1
5050,2010-11-30,2010,2009-2016,1,65,R/65/16,Palestinian conflict,0,yes,yes,1
5051,2010-11-30,2010,2009-2016,1,65,R/65/15,Palestinian conflict,0,yes,yes,1
5052,2010-11-30,2010,2009-2016,1,65,R/65/13,Human rights; Palestinian conflict,1,yes,yes,1
5053,2010-11-30,2010,2009-2016,1,65,R/65/14,Human rights; Palestinian conflict,1,yes,yes,1
5054,2010-11-30,2010,2009-2016,1,65,R/65/18,Sem codificacao tematica,0,yes,yes,1
5055,2010-11-30,2010,2009-2016,1,65,R/65/17,Palestinian conflict,0,yes,yes,1
5056,2010-12-07,2010,2009-2016,1,65,R/65/37,Sem codificacao tematica,0,yes,yes,1
5057,2010-12-08,2010,2009-2016,1,65,R/65/43,Arms control and disarmament; Nuclear weapons and nuclear material,0,yes,yes,1
5058,2010-12-08,2010,2009-2016,1,65,R/65/44,Arms control and disarmament,0,yes,yes,1
5059,2010-12-08,2010,2009-2016,1,65,R/65/46,Arms control and disarmament,0,yes,yes,1
5060,2010-12-08,2010,2009-2016,1,65,R/65/48,Arms control and disarmament,0,yes,yes,1
5061,2010-12-08,2010,2009-2016,1,65,R/65/49,Nuclear weapons and nuclear material,0,yes,yes,1
5062,2010-12-08,2010,2009-2016,1,65,R/65/51,Sem codificacao tematica,0,yes,yes,1
5063,2010-12-08,2010,2009-2016,1,65,R/65/66,Arms control and disarmament,0,yes,yes,1
5064,2010-12-08,2010,2009-2016,1,65,R/65/68,Sem codificacao tematica,0,yes,yes,1
5065,2010-12-08,2010,2009-2016,1,65,R/65/71,Arms control and disarmament; Nuclear weapons and nuclear material,0,yes,yes,1
5066,2010-12-08,2010,2009-2016,1,65,R/65/73,Arms control and disarmament,1,yes,abstain,0
5067,2010-12-08,2010,2009-2016,1,65,R/65/75,Sem codificacao tematica,0,yes,yes,1
5068,2010-12-08,2010,2009-2016,1,65,R/65/76,Arms control and disarmament; Nuclear weapons and nuclear material,0,yes,yes,1
5069,2010-12-08,2010,2009-2016,1,65,R/65/88,Arms control and disarmament; Nuclear weapons and nuclear material,0,yes,yes,1
5070,2010-12-08,2010,2009-2016,1,65,R/65/91,Nuclear weapons and nuclear material,1,yes,yes,1
5071,2010-12-08,2010,2009-2016,1,65,R/65/54,Arms control and disarmament,0,yes,yes,1
5073,2010-12-08,2010,2009-2016,1,65,R/65/56,Arms control and disarmament; Nuclear weapons and nuclear material,0,yes,yes,1
5074,2010-12-08,2010,2009-2016,1,65,R/65/58,Nuclear weapons and nuclear material,0,yes,yes,1
5075,2010-12-08,2010,2009-2016,1,65,R/65/59,Arms control and disarmament; Nuclear weapons and nuclear material,0,yes,yes,1
5076,2010-12-08,2010,2009-2016,1,65,R/65/60,Arms control and disarmament; Nuclear weapons and nuclear material,0,yes,abstain,0
5077,2010-12-08,2010,2009-2016,1,65,R/65/65,Arms control and disarmament; Nuclear weapons and nuclear material,0,yes,yes,1
5078,2010-12-08,2010,2009-2016,1,65,R/65/80,Arms control and disarmament; Nuclear weapons and nuclear material,0,yes,yes,1
5079,2010-12-08,2010,2009-2016,1,65,R/65/72,Arms control and disarmament; Nuclear weapons and nuclear material,1,abstain,abstain,1
5080,2010-12-08,2010,2009-2016,1,65,R/65/100,Palestinian conflict,0,yes,yes,1
5867,2010-12-08,2010,2009-2016,1,65,R/65/46,Arms control and disarmament,,yes,yes,1
5868,2010-12-08,2010,2009-2016,1,65,R/65/56,Nuclear weapons and nuclear material,,yes,yes,1
5869,2010-12-08,2010,2009-2016,1,65,R/65/58,Arms control and disarmament; Economic development; Nuclear weapons and nuclear material,,yes,yes,1
5870,2010-12-08,2010,2009-2016,1,65,R/65/59,Nuclear weapons and nuclear material,,yes,yes,1
5871,2010-12-08,2010,2009-2016,1,65,R/65/61,Arms control and disarmament; Nuclear weapons and nuclear material,,yes,yes,1
5872,2010-12-08,2010,2009-2016,1,65,R/65/66,Sem codificacao tematica,,yes,yes,1
5873,2010-12-08,2010,2009-2016,1,65,R/65/67,Sem codificacao tematica,,yes,yes,1
5874,2010-12-08,2010,2009-2016,1,65,R/65/71,Arms control and disarmament; Nuclear weapons and nuclear material,,yes,yes,1
5875,2010-12-08,2010,2009-2016,1,65,R/65/72,Arms control and disarmament; Nuclear weapons and nuclear material,,yes,yes,1
5876,2010-12-08,2010,2009-2016,1,65,R/65/72,Sem codificacao tematica,,yes,yes,1
5877,2010-12-08,2010,2009-2016,1,65,R/65/72,Sem codificacao tematica,,yes,no,0
5878,2010-12-08,2010,2009-2016,1,65,R/65/75,Sem codificacao tematica,,yes,yes,1
5879,2010-12-08,2010,2009-2016,1,65,R/65/85,Arms control and disarmament,,yes,yes,1
5880,2010-12-08,2010,2009-2016,1,65,R/65/85,Sem codificacao tematica,,yes,yes,1
5881,2010-12-08,2010,2009-2016,1,65,R/65/88,Arms control and disarmament; Nuclear weapons and nuclear material,,yes,yes,1
5882,2010-12-08,2010,2009-2016,1,65,R/65/88,Sem codificacao tematica,,yes,yes,1
5883,2010-12-08,2010,2009-2016,1,65,R/65/91,Nuclear weapons and nuclear material,,yes,yes,1
5081,2010-12-10,2010,2009-2016,1,65,R/65/101,Palestinian conflict,0,yes,yes,1
5082,2010-12-10,2010,2009-2016,1,65,R/65/102,Colonialism; Human rights; Palestinian conflict,1,yes,yes,1
5083,2010-12-10,2010,2009-2016,1,65,R/65/103,Colonialism; Human rights; Palestinian conflict,0,yes,yes,1
5084,2010-12-10,2010,2009-2016,1,65,R/65/104,Colonialism; Human rights; Palestinian conflict,0,yes,yes,1
5085,2010-12-10,2010,2009-2016,1,65,R/65/105,Colonialism; Human rights; Palestinian conflict,0,yes,yes,1
5086,2010-12-10,2010,2009-2016,1,65,R/65/106,Colonialism; Human rights; Palestinian conflict,0,yes,yes,1
5087,2010-12-10,2010,2009-2016,1,65,R/65/109,Colonialism; Economic development,0,yes,yes,1
5088,2010-12-10,2010,2009-2016,1,65,R/65/110,Colonialism,0,yes,yes,1
5089,2010-12-10,2010,2009-2016,1,65,R/65/116,Colonialism,0,yes,yes,1
5090,2010-12-10,2010,2009-2016,1,65,R/65/117,Colonialism,0,yes,yes,1
5091,2010-12-10,2010,2009-2016,1,65,R/65/118,Colonialism,0,yes,yes,1
5092,2010-12-10,2010,2009-2016,1,65,R/65/119,Colonialism,0,yes,yes,1
5093,2010-12-10,2010,2009-2016,1,65,R/65/99,Sem codificacao tematica,0,yes,yes,1
5094,2010-12-10,2010,2009-2016,1,65,R/65/98,Palestinian conflict,0,yes,yes,1
5095,2010-12-20,2010,2009-2016,1,65,R/65/147,Economic development,0,yes,yes,1
5096,2010-12-20,2010,2009-2016,1,65,R/65/142,Economic development,0,yes,yes,1
5097,2010-12-21,2010,2009-2016,1,65,R/65/202,Colonialism; Human rights; Palestinian conflict,0,yes,yes,1
5098,2010-12-21,2010,2009-2016,1,65,R/65/203,Colonialism; Human rights,0,yes,yes,1
5099,2010-12-21,2010,2009-2016,1,65,R/65/199,Human rights,0,yes,yes,1
5100,2010-12-21,2010,2009-2016,1,65,R/65/206,Human rights,1,yes,no,0
5101,2010-12-21,2010,2009-2016,1,65,R/65/208,Human rights,1,yes,abstain,0
5102,2010-12-21,2010,2009-2016,1,65,R/65/216,Human rights,0,yes,yes,1
5103,2010-12-21,2010,2009-2016,1,65,R/65/217,Human rights,0,yes,yes,1
5104,2010-12-21,2010,2009-2016,1,65,R/65/219,Economic development; Human rights,0,yes,yes,1
5105,2010-12-21,2010,2009-2016,1,65,R/65/222,Human rights,0,yes,yes,1
5106,2010-12-21,2010,2009-2016,1,65,R/65/223,Human rights,0,yes,yes,1
5107,2010-12-21,2010,2009-2016,1,65,R/65/224,Human rights,1,abstain,yes,0
5108,2010-12-21,2010,2009-2016,1,65,R/65/225,Human rights,1,yes,no,0
5109,2010-12-21,2010,2009-2016,1,65,R/65/195,Human rights,1,yes,yes,1
5110,2010-12-21,2010,2009-2016,1,65,R/65/226,Human rights,1,abstain,no,0
5884,2010-12-21,2010,2009-2016,1,65,R/65/206,Human rights,,yes,no,0
5885,2010-12-21,2010,2009-2016,1,65,R/65/208,Human rights,,yes,no,0
5886,2010-12-24,2010,2009-2016,1,65,R/65/259,Sem codificacao tematica,,yes,yes,1
5111,2011-04-18,2011,2009-2016,1,65,R/65/272,Palestinian conflict,0,yes,yes,1
5112,2011-05-03,2011,2009-2016,1,65,R/65/276,Sem codificacao tematica,0,yes,yes,1
5887,2011-05-03,2011,2009-2016,1,65,R/65/276,Sem codificacao tematica,,no,no,1
5113,2011-06-17,2011,2009-2016,1,65,R/65/281,Human rights,0,yes,yes,1
5114,2011-06-29,2011,2009-2016,1,65,R/65/287,Economic development,0,abstain,abstain,1
5115,2011-06-30,2011,2009-2016,1,65,R/65/303,Palestinian conflict,0,yes,yes,1
5141,2011-09-16,2011,2009-2016,1,66,R/66/1A,Sem codificacao tematica,0,yes,yes,1
5888,2011-09-16,2011,2009-2016,1,66,R/66/1,Sem codificacao tematica,,no,no,1
5163,2011-10-25,2011,2009-2016,1,66,R/66/6,Economic development,1,yes,yes,1
5116,2011-11-18,2011,2009-2016,1,66,R/66/11,Human rights,0,yes,yes,1
5117,2011-11-18,2011,2009-2016,1,66,R/66/12,Sem codificacao tematica,1,abstain,abstain,1
5889,2011-11-18,2011,2009-2016,1,66,,Sem codificacao tematica,,abstain,abstain,1
5890,2011-11-18,2011,2009-2016,1,66,,Sem codificacao tematica,,abstain,abstain,1
5119,2011-11-30,2011,2009-2016,1,66,R/66/14,Human rights; Palestinian conflict,1,yes,yes,1
5124,2011-11-30,2011,2009-2016,1,66,R/66/15,Human rights; Palestinian conflict,1,yes,yes,1
5130,2011-11-30,2011,2009-2016,1,66,R/66/16,Palestinian conflict,0,yes,yes,1
5132,2011-11-30,2011,2009-2016,1,66,R/66/17,Palestinian conflict,0,yes,yes,1
5136,2011-11-30,2011,2009-2016,1,66,R/66/18,Palestinian conflict,0,yes,yes,1
5138,2011-11-30,2011,2009-2016,1,66,R/66/19,Sem codificacao tematica,0,yes,yes,1
5142,2011-12-02,2011,2009-2016,1,66,R/66/21,Arms control and disarmament; Economic development,0,yes,yes,1
5143,2011-12-02,2011,2009-2016,1,66,R/66/22,Sem codificacao tematica,0,yes,yes,1
5147,2011-12-02,2011,2009-2016,1,66,R/66/26,Arms control and disarmament; Nuclear weapons and nuclear material,0,yes,yes,1
5148,2011-12-02,2011,2009-2016,1,66,R/66/27,Arms control and disarmament,0,yes,yes,1
5149,2011-12-02,2011,2009-2016,1,66,R/66/28,Arms control and disarmament; Nuclear weapons and nuclear material,0,yes,abstain,0
5150,2011-12-02,2011,2009-2016,1,66,R/66/29,Arms control and disarmament,0,yes,yes,1
5151,2011-12-02,2011,2009-2016,1,66,R/66/32,Arms control and disarmament,0,yes,yes,1
5152,2011-12-02,2011,2009-2016,1,66,R/66/33,Arms control and disarmament; Nuclear weapons and nuclear material,0,yes,yes,1
5153,2011-12-02,2011,2009-2016,1,66,R/66/37,Arms control and disarmament,0,yes,yes,1
5154,2011-12-02,2011,2009-2016,1,66,R/66/39,Arms control and disarmament,0,yes,yes,1
5155,2011-12-02,2011,2009-2016,1,66,R/66/40,Arms control and disarmament; Nuclear weapons and nuclear material,0,yes,abstain,0
5156,2011-12-02,2011,2009-2016,1,66,R/66/44,Arms control and disarmament; Nuclear weapons and nuclear material,0,yes,yes,1
5157,2011-12-02,2011,2009-2016,1,66,R/66/45,Arms control and disarmament; Nuclear weapons and nuclear material,1,abstain,abstain,1
5158,2011-12-02,2011,2009-2016,1,66,R/66/46,Arms control and disarmament; Nuclear weapons and nuclear material,0,yes,yes,1
5159,2011-12-02,2011,2009-2016,1,66,R/66/48,Arms control and disarmament; Nuclear weapons and nuclear material,0,yes,abstain,0
5160,2011-12-02,2011,2009-2016,1,66,R/66/49,Arms control and disarmament,0,yes,yes,1
5161,2011-12-02,2011,2009-2016,1,66,R/66/51,Arms control and disarmament; Nuclear weapons and nuclear material,0,yes,yes,1
5162,2011-12-02,2011,2009-2016,1,66,R/66/57,Arms control and disarmament; Nuclear weapons and nuclear material,0,yes,yes,1
5164,2011-12-02,2011,2009-2016,1,66,R/66/61,Arms control and disarmament; Nuclear weapons and nuclear material,0,yes,yes,1
5165,2011-12-02,2011,2009-2016,1,66,R/66/64,Nuclear weapons and nuclear material,0,yes,yes,1
5892,2011-12-02,2011,2009-2016,1,66,R/66/28,Sem codificacao tematica,,yes,yes,1
5894,2011-12-02,2011,2009-2016,1,66,R/66/37,Arms control and disarmament; Economic development,,yes,yes,1
5895,2011-12-02,2011,2009-2016,1,66,R/66/39,Sem codificacao tematica,,yes,yes,1
5896,2011-12-02,2011,2009-2016,1,66,R/66/39,Sem codificacao tematica,,yes,yes,1
5897,2011-12-02,2011,2009-2016,1,66,R/66/39,Sem codificacao tematica,,yes,yes,1
5898,2011-12-02,2011,2009-2016,1,66,R/66/39,Sem codificacao tematica,,yes,yes,1
5899,2011-12-02,2011,2009-2016,1,66,R/66/39,Sem codificacao tematica,,yes,yes,1
5900,2011-12-02,2011,2009-2016,1,66,R/66/39,Sem codificacao tematica,,yes,yes,1
5901,2011-12-02,2011,2009-2016,1,66,R/66/40,Nuclear weapons and nuclear material,,yes,abstain,0
5902,2011-12-02,2011,2009-2016,1,66,R/66/40,Sem codificacao tematica,,yes,yes,1
5903,2011-12-02,2011,2009-2016,1,66,R/66/44,Arms control and disarmament; Nuclear weapons and nuclear material,,yes,abstain,0
5904,2011-12-02,2011,2009-2016,1,66,R/66/44,Sem codificacao tematica,,yes,abstain,0
5906,2011-12-02,2011,2009-2016,1,66,R/66/45,Sem codificacao tematica,,yes,yes,1
5907,2011-12-02,2011,2009-2016,1,66,R/66/45,Sem codificacao tematica,,yes,yes,1
5908,2011-12-02,2011,2009-2016,1,66,R/66/45,Sem codificacao tematica,,abstain,no,0
5909,2011-12-02,2011,2009-2016,1,66,R/66/45,Sem codificacao tematica,,abstain,yes,0
5910,2011-12-02,2011,2009-2016,1,66,R/66/51,Arms control and disarmament; Nuclear weapons and nuclear material,,yes,yes,1
5911,2011-12-02,2011,2009-2016,1,66,R/66/51,Sem codificacao tematica,,yes,yes,1
5912,2011-12-02,2011,2009-2016,1,66,R/66/61,Arms control and disarmament; Nuclear weapons and nuclear material,,yes,yes,1
5913,2011-12-02,2011,2009-2016,1,66,R/66/61,Sem codificacao tematica,,yes,yes,1
5914,2011-12-02,2011,2009-2016,1,66,R/66/61,Sem codificacao tematica,,yes,yes,1
5915,2011-12-02,2011,2009-2016,1,66,R/66/64,Nuclear weapons and nuclear material,,yes,yes,1
5166,2011-12-09,2011,2009-2016,1,66,R/66/72,Palestinian conflict,0,yes,yes,1
5167,2011-12-09,2011,2009-2016,1,66,R/66/73,Sem codificacao tematica,0,yes,yes,1
5168,2011-12-09,2011,2009-2016,1,66,R/66/74,Palestinian conflict,0,yes,yes,1
5169,2011-12-09,2011,2009-2016,1,66,R/66/75,Palestinian conflict,0,yes,yes,1
5170,2011-12-09,2011,2009-2016,1,66,R/66/76,Colonialism; Human rights; Palestinian conflict,1,yes,yes,1
5171,2011-12-09,2011,2009-2016,1,66,R/66/77,Colonialism; Human rights; Palestinian conflict,0,yes,yes,1
5172,2011-12-09,2011,2009-2016,1,66,R/66/78,Colonialism; Human rights; Palestinian conflict,0,yes,yes,1
5173,2011-12-09,2011,2009-2016,1,66,R/66/79,Colonialism; Human rights; Palestinian conflict,0,yes,yes,1
5174,2011-12-09,2011,2009-2016,1,66,R/66/80,Colonialism; Human rights; Palestinian conflict,0,yes,yes,1
5175,2011-12-09,2011,2009-2016,1,66,R/66/82,Colonialism,0,yes,yes,1
5176,2011-12-09,2011,2009-2016,1,66,R/66/83,Colonialism; Economic development,0,yes,yes,1
5177,2011-12-09,2011,2009-2016,1,66,R/66/84,Colonialism,0,yes,yes,1
5178,2011-12-09,2011,2009-2016,1,66,R/66/90,Colonialism,0,yes,yes,1
5118,2011-12-19,2011,2009-2016,1,66,R/66/136,Human rights,1,yes,yes,1
5120,2011-12-19,2011,2009-2016,1,66,R/66/143,Human rights,0,yes,yes,1
5121,2011-12-19,2011,2009-2016,1,66,R/66/144,Human rights,0,yes,yes,1
5122,2011-12-19,2011,2009-2016,1,66,R/66/146,Colonialism; Human rights; Palestinian conflict,0,yes,yes,1
5123,2011-12-19,2011,2009-2016,1,66,R/66/147,Colonialism; Human rights,0,yes,yes,1
5125,2011-12-19,2011,2009-2016,1,66,R/66/153,Human rights,0,yes,yes,1
5126,2011-12-19,2011,2009-2016,1,66,R/66/154,Human rights,0,yes,yes,1
5127,2011-12-19,2011,2009-2016,1,66,R/66/155,Economic development; Human rights,0,yes,yes,1
5128,2011-12-19,2011,2009-2016,1,66,R/66/156,Human rights,0,yes,yes,1
5129,2011-12-19,2011,2009-2016,1,66,R/66/159,Human rights,0,yes,yes,1
5131,2011-12-19,2011,2009-2016,1,66,R/66/161,Human rights,0,yes,yes,1
5133,2011-12-19,2011,2009-2016,1,66,R/66/174,Human rights,1,yes,no,0
5134,2011-12-19,2011,2009-2016,1,66,R/66/175,Human rights,1,abstain,no,0
5135,2011-12-19,2011,2009-2016,1,66,R/66/176,Human rights,1,yes,abstain,0
5916,2011-12-19,2011,2009-2016,1,66,R/66/175,Human rights,,abstain,yes,0
5137,2011-12-22,2011,2009-2016,1,66,R/66/186,Economic development,0,yes,yes,1
5139,2011-12-22,2011,2009-2016,1,66,R/66/192,Economic development,0,yes,yes,1
5140,2011-12-22,2011,2009-2016,1,66,R/66/195,Economic development,0,yes,yes,1
5144,2011-12-22,2011,2009-2016,1,66,R/66/225,Colonialism; Palestinian conflict,0,yes,yes,1
5145,2011-12-24,2011,2009-2016,1,66,R/66/230,Human rights,0,abstain,no,0
5146,2011-12-24,2011,2009-2016,1,66,R/66/231,Sem codificacao tematica,0,yes,yes,1
5917,2011-12-24,2011,2009-2016,1,66,R/66/247,Sem codificacao tematica,,yes,yes,1
5180,2012-02-16,2012,2009-2016,1,66,R/66/253,Sem codificacao tematica,0,yes,no,0
5179,2012-04-09,2012,2009-2016,1,66,R/66/257,Sem codificacao tematica,0,yes,yes,1
5918,2012-04-09,2012,2009-2016,1,66,R/66/257,Sem codificacao tematica,,no,no,1
5919,2012-04-09,2012,2009-2016,1,66,R/66/257,Sem codificacao tematica,,yes,yes,1
5920,2012-06-21,2012,2009-2016,1,66,R/66/277,Palestinian conflict,,yes,yes,1
5181,2012-11-13,2012,2009-2016,1,67,R/67/4,Economic development,1,yes,yes,1
5182,2012-11-29,2012,2009-2016,1,67,R/67/19,Palestinian conflict,1,yes,yes,1
5183,2012-11-30,2012,2009-2016,1,67,R/67/20,Human rights; Palestinian conflict,1,yes,yes,1
5184,2012-11-30,2012,2009-2016,1,67,R/67/21,Human rights; Palestinian conflict,1,yes,yes,1
5185,2012-11-30,2012,2009-2016,1,67,R/67/22,Palestinian conflict,0,yes,yes,1
5186,2012-11-30,2012,2009-2016,1,67,R/67/23,Palestinian conflict,0,yes,yes,1
5187,2012-11-30,2012,2009-2016,1,67,R/67/24,Palestinian conflict,0,yes,yes,1
5188,2012-11-30,2012,2009-2016,1,67,R/67/25,Sem codificacao tematica,0,yes,yes,1
5190,2012-12-03,2012,2009-2016,1,67,R/67/30,Arms control and disarmament,0,yes,yes,1
5191,2012-12-03,2012,2009-2016,1,67,R/67/31,Nuclear weapons and nuclear material,0,yes,yes,1
5192,2012-12-03,2012,2009-2016,1,67,R/67/32,Arms control and disarmament,0,yes,yes,1
5193,2012-12-03,2012,2009-2016,1,67,R/67/33,Arms control and disarmament; Nuclear weapons and nuclear material,0,yes,yes,1
5194,2012-12-03,2012,2009-2016,1,67,R/67/34,Arms control and disarmament; Nuclear weapons and nuclear material,0,yes,abstain,0
5195,2012-12-03,2012,2009-2016,1,67,R/67/35,Sem codificacao tematica,0,yes,yes,1
5197,2012-12-03,2012,2009-2016,1,67,R/67/38,Arms control and disarmament,0,yes,yes,1
5198,2012-12-03,2012,2009-2016,1,67,R/67/39,Arms control and disarmament; Nuclear weapons and nuclear material,0,yes,yes,1
5199,2012-12-03,2012,2009-2016,1,67,R/67/42,Arms control and disarmament,0,yes,abstain,0
5200,2012-12-03,2012,2009-2016,1,67,R/67/43,Sem codificacao tematica,0,yes,yes,1
5201,2012-12-03,2012,2009-2016,1,67,R/67/45,Arms control and disarmament; Nuclear weapons and nuclear material,0,yes,abstain,0
5202,2012-12-03,2012,2009-2016,1,67,R/67/46,Arms control and disarmament; Nuclear weapons and nuclear material,0,yes,yes,1
5203,2012-12-03,2012,2009-2016,1,67,R/67/53,Arms control and disarmament; Nuclear weapons and nuclear material,0,yes,abstain,0
5204,2012-12-03,2012,2009-2016,1,67,R/67/55,Nuclear weapons and nuclear material,0,yes,yes,1
5205,2012-12-03,2012,2009-2016,1,67,R/67/56,Arms control and disarmament; Nuclear weapons and nuclear material,0,yes,abstain,0
5206,2012-12-03,2012,2009-2016,1,67,R/67/59,Arms control and disarmament; Nuclear weapons and nuclear material,0,abstain,abstain,1
5207,2012-12-03,2012,2009-2016,1,67,R/67/60,Arms control and disarmament; Nuclear weapons and nuclear material,0,yes,yes,1
5208,2012-12-03,2012,2009-2016,1,67,R/67/62,Arms control and disarmament,0,yes,yes,1
5209,2012-12-03,2012,2009-2016,1,67,R/67/64,Arms control and disarmament; Nuclear weapons and nuclear material,0,yes,yes,1
5210,2012-12-03,2012,2009-2016,1,67,R/67/73,Arms control and disarmament; Nuclear weapons and nuclear material,0,yes,yes,1
5211,2012-12-03,2012,2009-2016,1,67,R/67/76,Nuclear weapons and nuclear material,0,yes,yes,1
5921,2012-12-03,2012,2009-2016,1,67,R/67/34,Nuclear weapons and nuclear material,,yes,yes,1
5922,2012-12-03,2012,2009-2016,1,67,R/67/43,Sem codificacao tematica,,yes,yes,1
5923,2012-12-03,2012,2009-2016,1,67,R/67/43,Sem codificacao tematica,,yes,yes,1
5924,2012-12-03,2012,2009-2016,1,67,R/677/46,Arms control and disarmament; Nuclear weapons and nuclear material,,yes,yes,1
5925,2012-12-03,2012,2009-2016,1,67,R/67/53,Arms control and disarmament; Nuclear weapons and nuclear material,,yes,abstain,0
5926,2012-12-03,2012,2009-2016,1,67,R/67/59,Arms control and disarmament; Economic development; Nuclear weapons and nuclear material,,yes,yes,1
5927,2012-12-03,2012,2009-2016,1,67,R/67/59,Sem codificacao tematica,,yes,yes,1
5928,2012-12-03,2012,2009-2016,1,67,R/67/59,Sem codificacao tematica,,yes,no,0
5929,2012-12-03,2012,2009-2016,1,67,R/67/59,Sem codificacao tematica,,abstain,yes,0
5930,2012-12-03,2012,2009-2016,1,67,R/67/60,Nuclear weapons and nuclear material,,yes,yes,1
5931,2012-12-03,2012,2009-2016,1,67,R/67/62,Arms control and disarmament,,yes,yes,1
5932,2012-12-03,2012,2009-2016,1,67,R/67/73,Sem codificacao tematica,,yes,yes,1
5933,2012-12-03,2012,2009-2016,1,67,R/67/73,Sem codificacao tematica,,yes,yes,1
5934,2012-12-03,2012,2009-2016,1,67,R/67/76,Nuclear weapons and nuclear material,,yes,yes,1
5212,2012-12-11,2012,2009-2016,1,67,R/67/78,Sem codificacao tematica,0,yes,yes,1
5213,2012-12-18,2012,2009-2016,1,67,R/67/114,Palestinian conflict,0,yes,yes,1
5214,2012-12-18,2012,2009-2016,1,67,R/67/115,Sem codificacao tematica,0,yes,yes,1
5215,2012-12-18,2012,2009-2016,1,67,R/67/116,Palestinian conflict,0,yes,yes,1
5216,2012-12-18,2012,2009-2016,1,67,R/67/117,Palestinian conflict,0,yes,yes,1
5217,2012-12-18,2012,2009-2016,1,67,R/67/118,Colonialism; Human rights; Palestinian conflict,1,yes,yes,1
5218,2012-12-18,2012,2009-2016,1,67,R/67/119,Colonialism; Human rights; Palestinian conflict,0,yes,yes,1
5219,2012-12-18,2012,2009-2016,1,67,R/67/120,Colonialism; Human rights; Palestinian conflict,0,yes,yes,1
5220,2012-12-18,2012,2009-2016,1,67,R/67/121,Colonialism; Human rights; Palestinian conflict,0,yes,yes,1
5221,2012-12-18,2012,2009-2016,1,67,R/67/122,Colonialism; Human rights; Palestinian conflict,0,yes,yes,1
5222,2012-12-18,2012,2009-2016,1,67,R/67/125,Colonialism,0,yes,yes,1
5223,2012-12-18,2012,2009-2016,1,67,R/67/126,Colonialism; Economic development,0,yes,yes,1
5224,2012-12-18,2012,2009-2016,1,67,R/67/127,Colonialism,0,yes,yes,1
5225,2012-12-18,2012,2009-2016,1,67,R/67/133,Colonialism,0,yes,yes,1
5226,2012-12-18,2012,2009-2016,1,67,R/67/134,Colonialism,0,yes,yes,1
5227,2012-12-20,2012,2009-2016,1,67,R/67/139,Economic development; Human rights,0,yes,abstain,0
5228,2012-12-20,2012,2009-2016,1,67,R/67/154,Human rights,0,yes,yes,1
5229,2012-12-20,2012,2009-2016,1,67,R/67/155,Human rights,0,yes,yes,1
5230,2012-12-20,2012,2009-2016,1,67,R/67/158,Colonialism; Human rights; Palestinian conflict,0,yes,yes,1
5231,2012-12-20,2012,2009-2016,1,67,R/67/159,Colonialism; Human rights,0,yes,yes,1
5232,2012-12-20,2012,2009-2016,1,67,R/67/162,Human rights,0,yes,yes,1
5233,2012-12-20,2012,2009-2016,1,67,R/67/165,Human rights,0,yes,yes,1
5234,2012-12-20,2012,2009-2016,1,67,R/67/168,Human rights,0,yes,abstain,0
5235,2012-12-20,2012,2009-2016,1,67,R/67/170,Human rights,0,yes,yes,1
5236,2012-12-20,2012,2009-2016,1,67,R/67/171,Economic development; Human rights,0,yes,yes,1
5237,2012-12-20,2012,2009-2016,1,67,R/67/173,Human rights,0,yes,yes,1
5238,2012-12-20,2012,2009-2016,1,67,R/67/175,Human rights,0,yes,yes,1
5239,2012-12-20,2012,2009-2016,1,67,R/67/176,Human rights,0,yes,no,0
5240,2012-12-20,2012,2009-2016,1,67,R/67/182,Human rights,1,abstain,no,0
5241,2012-12-20,2012,2009-2016,1,67,R/67/183,Human rights,1,yes,no,0
5242,2012-12-21,2012,2009-2016,1,67,R/67/201,Economic development,0,yes,yes,1
5243,2012-12-21,2012,2009-2016,1,67,R/67/202,Economic development,1,yes,abstain,0
5244,2012-12-21,2012,2009-2016,1,67,R/67/217,Economic development,0,yes,yes,1
5245,2012-12-21,2012,2009-2016,1,67,R/67/219,Economic development,0,yes,yes,1
5246,2012-12-21,2012,2009-2016,1,67,R/67/229,Colonialism; Palestinian conflict,0,yes,yes,1
5247,2012-12-24,2012,2009-2016,1,67,R/67/234,Arms control and disarmament; Economic development,0,yes,yes,1
5248,2012-12-24,2012,2009-2016,1,67,R/67/243,Sem codificacao tematica,0,yes,abstain,0
5935,2012-12-24,2012,2009-2016,1,67,R/67/234,Arms control and disarmament; Economic development; Human rights,,yes,yes,1
5936,2012-12-24,2012,2009-2016,1,67,R/67/234,Sem codificacao tematica,,yes,yes,1
5937,2012-12-24,2012,2009-2016,1,67,R/67/243,Sem codificacao tematica,,abstain,yes,0
5938,2012-12-24,2012,2009-2016,1,67,R/67/243,Sem codificacao tematica,,yes,abstain,0
5939,2012-12-24,2012,2009-2016,1,67,R/67/246,Economic development,,yes,abstain,0
5940,2013-06-28,2013,2009-2016,1,67,R/67/279,Palestinian conflict,,yes,yes,1
5249,2013-10-29,2013,2009-2016,1,68,R/68/8,Economic development,1,yes,yes,1
5250,2013-11-26,2013,2009-2016,1,68,R/68/17,Sem codificacao tematica,0,yes,yes,1
5251,2013-11-26,2013,2009-2016,1,68,R/68/16,Palestinian conflict,0,yes,yes,1
5252,2013-11-26,2013,2009-2016,1,68,R/68/15,Palestinian conflict,0,yes,yes,1
5253,2013-11-26,2013,2009-2016,1,68,R/68/14,Palestinian conflict,0,yes,yes,1
5254,2013-11-26,2013,2009-2016,1,68,R/68/13,Human rights; Palestinian conflict,1,yes,yes,1
5255,2013-11-26,2013,2009-2016,1,68,R/68/12,Human rights; Palestinian conflict,1,yes,yes,1
5256,2013-12-05,2013,2009-2016,1,68,R/68/24,Sem codificacao tematica,0,yes,yes,1
5257,2013-12-05,2013,2009-2016,1,68,R/68/28,Arms control and disarmament; Nuclear weapons and nuclear material,0,yes,yes,1
5258,2013-12-05,2013,2009-2016,1,68,R/68/29,Arms control and disarmament,0,yes,yes,1
5259,2013-12-05,2013,2009-2016,1,68,R/68/30,Arms control and disarmament,0,yes,yes,1
5260,2013-12-05,2013,2009-2016,1,68,R/68/31,Arms control and disarmament; Economic development,1,yes,yes,1
5261,2013-12-05,2013,2009-2016,1,68,R/68/32,Arms control and disarmament; Nuclear weapons and nuclear material,0,yes,yes,1
5262,2013-12-05,2013,2009-2016,1,68,R/68/35,Arms control and disarmament; Nuclear weapons and nuclear material,0,yes,abstain,0
5263,2013-12-05,2013,2009-2016,1,68,R/68/38,Arms control and disarmament,0,yes,yes,1
5264,2013-12-05,2013,2009-2016,1,68,R/68/39,Arms control and disarmament; Nuclear weapons and nuclear material,0,yes,abstain,0
5265,2013-12-05,2013,2009-2016,1,68,R/68/40,Arms control and disarmament; Nuclear weapons and nuclear material,0,yes,abstain,0
5266,2013-12-05,2013,2009-2016,1,68,R/68/42,Arms control and disarmament; Nuclear weapons and nuclear material,0,yes,yes,1
5267,2013-12-05,2013,2009-2016,1,68,R/68/43,Arms control and disarmament,1,yes,yes,1
5268,2013-12-05,2013,2009-2016,1,68,R/68/44,Arms control and disarmament,0,yes,yes,1
5269,2013-12-05,2013,2009-2016,1,68,R/68/46,Arms control and disarmament; Nuclear weapons and nuclear material,0,yes,abstain,0
5270,2013-12-05,2013,2009-2016,1,68,R/68/51,Arms control and disarmament; Nuclear weapons and nuclear material,1,abstain,abstain,1
5271,2013-12-05,2013,2009-2016,1,68,R/68/56,Arms control and disarmament,0,yes,yes,1
5272,2013-12-05,2013,2009-2016,1,68,R/68/58,Arms control and disarmament; Nuclear weapons and nuclear material,0,yes,yes,1
5273,2013-12-05,2013,2009-2016,1,68,R/68/65,Arms control and disarmament; Nuclear weapons and nuclear material,0,yes,yes,1
5274,2013-12-05,2013,2009-2016,1,68,R/68/68,Nuclear weapons and nuclear material,0,yes,yes,1
5275,2013-12-05,2013,2009-2016,1,68,R/68/47,Arms control and disarmament; Nuclear weapons and nuclear material,0,yes,yes,1
5276,2013-12-09,2013,2009-2016,1,68,R/68/70,Sem codificacao tematica,0,yes,yes,1
5277,2013-12-11,2013,2009-2016,1,68,R/68/88,Colonialism; Economic development,0,yes,yes,1
5278,2013-12-11,2013,2009-2016,1,68,R/68/97,Colonialism,0,yes,yes,1
5279,2013-12-11,2013,2009-2016,1,68,R/68/96,Colonialism,0,yes,yes,1
5280,2013-12-11,2013,2009-2016,1,68,R/68/89,Colonialism,0,yes,yes,1
5281,2013-12-11,2013,2009-2016,1,68,R/68/83,Colonialism; Human rights; Palestinian conflict,0,yes,yes,1
5282,2013-12-11,2013,2009-2016,1,68,R/68/82,Colonialism; Human rights; Palestinian conflict,0,yes,yes,1
5283,2013-12-11,2013,2009-2016,1,68,R/68/81,Colonialism; Human rights; Palestinian conflict,0,yes,yes,1
5284,2013-12-11,2013,2009-2016,1,68,R/68/80,Colonialism; Human rights; Palestinian conflict,1,yes,yes,1
5285,2013-12-11,2013,2009-2016,1,68,R/68/76,Palestinian conflict,0,yes,yes,1
5286,2013-12-11,2013,2009-2016,1,68,R/68/79,Palestinian conflict,0,yes,yes,1
5287,2013-12-11,2013,2009-2016,1,68,R/68/84,Colonialism; Human rights; Palestinian conflict,0,yes,yes,1
5288,2013-12-11,2013,2009-2016,1,68,R/68/87,Colonialism,0,yes,yes,1
5289,2013-12-11,2013,2009-2016,1,68,R/68/78,Palestinian conflict,0,yes,yes,1
5290,2013-12-11,2013,2009-2016,1,68,R/68/77,Sem codificacao tematica,0,yes,yes,1
5291,2013-12-18,2013,2009-2016,1,68,R/68/182,Human rights,1,yes,no,0
5292,2013-12-18,2013,2009-2016,1,68,R/68/175,Human rights,0,yes,yes,1
5293,2013-12-18,2013,2009-2016,1,68,R/68/168,Human rights,0,yes,yes,1
5294,2013-12-18,2013,2009-2016,1,68,R/68/161,Human rights,0,yes,yes,1
5295,2013-12-18,2013,2009-2016,1,68,R/68/162,Human rights,0,yes,yes,1
5296,2013-12-18,2013,2009-2016,1,68,R/68/158,Economic development; Human rights,0,yes,yes,1
5297,2013-12-18,2013,2009-2016,1,68,R/68/159,Human rights,0,yes,yes,1
5298,2013-12-18,2013,2009-2016,1,68,R/68/154,Colonialism; Human rights; Palestinian conflict,0,yes,yes,1
5299,2013-12-18,2013,2009-2016,1,68,R/68/152,Colonialism; Human rights,0,yes,yes,1
5300,2013-12-18,2013,2009-2016,1,68,R/68/151,Human rights,0,yes,yes,1
5301,2013-12-18,2013,2009-2016,1,68,R/68/150,Human rights,0,yes,yes,1
5302,2013-12-18,2013,2009-2016,1,68,R/68/144,Human rights,1,abstain,yes,0
5303,2013-12-18,2013,2009-2016,1,68,R/68/184,Human rights,1,abstain,no,0
5304,2013-12-20,2013,2009-2016,1,68,R/68/200,Economic development,0,yes,yes,1
5305,2013-12-20,2013,2009-2016,1,68,R/68/209,Economic development,1,yes,yes,1
5306,2013-12-20,2013,2009-2016,1,68,R/68/235,Colonialism; Palestinian conflict,0,yes,yes,1
5307,2013-12-20,2013,2009-2016,1,68,R/68/206,Economic development,0,yes,yes,1
5308,2013-12-27,2013,2009-2016,1,68,R/68/241,Human rights,0,yes,yes,1
5309,2014-03-27,2014,2009-2016,1,68,R/68/262,Sem codificacao tematica,0,abstain,abstain,1
5310,2014-06-05,2014,2009-2016,1,68,R/68/274,Economic development,0,abstain,abstain,1
5311,2014-06-30,2014,2009-2016,1,68,R/68/292,Palestinian conflict,0,yes,yes,1
5312,2014-09-09,2014,2009-2016,1,68,R/68/304,Sem codificacao tematica,0,yes,yes,1
5313,2014-10-28,2014,2009-2016,1,69,R/69/5,Economic development,1,yes,yes,1
5314,2014-11-11,2014,2009-2016,1,69,R/69/14,Arms control and disarmament,0,yes,yes,1
5315,2014-11-25,2014,2009-2016,1,69,R/69/20,Human rights; Palestinian conflict,1,yes,yes,1
5316,2014-11-25,2014,2009-2016,1,69,R/69/21,Human rights; Palestinian conflict,1,yes,yes,1
5317,2014-11-25,2014,2009-2016,1,69,R/69/22,Palestinian conflict,0,yes,yes,1
5318,2014-11-25,2014,2009-2016,1,69,R/69/23,Palestinian conflict,0,yes,yes,1
5320,2014-11-25,2014,2009-2016,1,69,R/69/25,Sem codificacao tematica,0,yes,yes,1
5321,2014-12-02,2014,2009-2016,1,69,R/69/27,Arms control and disarmament; Economic development,0,yes,yes,1
5322,2014-12-02,2014,2009-2016,1,69,R/69/30,Arms control and disarmament; Nuclear weapons and nuclear material,0,yes,yes,1
5323,2014-12-02,2014,2009-2016,1,69,R/69/31,Arms control and disarmament,0,yes,yes,1
5324,2014-12-02,2014,2009-2016,1,69,R/69/32,Arms control and disarmament,0,yes,yes,1
5325,2014-12-02,2014,2009-2016,1,69,R/69/34,Arms control and disarmament,0,yes,yes,1
5326,2014-12-02,2014,2009-2016,1,69,R/69/35,Nuclear weapons and nuclear material,0,yes,yes,1
5327,2014-12-02,2014,2009-2016,1,69,R/69/37,Arms control and disarmament; Nuclear weapons and nuclear material,0,yes,abstain,0
5328,2014-12-02,2014,2009-2016,1,69,R/69/40,Nuclear weapons and nuclear material,0,yes,abstain,0
5329,2014-12-02,2014,2009-2016,1,69,R/69/41,Arms control and disarmament; Nuclear weapons and nuclear material,0,yes,abstain,0
5330,2014-12-02,2014,2009-2016,1,69,R/69/42,Arms control and disarmament; Nuclear weapons and nuclear material,0,yes,yes,1
5331,2014-12-02,2014,2009-2016,1,69,R/69/43,Arms control and disarmament; Nuclear weapons and nuclear material,0,yes,yes,1
5332,2014-12-02,2014,2009-2016,1,69,R/69/44,Arms control and disarmament,1,abstain,abstain,1
5333,2014-12-02,2014,2009-2016,1,69,R/69/47,Arms control and disarmament,0,yes,yes,1
5334,2014-12-02,2014,2009-2016,1,69,R/69/48,Arms control and disarmament; Nuclear weapons and nuclear material,0,yes,yes,1
5335,2014-12-02,2014,2009-2016,1,69,R/69/49,Arms control and disarmament; Economic development,0,yes,yes,1
5336,2014-12-02,2014,2009-2016,1,69,R/69/52,Arms control and disarmament; Nuclear weapons and nuclear material,1,abstain,abstain,1
5337,2014-12-02,2014,2009-2016,1,69,R/69/53,Sem codificacao tematica,0,yes,yes,1
5338,2014-12-02,2014,2009-2016,1,69,R/69/54,Arms control and disarmament,0,yes,yes,1
5340,2014-12-02,2014,2009-2016,1,69,R/69/58,Arms control and disarmament; Nuclear weapons and nuclear material,0,yes,yes,1
5341,2014-12-02,2014,2009-2016,1,69,R/69/59,Arms control and disarmament,0,yes,yes,1
5342,2014-12-02,2014,2009-2016,1,69,R/69/61,Arms control and disarmament,0,yes,yes,1
5343,2014-12-02,2014,2009-2016,1,69,R/69/62,Sem codificacao tematica,0,yes,yes,1
5344,2014-12-02,2014,2009-2016,1,69,R/69/66,Nuclear weapons and nuclear material,0,yes,yes,1
5345,2014-12-02,2014,2009-2016,1,69,R/69/67,Arms control and disarmament; Economic development,0,yes,yes,1
5346,2014-12-02,2014,2009-2016,1,69,R/69/69,Arms control and disarmament; Nuclear weapons and nuclear material,0,yes,yes,1
5347,2014-12-02,2014,2009-2016,1,69,R/69/78,Arms control and disarmament; Nuclear weapons and nuclear material,0,yes,yes,1
5348,2014-12-02,2014,2009-2016,1,69,R/69/81,Nuclear weapons and nuclear material,1,yes,yes,1
5349,2014-12-05,2014,2009-2016,1,69,R/69/106,Colonialism,0,yes,yes,1
5350,2014-12-05,2014,2009-2016,1,69,R/69/107,Colonialism,0,yes,yes,1
5351,2014-12-05,2014,2009-2016,1,69,R/69/86,Palestinian conflict,0,yes,yes,1
5352,2014-12-05,2014,2009-2016,1,69,R/69/87,Sem codificacao tematica,0,yes,yes,1
5353,2014-12-05,2014,2009-2016,1,69,R/69/88,Palestinian conflict,0,yes,yes,1
5354,2014-12-05,2014,2009-2016,1,69,R/69/89,Palestinian conflict,0,yes,yes,1
5355,2014-12-05,2014,2009-2016,1,69,R/69/90,Colonialism; Human rights; Palestinian conflict,1,yes,yes,1
5356,2014-12-05,2014,2009-2016,1,69,R/69/91,Colonialism; Palestinian conflict,0,yes,yes,1
5357,2014-12-05,2014,2009-2016,1,69,R/69/92,Palestinian conflict,0,yes,yes,1
5358,2014-12-05,2014,2009-2016,1,69,R/69/93,Human rights; Palestinian conflict,0,yes,yes,1
5359,2014-12-05,2014,2009-2016,1,69,R/69/94,Sem codificacao tematica,0,yes,yes,1
5360,2014-12-05,2014,2009-2016,1,69,R/69/97,Colonialism,0,yes,yes,1
5361,2014-12-05,2014,2009-2016,1,69,R/69/98,Colonialism; Economic development,0,yes,yes,1
5362,2014-12-05,2014,2009-2016,1,69,R/69/99,Colonialism,0,yes,yes,1
5363,2014-12-18,2014,2009-2016,1,69,R/69/155,Human rights,0,yes,yes,1
5364,2014-12-18,2014,2009-2016,1,69,R/69/160,Human rights,0,yes,yes,1
5365,2014-12-18,2014,2009-2016,1,69,R/69/162,Human rights,0,yes,yes,1
5366,2014-12-18,2014,2009-2016,1,69,R/69/163,Colonialism; Human rights,0,yes,yes,1
5367,2014-12-18,2014,2009-2016,1,69,R/69/165,Colonialism; Human rights; Palestinian conflict,0,yes,yes,1
5368,2014-12-18,2014,2009-2016,1,69,R/69/170,Sem codificacao tematica,0,yes,yes,1
5369,2014-12-18,2014,2009-2016,1,69,R/69/171,Human rights,0,yes,yes,1
5370,2014-12-18,2014,2009-2016,1,69,R/69/173,Human rights,0,yes,yes,1
5371,2014-12-18,2014,2009-2016,1,69,R/69/176,Human rights,0,yes,yes,1
5372,2014-12-18,2014,2009-2016,1,69,R/69/178,Sem codificacao tematica,0,yes,yes,1
5373,2014-12-18,2014,2009-2016,1,69,R/69/180,Human rights,0,yes,yes,1
5374,2014-12-18,2014,2009-2016,1,69,R/69/181,Economic development; Human rights,0,yes,yes,1
5375,2014-12-18,2014,2009-2016,1,69,R/69/182,Sem codificacao tematica,1,yes,abstain,0
5376,2014-12-18,2014,2009-2016,1,69,R/69/186,Human rights,0,yes,no,0
5377,2014-12-18,2014,2009-2016,1,69,R/69/188,Human rights,1,yes,no,0
5378,2014-12-18,2014,2009-2016,1,69,R/69/189,Human rights,1,yes,no,0
5379,2014-12-18,2014,2009-2016,1,69,R/69/190,Human rights,1,abstain,no,0
5380,2014-12-19,2014,2009-2016,1,69,R/69/207,Economic development,0,yes,yes,1
5381,2014-12-19,2014,2009-2016,1,69,R/69/210,Economic development,1,yes,abstain,0
5382,2014-12-19,2014,2009-2016,1,69,R/69/212,Sem codificacao tematica,0,yes,yes,1
5383,2014-12-19,2014,2009-2016,1,69,R/69/227,Economic development,1,yes,yes,1
5384,2014-12-19,2014,2009-2016,1,69,R/69/238,Economic development,0,yes,yes,1
5385,2014-12-19,2014,2009-2016,1,69,R/69/239,Sem codificacao tematica,0,yes,yes,1
5386,2014-12-19,2014,2009-2016,1,69,R/69/241,Palestinian conflict,0,yes,yes,1
5387,2014-12-29,2014,2009-2016,1,69,R/69/245,Sem codificacao tematica,0,yes,yes,1
5388,2014-12-29,2014,2009-2016,1,69,R/69/247,Sem codificacao tematica,0,yes,yes,1
5389,2015-06-03,2015,2009-2016,1,69,R/69/286,Sem codificacao tematica,0,abstain,abstain,1
5390,2015-06-25,2015,2009-2016,1,69,R/69/302,Palestinian conflict,0,yes,yes,1
5391,2015-09-10,2015,2009-2016,1,69,R/69/319,Sem codificacao tematica,0,yes,yes,1
5392,2015-09-10,2015,2009-2016,1,69,R/69/320,Sem codificacao tematica,0,yes,yes,1
5393,2015-09-11,2015,2009-2016,1,69,R/69/326,Economic development,0,yes,yes,1
5394,2015-10-27,2015,2009-2016,1,70,R/70/5,Economic development,1,yes,yes,1
5395,2015-11-17,2015,2009-2016,1,70,R/70/10,Sem codificacao tematica,1,yes,yes,1
5396,2015-11-24,2015,2009-2016,1,70,R/70/12,Human rights; Palestinian conflict,1,yes,yes,1
5397,2015-11-24,2015,2009-2016,1,70,R/70/13,Human rights; Palestinian conflict,1,yes,yes,1
5398,2015-11-24,2015,2009-2016,1,70,R/70/14,Palestinian conflict,0,yes,yes,1
5399,2015-11-24,2015,2009-2016,1,70,R/70/15,Palestinian conflict,0,yes,yes,1
5400,2015-11-24,2015,2009-2016,1,70,R/70/16,Palestinian conflict,0,yes,yes,1
5401,2015-11-24,2015,2009-2016,1,70,R/70/17,Sem codificacao tematica,0,yes,yes,1
5402,2015-12-07,2015,2009-2016,1,70,R/70/22,Sem codificacao tematica,0,yes,yes,1
5403,2015-12-07,2015,2009-2016,1,70,R/70/25,Arms control and disarmament; Nuclear weapons and nuclear material,0,yes,yes,1
5404,2015-12-07,2015,2009-2016,1,70,R/70/26,Arms control and disarmament,0,yes,yes,1
5405,2015-12-07,2015,2009-2016,1,70,R/70/27,Arms control and disarmament,0,yes,yes,1
5406,2015-12-07,2015,2009-2016,1,70,R/70/28,Arms control and disarmament; Nuclear weapons and nuclear material,0,yes,yes,1
5407,2015-12-07,2015,2009-2016,1,70,R/70/31,Arms control and disarmament,0,yes,yes,1
5408,2015-12-07,2015,2009-2016,1,70,R/70/33,Arms control and disarmament; Nuclear weapons and nuclear material,0,yes,no,0
5409,2015-12-07,2015,2009-2016,1,70,R/70/34,Arms control and disarmament; Nuclear weapons and nuclear material,0,yes,yes,1
5410,2015-12-07,2015,2009-2016,1,70,R/70/37,Nuclear weapons and nuclear material,0,yes,abstain,0
5411,2015-12-07,2015,2009-2016,1,70,R/70/38,Arms control and disarmament; Nuclear weapons and nuclear material,0,yes,abstain,0
5412,2015-12-07,2015,2009-2016,1,70,R/70/39,Arms control and disarmament; Nuclear weapons and nuclear material,0,yes,yes,1
5413,2015-12-07,2015,2009-2016,1,70,R/70/40,Arms control and disarmament; Colonialism; Nuclear weapons and nuclear material,0,yes,no,0
5414,2015-12-07,2015,2009-2016,1,70,R/70/41,Arms control and disarmament; Economic development,0,yes,abstain,0
5415,2015-12-07,2015,2009-2016,1,70,R/70/44,Arms control and disarmament,0,yes,yes,1
5416,2015-12-07,2015,2009-2016,1,70,R/70/45,Nuclear weapons and nuclear material,0,yes,yes,1
5417,2015-12-07,2015,2009-2016,1,70,R/70/47,Arms control and disarmament; Nuclear weapons and nuclear material,0,yes,abstain,0
5418,2015-12-07,2015,2009-2016,1,70,R/70/48,Arms control and disarmament; Nuclear weapons and nuclear material,0,yes,abstain,0
5419,2015-12-07,2015,2009-2016,1,70,R/70/50,Nuclear weapons and nuclear material,0,yes,abstain,0
5420,2015-12-07,2015,2009-2016,1,70,R/70/51,Arms control and disarmament; Nuclear weapons and nuclear material,0,yes,abstain,0
5421,2015-12-07,2015,2009-2016,1,70,R/70/52,Arms control and disarmament; Nuclear weapons and nuclear material,0,yes,yes,1
5422,2015-12-07,2015,2009-2016,1,70,R/70/54,Sem codificacao tematica,0,abstain,abstain,1
5423,2015-12-07,2015,2009-2016,1,70,R/70/55,Arms control and disarmament,0,yes,yes,1
5424,2015-12-07,2015,2009-2016,1,70,R/70/56,Arms control and disarmament; Nuclear weapons and nuclear material,0,yes,yes,1
5425,2015-12-07,2015,2009-2016,1,70,R/70/57,Nuclear weapons and nuclear material,0,yes,abstain,0
5426,2015-12-07,2015,2009-2016,1,70,R/70/58,Arms control and disarmament; Economic development,1,yes,yes,1
5427,2015-12-07,2015,2009-2016,1,70,R/70/62,Arms control and disarmament; Nuclear weapons and nuclear material,0,yes,yes,1
5428,2015-12-07,2015,2009-2016,1,70,R/70/70,Arms control and disarmament; Nuclear weapons and nuclear material,0,yes,yes,1
5429,2015-12-07,2015,2009-2016,1,70,R/70/73,Nuclear weapons and nuclear material,1,yes,yes,1
5430,2015-12-09,2015,2009-2016,1,70,R/70/103,Colonialism,0,yes,yes,1
5431,2015-12-09,2015,2009-2016,1,70,R/70/83,Palestinian conflict,0,yes,yes,1
5432,2015-12-09,2015,2009-2016,1,70,R/70/84,Sem codificacao tematica,0,yes,yes,1
5433,2015-12-09,2015,2009-2016,1,70,R/70/85,Palestinian conflict,0,yes,yes,1
5434,2015-12-09,2015,2009-2016,1,70,R/70/86,Palestinian conflict,0,yes,yes,1
5435,2015-12-09,2015,2009-2016,1,70,R/70/87,Colonialism; Human rights; Palestinian conflict,1,yes,yes,1
5436,2015-12-09,2015,2009-2016,1,70,R/70/88,Colonialism; Palestinian conflict,0,yes,yes,1
5437,2015-12-09,2015,2009-2016,1,70,R/70/89,Palestinian conflict,0,yes,yes,1
5438,2015-12-09,2015,2009-2016,1,70,R/70/90,Human rights; Palestinian conflict,0,yes,yes,1
5439,2015-12-09,2015,2009-2016,1,70,R/70/91,Sem codificacao tematica,0,yes,yes,1
5440,2015-12-09,2015,2009-2016,1,70,R/70/94,Colonialism,0,yes,yes,1
5441,2015-12-09,2015,2009-2016,1,70,R/70/95,Colonialism; Economic development,0,yes,yes,1
5442,2015-12-09,2015,2009-2016,1,70,R/70/96,Colonialism,0,yes,yes,1
5443,2015-12-17,2015,2009-2016,1,70,R/70/136,Human rights,0,yes,yes,1
5444,2015-12-17,2015,2009-2016,1,70,R/70/137,Human rights,0,yes,yes,1
5445,2015-12-17,2015,2009-2016,1,70,R/70/139,Human rights,0,yes,yes,1
5446,2015-12-17,2015,2009-2016,1,70,R/70/140,Human rights,0,yes,yes,1
5447,2015-12-17,2015,2009-2016,1,70,R/70/141,Colonialism; Human rights; Palestinian conflict,0,yes,yes,1
5448,2015-12-17,2015,2009-2016,1,70,R/70/142,Colonialism; Human rights,0,yes,yes,1
5449,2015-12-17,2015,2009-2016,1,70,R/70/149,Sem codificacao tematica,0,yes,yes,1
5450,2015-12-17,2015,2009-2016,1,70,R/70/151,Human rights,0,yes,yes,1
5451,2015-12-17,2015,2009-2016,1,70,R/70/152,Human rights,0,yes,yes,1
5452,2015-12-17,2015,2009-2016,1,70,R/70/155,Economic development; Human rights,0,yes,yes,1
5453,2015-12-17,2015,2009-2016,1,70,R/70/156,Human rights,0,yes,yes,1
5454,2015-12-17,2015,2009-2016,1,70,R/70/159,Human rights,0,yes,yes,1
5455,2015-12-17,2015,2009-2016,1,70,R/70/161,Human rights,0,yes,no,0
5456,2015-12-17,2015,2009-2016,1,70,R/70/168,Sem codificacao tematica,1,yes,abstain,0
5457,2015-12-17,2015,2009-2016,1,70,R/70/171,Human rights,0,yes,yes,1
5458,2015-12-17,2015,2009-2016,1,70,R/70/172,Human rights,1,yes,no,0
5459,2015-12-17,2015,2009-2016,1,70,R/70/173,Human rights,1,abstain,no,0
5460,2015-12-22,2015,2009-2016,1,70,R/70/185,Economic development,1,yes,yes,1
5461,2015-12-22,2015,2009-2016,1,70,R/70/194,Sem codificacao tematica,0,yes,yes,1
5462,2015-12-22,2015,2009-2016,1,70,R/70/198,Economic development,1,yes,yes,1
5463,2015-12-22,2015,2009-2016,1,70,R/70/225,Palestinian conflict,0,yes,yes,1
5465,2015-12-23,2015,2009-2016,1,70,R/70/234,Human rights,1,yes,no,0
5466,2015-12-23,2015,2009-2016,1,70,R/70/235,Sem codificacao tematica,0,yes,yes,1
5467,2016-10-26,2016,2009-2016,1,71,A/RES/71/5,Economic development,0,yes,yes,1
5469,2016-11-30,2016,2009-2016,1,71,A/RES/71/20,Human rights; Palestinian conflict,1,yes,yes,1
5470,2016-11-30,2016,2009-2016,1,71,A/RES/71/21,Human rights; Palestinian conflict,1,yes,yes,1
5471,2016-11-30,2016,2009-2016,1,71,A/RES/71/22,Palestinian conflict,0,yes,yes,1
5472,2016-11-30,2016,2009-2016,1,71,A/RES/71/23,Palestinian conflict,0,yes,yes,1
5473,2016-11-30,2016,2009-2016,1,71,A/RES/71/24,Sem codificacao tematica,0,yes,yes,1
5474,2016-11-30,2016,2009-2016,1,71,A/RES/71/25,Palestinian conflict,0,yes,yes,1
5500,2016-12-05,2016,2009-2016,1,71,A/RES/71/28,Economic development,0,yes,yes,1
5501,2016-12-05,2016,2009-2016,1,71,A/RES/71/30,Arms control and disarmament; Nuclear weapons and nuclear material,0,yes,yes,1
5502,2016-12-05,2016,2009-2016,1,71,A/RES/71/31,Arms control and disarmament,0,yes,yes,1
5503,2016-12-05,2016,2009-2016,1,71,A/RES/71/32,Arms control and disarmament,0,yes,yes,1
5504,2016-12-05,2016,2009-2016,1,71,A/RES/71/33,Arms control and disarmament,0,yes,abstain,0
5505,2016-12-05,2016,2009-2016,1,71,A/RES/71/34,Arms control and disarmament,0,yes,yes,1
5506,2016-12-05,2016,2009-2016,1,71,A/RES/71/36,Sem codificacao tematica,0,yes,yes,1
5507,2016-12-05,2016,2009-2016,1,71,A/RES/71/37,Arms control and disarmament; Nuclear weapons and nuclear material,0,yes,abstain,0
5508,2016-12-05,2016,2009-2016,1,71,A/RES/71/41,Arms control and disarmament,0,yes,yes,1
5509,2016-12-05,2016,2009-2016,1,71,A/RES/71/44,Arms control and disarmament,0,yes,yes,1
5510,2016-12-05,2016,2009-2016,1,71,A/RES/71/45,Sem codificacao tematica,0,abstain,abstain,1
5511,2016-12-05,2016,2009-2016,1,71,A/RES/71/46,Arms control and disarmament; Nuclear weapons and nuclear material,0,yes,abstain,0
5512,2016-12-05,2016,2009-2016,1,71,A/RES/71/47,Arms control and disarmament; Nuclear weapons and nuclear material,0,yes,abstain,0
5513,2016-12-05,2016,2009-2016,1,71,A/RES/71/49,Arms control and disarmament; Colonialism; Nuclear weapons and nuclear material,0,yes,no,0
5514,2016-12-05,2016,2009-2016,1,71,A/RES/71/50,Arms control and disarmament; Economic development,1,yes,yes,1
5515,2016-12-05,2016,2009-2016,1,71,A/RES/71/51,Nuclear weapons and nuclear material,0,yes,yes,1
5516,2016-12-05,2016,2009-2016,1,71,A/RES/71/53,Arms control and disarmament; Nuclear weapons and nuclear material,0,yes,yes,1
5517,2016-12-05,2016,2009-2016,1,71,A/RES/71/54,Arms control and disarmament; Nuclear weapons and nuclear material,0,yes,abstain,0
5518,2016-12-05,2016,2009-2016,1,71,A/RES/71/55,Nuclear weapons and nuclear material,0,yes,abstain,0
5519,2016-12-05,2016,2009-2016,1,71,A/RES/71/58,Arms control and disarmament; Nuclear weapons and nuclear material,0,yes,yes,1
5520,2016-12-05,2016,2009-2016,1,71,A/RES/71/59,Sem codificacao tematica,0,yes,yes,1
5521,2016-12-05,2016,2009-2016,1,71,A/RES/71/61,Arms control and disarmament,0,yes,yes,1
5522,2016-12-05,2016,2009-2016,1,71,A/RES/71/63,Arms control and disarmament; Nuclear weapons and nuclear material,1,yes,yes,1
5523,2016-12-05,2016,2009-2016,1,71,A/RES/71/67,Arms control and disarmament; Nuclear weapons and nuclear material,0,yes,abstain,0
5524,2016-12-05,2016,2009-2016,1,71,A/RES/71/68,Arms control and disarmament,0,yes,yes,1
5525,2016-12-05,2016,2009-2016,1,71,A/RES/71/69,Arms control and disarmament; Economic development,1,yes,no,0
5527,2016-12-05,2016,2009-2016,1,71,A/RES/71/71,Arms control and disarmament; Nuclear weapons and nuclear material,0,yes,yes,1
5528,2016-12-05,2016,2009-2016,1,71,A/RES/71/75,Arms control and disarmament; Nuclear weapons and nuclear material,1,yes,yes,1
5529,2016-12-05,2016,2009-2016,1,71,A/RES/71/83,Arms control and disarmament; Nuclear weapons and nuclear material,0,yes,yes,1
5530,2016-12-05,2016,2009-2016,1,71,A/RES/71/86,Nuclear weapons and nuclear material,1,yes,yes,1
5941,2016-12-05,2016,2009-2016,1,71,R/71/36,Arms control and disarmament,,yes,yes,1
5942,2016-12-05,2016,2009-2016,1,71,R/71/41,Sem codificacao tematica,,yes,yes,1
5943,2016-12-05,2016,2009-2016,1,71,R/71/44,Nuclear weapons and nuclear material,,yes,yes,1
5944,2016-12-05,2016,2009-2016,1,71,R/71/44,Sem codificacao tematica,,yes,yes,1
5945,2016-12-05,2016,2009-2016,1,71,R/71/44,Sem codificacao tematica,,yes,yes,1
5946,2016-12-05,2016,2009-2016,1,71,R/71/44,Sem codificacao tematica,,yes,yes,1
5947,2016-12-05,2016,2009-2016,1,71,R/71/44,Sem codificacao tematica,,yes,yes,1
5948,2016-12-05,2016,2009-2016,1,71,R/71/44,Sem codificacao tematica,,yes,yes,1
5949,2016-12-05,2016,2009-2016,1,71,R/71/44,Sem codificacao tematica,,yes,yes,1
5950,2016-12-05,2016,2009-2016,1,71,R/71/49,Arms control and disarmament; Colonialism; Economic development; Nuclear weapons and nuclear material,,yes,yes,1
5951,2016-12-05,2016,2009-2016,1,71,R/71/49,Sem codificacao tematica,,yes,no,0
5952,2016-12-05,2016,2009-2016,1,71,R/71/49,Sem codificacao tematica,,abstain,yes,0
5953,2016-12-05,2016,2009-2016,1,71,R/71/53,Arms control and disarmament; Nuclear weapons and nuclear material,,yes,yes,1
5954,2016-12-05,2016,2009-2016,1,71,R/71/54,Nuclear weapons and nuclear material,,yes,yes,1
5955,2016-12-05,2016,2009-2016,1,71,R/71/56,Arms control and disarmament,,yes,yes,1
5956,2016-12-05,2016,2009-2016,1,71,R/71/63,Economic development; Nuclear weapons and nuclear material,,yes,yes,1
5957,2016-12-05,2016,2009-2016,1,71,R/71/68,Arms control and disarmament,,yes,yes,1
5958,2016-12-05,2016,2009-2016,1,71,R/71/68,Sem codificacao tematica,,yes,yes,1
5959,2016-12-05,2016,2009-2016,1,71,R/71/68,Sem codificacao tematica,,yes,yes,1
5960,2016-12-05,2016,2009-2016,1,71,R/71/69,Arms control and disarmament; Economic development,,yes,abstain,0
5961,2016-12-05,2016,2009-2016,1,71,R/71/69,Sem codificacao tematica,,yes,abstain,0
5962,2016-12-05,2016,2009-2016,1,71,R/71/69,Sem codificacao tematica,,yes,no,0
5963,2016-12-05,2016,2009-2016,1,71,R/71/69,Sem codificacao tematica,,yes,no,0
5964,2016-12-05,2016,2009-2016,1,71,R/71/83,Arms control and disarmament; Nuclear weapons and nuclear material,,yes,yes,1
5965,2016-12-05,2016,2009-2016,1,71,R/71/83,Sem codificacao tematica,,yes,yes,1
5966,2016-12-05,2016,2009-2016,1,71,R/71/86,Sem codificacao tematica,,abstain,yes,0
5967,2016-12-05,2016,2009-2016,1,71,R/71/86,Sem codificacao tematica,,yes,yes,1
6055,2016-12-05,2016,2009-2016,1,71,R/71/41,Arms control and disarmament,,yes,yes,1
5531,2016-12-06,2016,2009-2016,1,71,A/RES/71/102,Colonialism,0,yes,yes,1
5532,2016-12-06,2016,2009-2016,1,71,A/RES/71/103,Colonialism; Economic development,0,yes,yes,1
5533,2016-12-06,2016,2009-2016,1,71,A/RES/71/104,Colonialism,0,yes,yes,1
5534,2016-12-06,2016,2009-2016,1,71,A/RES/71/121,Colonialism,0,yes,yes,1
5535,2016-12-06,2016,2009-2016,1,71,A/RES/71/122,Colonialism,0,yes,yes,1
5536,2016-12-06,2016,2009-2016,1,71,A/RES/71/91,Palestinian conflict,0,yes,yes,1
5537,2016-12-06,2016,2009-2016,1,71,A/RES/71/92,Palestinian conflict,0,yes,yes,1
5538,2016-12-06,2016,2009-2016,1,71,A/RES/71/93,Palestinian conflict,0,yes,yes,1
5539,2016-12-06,2016,2009-2016,1,71,A/RES/71/94,Palestinian conflict,0,yes,yes,1
5540,2016-12-06,2016,2009-2016,1,71,A/RES/71/95,Colonialism; Human rights; Palestinian conflict,1,yes,yes,1
5968,2016-12-08,2016,2009-2016,1,71,R/71/129,Sem codificacao tematica,,no,yes,0
5969,2016-12-08,2016,2009-2016,1,71,R/71/129,Sem codificacao tematica,,no,yes,0
5545,2016-12-09,2016,2009-2016,1,71,A/RES/71/130,Sem codificacao tematica,1,yes,no,0
5475,2016-12-19,2016,2009-2016,1,71,A/RES/71/174,Human rights,0,yes,yes,1
5476,2016-12-19,2016,2009-2016,1,71,A/RES/71/179,Human rights,0,yes,yes,1
5477,2016-12-19,2016,2009-2016,1,71,A/RES/71/181,Human rights,0,yes,yes,1
5478,2016-12-19,2016,2009-2016,1,71,A/RES/71/182,Colonialism; Human rights,0,yes,yes,1
5479,2016-12-19,2016,2009-2016,1,71,A/RES/71/184,Colonialism; Human rights; Palestinian conflict,0,yes,yes,1
5480,2016-12-19,2016,2009-2016,1,71,A/RES/71/187,Human rights,0,yes,no,0
5481,2016-12-19,2016,2009-2016,1,71,A/RES/71/189,Human rights,0,yes,yes,1
5482,2016-12-19,2016,2009-2016,1,71,A/RES/71/190,Human rights,0,yes,yes,1
5483,2016-12-19,2016,2009-2016,1,71,A/RES/71/192,Economic development; Human rights,0,yes,yes,1
5484,2016-12-19,2016,2009-2016,1,71,A/RES/71/193,Human rights,0,yes,yes,1
5485,2016-12-19,2016,2009-2016,1,71,A/RES/71/197,Human rights,0,yes,yes,1
5486,2016-12-19,2016,2009-2016,1,71,A/RES/71/198,Human rights,0,yes,abstain,0
5487,2016-12-19,2016,2009-2016,1,71,A/RES/71/203,Human rights,1,yes,no,0
5488,2016-12-19,2016,2009-2016,1,71,A/RES/71/204,Human rights,1,abstain,no,0
5489,2016-12-19,2016,2009-2016,1,71,A/RES/71/205,Human rights,1,abstain,no,0
5970,2016-12-19,2016,2009-2016,1,71,R/71/167,Sem codificacao tematica,,no,yes,0
5971,2016-12-19,2016,2009-2016,1,71,R/71/174,Sem codificacao tematica,,no,yes,0
5972,2016-12-19,2016,2009-2016,1,71,R/71/177,Sem codificacao tematica,,no,yes,0
5490,2016-12-21,2016,2009-2016,1,71,A/RES/71/218,Economic development,0,yes,yes,1
5491,2016-12-21,2016,2009-2016,1,71,A/RES/71/221,Economic development,0,yes,abstain,0
5492,2016-12-21,2016,2009-2016,1,71,A/RES/71/223,Economic development,0,yes,yes,1
5493,2016-12-21,2016,2009-2016,1,71,A/RES/71/236,Economic development,0,yes,yes,1
5494,2016-12-21,2016,2009-2016,1,71,A/RES/71/247,Colonialism; Palestinian conflict,0,yes,yes,1
5495,2016-12-21,2016,2009-2016,1,71,A/RES/71/248,Sem codificacao tematica,1,yes,no,0
5973,2016-12-21,2016,2009-2016,1,71,R/71/243,Economic development,,no,no,1
5496,2016-12-22,2016,2009-2016,1,71,A/RES/71/250,Arms control and disarmament,0,yes,yes,1
5974,2016-12-22,2016,2009-2016,1,71,R/71/249,Sem codificacao tematica,,no,no,1
5975,2016-12-22,2016,2009-2016,1,71,R/71/250,Arms control and disarmament,,yes,abstain,0
5497,2016-12-23,2016,2009-2016,1,71,A/RES/71/257,Sem codificacao tematica,0,yes,yes,1
5498,2016-12-23,2016,2009-2016,1,71,A/RES/71/258,Arms control and disarmament; Nuclear weapons and nuclear material,0,yes,abstain,0
5499,2016-12-23,2016,2009-2016,1,71,A/RES/71/259,Arms control and disarmament; Nuclear weapons and nuclear material,0,yes,abstain,0
5976,2016-12-23,2016,2009-2016,1,71,R/71/272,Sem codificacao tematica,,no,yes,0
5977,2016-12-23,2016,2009-2016,1,71,R/71/272,Human rights; Palestinian conflict,,no,no,1
5978,2016-12-23,2016,2009-2016,1,71,R/71/272,Sem codificacao tematica,,no,abstain,0
