pais_iso3,ano,continente,exportacoes_china_pct,exportacoes_eua_pct,hiato_poder_eua,pib_per_capita_mil_usd,conta_corrente_pct_pib
ALB,1997,Europa,0,5.10136939420007,0.316239786676341,0.728545523729673,-12.0536117553711
ALB,1998,Europa,0.000466204480817974,5.33134297303948,0.31744467629024,0.831175344077295,-2.55580925941467
ALB,1999,Europa,0,3.42803331661852,0.315475364745813,1.05634481153033,-4.83792400360107
ALB,2000,Europa,0.000615235032454948,2.25898174414947,0.313620755779716,1.16042047054038,-4.49092102050781
ALB,2001,Europa,0.000389484992229531,1.86244130052548,0.307494492636044,1.32641652388077,-5.54294776916504
ALB,2002,Europa,0.0235123495984718,1.68502007307641,0.306644319027018,1.47983884572006,-9.37243843078613
ALB,2003,Europa,0.325711883448043,0.925413769602898,0.310703606359614,1.90869900687608,-7.24966526031494
ALB,2004,Europa,1.08643050576676,2.12359100566554,0.310048604296387,2.44690949947798,-4.98178243637085
ALB,2005,Europa,1.08576204001505,6.16244019158611,0.300490127781118,2.74172136549578,-7.09724140167236
ALB,2006,Europa,1.77603862080106,3.37429661136407,0.299548599060596,3.05777257038113,-7.54157590866089
ALB,2007,Europa,6.25220457890623,1.19148989950627,0.294032686685758,3.74305529896186,-10.7781019210815
ALB,2008,Europa,4.32885306948158,0.604345698368101,0.292803394196114,4.49850486763602,-15.628529548645
ALB,2009,Europa,1.82479491022221,0.471529093174681,0.284503478862025,4.21365007574694,-15.3804874420166
ALB,2010,Europa,8.72991808454058,2.09975989378099,0.288012293974983,4.14914469936846,-11.3658657073975
ALB,2011,Europa,7.02372306701436,1.33405410110538,0.282584846288525,4.46570914328866,-12.9331016540527
ALB,2012,Europa,6.71904191268317,0.963035639277091,0.275955940489581,4.28093316338871,-10.2001762390137
ALB,2013,Europa,8.76421665224631,0.89362120590326,0.269332801034413,4.54292903556737,-9.27418804168701
ALB,2014,Europa,7.64134185137936,2.7555437179448,0.261410953821097,4.79359751131526,-10.7753992080688
ALB,2015,Europa,6.37004163399324,8.08657828910953,0.260521441591995,4.19953912925398,-8.60488033294678
ALB,2016,Europa,5.85758072431304,5.66804104587146,0.252248796568329,4.45763412207495,-7.5908260345459
ARE,1997,Ásia e Oceania,0.299400636719545,1.97389016574945,0.312256644989897,27.9827957040564,11.2600002288818
ARE,1998,Ásia e Oceania,0.763382398050397,2.84866751258666,0.313241305482977,24.8894269192279,3.94300007820129
ARE,1999,Ásia e Oceania,0.81268853490358,2.60315282278771,0.311290117036262,25.8558605046587,6.44799995422363
ARE,2000,Ásia e Oceania,1.16660681951802,2.34708911379809,0.308768315995761,29.865502347066,16.306999206543
ARE,2001,Ásia e Oceania,1.2898275916402,3.11641851089583,0.302858044853879,27.7451708087673,9.07199954986572
ARE,2002,Ásia e Oceania,1.31557108817947,2.50594988215038,0.302356211942952,27.7536089526345,3.31599998474121
ARE,2003,Ásia e Oceania,1.67785848705944,2.32499953257732,0.306254284864049,29.6595428567811,5.78299999237061
ARE,2004,Ásia e Oceania,2.09308572787013,1.66853515895065,0.305363825024853,33.376715229521,6.42999982833862
ARE,2005,Ásia e Oceania,2.34688452847174,1.44445681458278,0.295823063648313,38.7193138307624,13.164999961853
ARE,2006,Ásia e Oceania,2.77072009331443,1.25237383764838,0.294715146010829,44.3426048322481,17.3150005340576
ARE,2007,Ásia e Oceania,2.43792344496656,0.908951644971639,0.288497372592975,45.8547325158162,7.63100004196167
ARE,2008,Ásia e Oceania,2.65107462316515,0.60545102023176,0.28767853811171,50.0541700681804,7.05900001525879
ARE,2009,Ásia e Oceania,2.46949950661633,1.23942871147511,0.277636381337592,37.8030663738776,3.09500002861023
ARE,2010,Ásia e Oceania,2.63707048764332,0.540643970294743,0.281909611800095,44.7952949302269,4.06300020217896
ARE,2011,Ásia e Oceania,3.78955327273344,0.855004509478368,0.276473461752427,51.921904511613,12.0600004196167
ARE,2012,Ásia e Oceania,3.89829570492011,0.582174594434975,0.269366561254388,53.14161243401,19.0060005187988
ARE,2013,Ásia e Oceania,5.10678329623825,0.654017558932386,0.255954390643921,53.2472409495442,5.11370372772217
ARE,2014,Ásia e Oceania,6.1422316576052,0.897681719593795,0.253498989052535,52.7252358407934,-5.19865322113037
ARE,2015,Ásia e Oceania,6.31214186509903,1.02895370095097,0.250072526680809,44.910334995523,4.89730453491211
ARE,2016,Ásia e Oceania,6.42581696031481,1.54457301582804,0.242198594087144,42.7210999383185,3.69474172592163
ARG,1997,Américas,2.749163080484,8.33971152977662,0.310624449234048,8.14678710021431,-3.81737494468689
ARG,1998,Américas,2.78925713418795,8.05722711933759,0.311760372927459,8.21899212764682,-4.4640383720398
ARG,1999,Américas,2.6324266536241,10.6950414485275,0.310011261929982,7.70554288252851,-3.87447714805603
ARG,2000,Américas,3.3143971122499,11.5927214135429,0.308457086842459,7.63701489203629,-2.90640497207642
ARG,2001,Américas,4.45668972572023,10.845344545885,0.302616021778873,7.14147507662826,-1.29747378826141
ARG,2002,Américas,4.32457881962281,12.3300724805787,0.302480447145454,2.56969963519124,8.41326141357422
ARG,2003,Américas,8.15212118711984,10.7061470413095,0.306251899300279,3.32047775133904,5.79326152801514
ARG,2004,Américas,7.99653667691348,10.3807902860105,0.30538131889411,4.24202099089422,1.84457874298096
ARG,2005,Américas,8.1021346345737,11.8621229644202,0.296200878600081,5.06765342293277,2.52832674980164
ARG,2006,Américas,6.89185496923824,9.72004186947698,0.295181018195788,5.86938028970205,2.85487413406372
ARG,2007,Américas,9.53093178276144,8.76465404744147,0.28957853504035,7.18525155147027,2.15040183067322
ARG,2008,Américas,10.9489971136747,8.53623295588084,0.288226822217186,8.94411026573569,1.48307871818542
ARG,2009,Américas,6.56552392598299,7.99222339523698,0.280025682307595,8.15023527028221,2.16541695594788
ARG,2010,Américas,9.20631692239628,7.40271432615523,0.283251168512567,10.2601313108254,-0.436821401119232
ARG,2011,Américas,6.96048957835061,6.95988411544567,0.277839472752239,12.7042831819684,-1.02679407596588
ARG,2012,Américas,7.23973017016881,6.78751839109281,0.27108097002785,12.949717486654,-0.360891431570053
ARG,2013,Américas,7.12627560279179,7.04139719221429,0.264587891836906,12.963675773326,-2.26275086402893
ARG,2014,Américas,6.76642016791825,7.47199868842513,0.256879325003011,12.2331444119186,-1.70121490955353
ARG,2015,Américas,8.49922851201261,8.44475268703901,0.25588242897528,13.6796264980954,-2.79231524467468
ARG,2016,Américas,7.62515184526546,9.60413558131766,0.247998020015008,12.6999623137756,-2.73282480239868
AUT,1997,Europa,0.513831780617994,4.74294751095189,0.311756982265553,26.5717523626507,-2.97946691513062
AUT,1998,Europa,0.515833724802334,4.77278916111642,0.312920138943511,27.2124642905708,-1.98017811775208
AUT,1999,Europa,0.816267265025415,5.20769220103676,0.310917457566747,27.0787081612202,-2.01377367973328
AUT,2000,Europa,0.896734373143326,6.33321906112772,0.309141399684575,24.4872974685957,-0.875572860240936
AUT,2001,Europa,0.970921196858202,6.4168306648411,0.302974042869758,24.430495982841,-0.978184521198273
AUT,2002,Europa,1.15571990596224,5.70931623348479,0.302157850287601,26.334862215032,3.20662045478821
AUT,2003,Europa,1.15766161217694,5.31494897408531,0.306295660563892,32.1101159661425,2.01153540611267
AUT,2004,Europa,1.11364527346689,5.19860136891636,0.305779972940332,36.6142506533707,2.62035274505615
AUT,2005,Europa,1.24526962172774,5.6597204642341,0.293577779170456,38.15737022862,2.54788184165955
AUT,2006,Europa,1.37185573313773,5.67003944033117,0.295099545538995,40.3822078298575,3.29359602928162
AUT,2007,Europa,1.37443759616385,6.0154021065809,0.288581366409033,46.6229622913636,3.8055157661438
AUT,2008,Europa,1.70441766858971,4.7533571179105,0.288608661630697,51.5813982361072,4.49125480651855
AUT,2009,Europa,2.27794364004334,4.51033272018692,0.280255301902446,47.8574446635266,2.59750056266785
AUT,2010,Europa,2.56971859277413,4.61594189854814,0.284329876608778,46.6111393420232,2.85825276374817
AUT,2011,Europa,2.09156402347065,4.33949011004707,0.278483428662863,51.1168953522042,1.63080096244812
AUT,2012,Europa,2.55035081260554,5.34448674698477,0.272267847007773,48.2504059142637,1.48265385627747
AUT,2013,Europa,2.52517849896909,5.25882917423577,0.265952099693844,50.3053545774973,1.94403505325317
AUT,2014,Europa,2.94069903988005,5.62884919391875,0.258047492053852,51.3149722616322,2.47252440452576
AUT,2015,Europa,2.85510629767016,6.60952646747095,0.257192487246006,43.915228020857,1.72523558139801
AUT,2016,Europa,2.89726721855936,6.47221378345261,0.248789656726069,45.0614993920191,2.72454190254211
AZE,1997,Ásia e Oceania,2.10254456617377,0.678266350842755,0.316056078298445,0.505516204188336,-23.1113395690918
AZE,1998,Ásia e Oceania,0.054740046872468,2.81076895564576,0.317242527483189,0.561906807871869,-30.6884365081787
AZE,1999,Ásia e Oceania,0.0299175170020792,3.19557954739956,0.315255265262902,0.57389352873403,-13.0903835296631
AZE,2000,Ásia e Oceania,0.249961348472822,1.20854770836279,0.313396692657397,0.655097249579917,-3.18196892738342
AZE,2001,Ásia e Oceania,0.202782398114872,2.80391257319383,0.307252680162446,0.703670998584687,-0.906770825386047
AZE,2002,Ásia e Oceania,0.063074132561901,5.59658507329482,0.306383669007832,0.763108895463487,-12.3213949203491
AZE,2003,Ásia e Oceania,1.28702304740868,5.23670763719087,0.310429063367811,0.883692580745256,-27.7726669311523
AZE,2004,Ásia e Oceania,1.09626019860117,3.27416456986332,0.309757118234927,1.0450136328106,-29.8282489776611
AZE,2005,Ásia e Oceania,0.415125562949727,2.30266240597407,0.300031273237505,1.57836733030667,1.26319122314453
AZE,2006,Ásia e Oceania,0.20191043335762,7.58805389779842,0.29897702970289,2.47295725732288,17.670467376709
AZE,2007,Ásia e Oceania,0.0150133047835817,12.0838190582259,0.293337479006825,3.85133015175141,27.2890872955322
AZE,2008,Ásia e Oceania,0.348409658104569,13.9381567319842,0.292006440332784,5.57446810432575,33.6793632507324
AZE,2009,Ásia e Oceania,0.661879748555148,10.0260575060005,0.283704190932833,4.95039949009423,22.9720439910889
AZE,2010,Ásia e Oceania,0.333253480990909,7.79386645001618,0.287288547539635,5.8435337683582,28.4268321990967
AZE,2011,Ásia e Oceania,0.55526090440922,6.94846279314024,0.281758627492025,7.18981869211976,25.9957656860352
AZE,2012,Ásia e Oceania,0.651681554077077,3.38070827220473,0.275095395640794,7.495865276581,21.4925365447998
AZE,2013,Ásia e Oceania,0.72604432360139,3.60303605871909,0.26851535383913,7.8753453666155,16.4935874938965
AZE,2014,Ásia e Oceania,0.9843636308402,3.42047124118135,0.260557800200905,7.89084028062087,13.5683574676514
AZE,2015,Ásia e Oceania,1.15745953471326,2.06113542523503,0.2596975055478,5.50050364628486,-0.419198900461197
AZE,2016,Ásia e Oceania,2.73566930465446,0.972759580499558,0.25153742510955,3.8806852276838,-3.6005072593689
BGD,1997,Ásia e Oceania,1.12910750780508,36.4216040986712,0.314870523483887,0.379284917709635,-0.593464732170105
BGD,1998,Ásia e Oceania,0.610620355093381,37.7415519793947,0.316033270481679,0.385616881752796,-0.070353701710701
BGD,1999,Ásia e Oceania,0.273227321145996,39.3510037342691,0.314041293789697,0.388095684268235,-0.710651993751526
BGD,2000,Ásia e Oceania,0.291933035306739,36.6567884756835,0.312163785946738,0.396670730249751,-0.573042690753937
BGD,2001,Ásia e Oceania,0.255763519412027,34.8254591261509,0.30600907777215,0.39465641001891,-0.9916872382164
BGD,2002,Ásia e Oceania,0.504277715906351,33.4049805858813,0.305167238475534,0.393886422327628,1.35086834430695
BGD,2003,Ásia e Oceania,0.479938551915442,26.946026540939,0.309228942700409,0.42674880754362,0.218816444277763
BGD,2004,Ásia e Oceania,0.618869103241246,24.0814184471715,0.308554022331542,0.455614016909799,-0.428022742271423
BGD,2005,Ásia e Oceania,0.685681994336315,27.1557586546691,0.299134098719018,0.48008585075452,-0.250074177980423
BGD,2006,Ásia e Oceania,0.768810127210568,25.8184545193439,0.298177790532027,0.49038802653329,1.66592490673065
BGD,2007,Ásia e Oceania,1.08623681911318,24.9014610553233,0.292646646311138,0.537955492792911,1.0762152671814
BGD,2008,Ásia e Oceania,0.641051004032404,21.2674707355884,0.291422166857991,0.61306204104124,1.01071119308472
BGD,2009,Ásia e Oceania,0.721853208197777,21.7647783433244,0.283054452751703,0.679211477428056,3.47023272514343
BGD,2010,Ásia e Oceania,1.12144551696436,21.8988111668319,0.286485172157401,0.757385280361509,1.82909798622131
BGD,2011,Ásia e Oceania,1.31040674179671,18.798611424399,0.280995361709355,0.837336944695647,-0.125842243432999
BGD,2012,Ásia e Oceania,1.54043706715072,18.0952626091721,0.274292252294735,0.8596805363755,1.93195271492004
BGD,2013,Ásia e Oceania,1.75912847076713,17.8762001812381,0.267623229663268,0.958262989798281,1.37232518196106
BGD,2014,Ásia e Oceania,2.07346822623273,16.2693144698696,0.259654991406305,1.09446199702838,0.437159806489944
BGD,2015,Ásia e Oceania,2.15625743359879,17.3247049676855,0.258670419826777,1.22438647668165,1.32188868522644
BGD,2016,Ásia e Oceania,2.14800745187608,16.1363593213064,0.250315686021154,1.64928380858601,0.351171851158142
BGR,1997,Europa,0.326841352721361,3.85264661765809,0.315485751776487,1.36140938439884,3.77249193191528
BGR,1998,Europa,0.134853428509182,4.42888289856165,0.316658683271938,1.82044866449942,-0.411896973848343
BGR,1999,Europa,0.253684924634787,5.16517002431874,0.314728133097441,1.66090891253929,-4.78547239303589
BGR,2000,Europa,0.266947961089704,4.53162694335249,0.31292060088894,1.62126210738992,-5.31244325637817
BGR,2001,Europa,0.416092870592852,5.65921175152093,0.306800798100457,1.7709070491869,-5.67315053939819
BGR,2002,Europa,0.2633210363651,4.82900545327162,0.305931157155592,2.09298288625558,-1.94499897956848
BGR,2003,Europa,0.612182560504463,4.95344517634455,0.309996088834599,2.71949436859287,-4.83403730392456
BGR,2004,Europa,0.407346002982265,4.53929733472588,0.309349333214703,3.38968743360274,-6.38864088058472
BGR,2005,Europa,0.469040286469957,3.77408705108042,0.299788617166168,3.89982596332879,-11.2057218551636
BGR,2006,Europa,0.315422468624109,3.16111770375014,0.298797791118037,4.52314655788049,-17.0539264678955
BGR,2007,Europa,0.538477324643069,2.71787338972344,0.293230919439006,5.88857081403932,-23.8568687438965
BGR,2008,Europa,0.597759131167871,2.40335605039199,0.292030709479487,7.27130338858025,-21.9562911987305
BGR,2009,Europa,0.491080614171176,2.07980954849236,0.283886268905906,6.98827316296464,-8.29772567749023
BGR,2010,Europa,1.17773303688133,1.9970543549635,0.287497942523357,6.85394805511171,-1.71951031684876
BGR,2011,Europa,1.29991460353464,1.92242121317327,0.282086104025241,7.84958061302817,0.328376859426498
BGR,2012,Europa,2.57430062401937,2.30045190279199,0.275482222355619,7.4319578950887,-0.8466557264328
BGR,2013,Europa,2.74935022461249,2.30695130289829,0.268851341179977,7.79598092108929,1.27350354194641
BGR,2014,Europa,2.70775127393066,2.59385486930862,0.260962329373914,8.06960005667684,1.23318874835968
BGR,2015,Europa,2.41811667403012,3.11081632113006,0.260038749670243,7.26865445473873,-0.000223285605898127
BGR,2016,Europa,1.85198383637391,3.14900008552944,0.251790195524374,7.82249923292968,3.06168675422668
BHR,1997,Ásia e Oceania,0.536866873999363,7.81896389279015,0.315967154554807,12.2546662583128,-0.430280536413193
BHR,1998,Ásia e Oceania,0.827821872112921,8.08039059432254,0.317176004743359,11.6250343768343,-11.0564498901367
BHR,1999,Ásia e Oceania,1.17370447794358,12.6475293539369,0.315199950881782,12.1233534715368,-0.489864557981491
BHR,2000,Ásia e Oceania,2.48651230413949,10.9197394091778,0.313357433706919,14.2144836839343,9.16025924682617
BHR,2001,Ásia e Oceania,2.68947426058987,11.8065948053351,0.307237121555102,13.5732339887597,2.51701974868774
BHR,2002,Ásia e Oceania,1.86197996805676,11.7903762965598,0.306367594107695,13.5014708801425,-0.517337560653687
BHR,2003,Ásia e Oceania,1.95063318626888,10.7276347320362,0.310423038422957,14.4860269029821,1.80990386009216
BHR,2004,Ásia e Oceania,2.60730481426918,10.4434478017512,0.309777701394873,15.9639493171617,3.58610582351685
BHR,2005,Ásia e Oceania,1.38751251250614,6.77094882895442,0.300235623493778,17.9661657837624,9.23180961608887
BHR,2006,Ásia e Oceania,0.864763437010472,22.08468590231,0.299257191529852,19.267282615072,11.821008682251
BHR,2007,Ásia e Oceania,1.25484228588197,19.8604282848872,0.293783541221411,20.9084042548073,13.3758611679077
BHR,2008,Ásia e Oceania,1.21886371990067,14.3408881657456,0.292555514870757,23.2994992780392,8.77793598175049
BHR,2009,Ásia e Oceania,3.07517689138306,20.3057781692891,0.284291769747475,19.4653140745038,2.44123387336731
BHR,2010,Ásia e Oceania,2.8733348017367,14.677293610307,0.287794790931123,21.8193291098099,2.87276101112366
BHR,2011,Ásia e Oceania,3.80770801691319,6.53227170480705,0.282311009195751,25.0327867743333,10.8553400039673
BHR,2012,Ásia e Oceania,3.45311527653671,7.09544778043928,0.275634692158784,26.4386733230428,8.06540012359619
BHR,2013,Ásia e Oceania,5.01676170760527,12.1896478066811,0.268940290315864,26.9897601148469,7.40586376190186
BHR,2014,Ásia e Oceania,1.43934207905921,10.1127799666209,0.261057598081691,26.4517965647453,4.55591154098511
BHR,2015,Ásia e Oceania,1.17722028567367,16.825937562123,0.26022564724279,23.7340551143019,-2.41316556930542
BHR,2016,Ásia e Oceania,0.786356123020165,19.8942910501394,0.251948803370219,23.800001440631,-4.67952251434326
BLR,1997,Europa,1.18074493185338,3.56869040725728,0.315907030109354,1.39644201900881,-6.08042764663696
BLR,1998,Europa,0.270657399372029,1.71511856716597,0.317114439093727,1.51132531567314,-6.67811870574951
BLR,1999,Europa,2.88342051929224,1.95788601772584,0.315152445728385,1.2106117195862,-1.59578287601471
BLR,2000,Europa,1.12558971364496,1.59407662018,0.313296894320443,1.2762880341,-3.60452151298523
BLR,2001,Europa,2.26826552095716,1.6530152103484,0.307155762191076,1.24437318523431,-4.28011083602905
BLR,2002,Europa,0.850075230940991,2.09117424209889,0.306298609970872,1.47938066337175,-2.23160123825073
BLR,2003,Europa,0.968632831383851,2.63978207980879,0.310347989149093,1.819526531147,-2.55870199203491
BLR,2004,Europa,1.25192898390451,2.97101732374965,0.309665928888984,2.37833700470129,-5.15047264099121
BLR,2005,Europa,2.93487622348199,2.27287402283369,0.300131623048782,3.12607176665248,1.51803576946259
BLR,2006,Europa,2.4567303451486,3.68729494195855,0.299163867265759,3.84822350300163,-3.75494813919067
BLR,2007,Europa,2.90580464812228,5.41180796098587,0.2936232510638,4.73548107556067,-6.65367794036865
BLR,2008,Europa,1.87636392380714,4.3915246226965,0.292380917160319,6.37617569162063,-8.16202163696289
BLR,2009,Europa,2.96938428804287,3.67591741544035,0.284072745266476,5.35248809190697,-12.0546846389771
BLR,2010,Europa,2.12800298373431,1.20984892135788,0.287586384751018,6.03467885177216,-14.4678039550781
BLR,2011,Europa,2.01361193522139,1.59721774032756,0.282085567941025,6.5276593428786,-8.18054580688477
BLR,2012,Europa,1.97760762297921,0.985338875141347,0.275491342816504,6.95321591683101,-2.8350076675415
BLR,2013,Europa,1.97032943721983,1.06688719918856,0.268872431190012,7.9980802045456,-10.0192565917969
BLR,2014,Europa,2.45890853378743,1.34138031358518,0.260965496074065,8.34131809294883,-6.63305902481079
BLR,2015,Europa,4.01688453387304,1.89958803560745,0.260111921438862,5.96705595058778,-3.24347472190857
BLR,2016,Europa,2.17664686094748,0.713619109185491,0.25183710759562,5.03977560949446,-3.3773684501648
BOL,1997,Américas,0.121251886689011,20.8135751276253,0.316023533669499,0.970351843368594,-6.98357772827148
BOL,1998,Américas,0.0394129935875777,21.0534947113352,0.317207266060697,1.02214506519545,-7.83878087997437
BOL,1999,Américas,0.232874428456435,19.4515768106541,0.31527383430628,0.979344494964572,-5.89011716842651
BOL,2000,Américas,0.433110935938307,16.3255977494206,0.313426297068943,0.97577706035875,-5.31504631042481
BOL,2001,Américas,0.743130294744032,13.6111857421463,0.307290315078997,0.930168227214312,-3.36560773849487
BOL,2002,Américas,0.902910802762133,12.0919543155817,0.306444047791566,0.888221328974351,-4.45175552368164
BOL,2003,Américas,0.401562965044906,10.4651380857436,0.310499805204445,0.893013760211149,0.935302495956421
BOL,2004,Américas,1.26500186452533,11.6766886157834,0.3098419451049,0.953191893246278,3.84682631492615
BOL,2005,Américas,1.20952835083543,12.0456190744563,0.300309540281145,1.02012326200737,6.51828622817993
BOL,2006,Américas,1.26230644754073,9.94861173283571,0.29936509627111,1.20271150446327,11.5044546127319
BOL,2007,Américas,1.36396430555085,8.98006393574237,0.293857055308756,1.35454905949929,12.1283006668091
BOL,2008,Américas,2.27515358444763,7.89428580552656,0.29261525478735,1.69267248455877,11.950737953186
BOL,2009,Américas,2.54406803590163,10.6258206915123,0.284349339206666,1.73118172112209,4.69169759750366
BOL,2010,Américas,2.97412458090025,11.324967504173,0.287801216950379,1.92978373077159,4.44660520553589
BOL,2011,Américas,3.38052065367285,11.6025436713708,0.282386899696689,2.31552121930608,2.24179458618164
BOL,2012,Américas,3.09890153456676,15.8017858409277,0.275726122712344,2.57559857098084,7.27367782592773
BOL,2013,Américas,2.22163006280629,9.8720356974305,0.269072539663538,2.87002377000756,3.43772053718567
BOL,2014,Américas,3.84408736494847,14.949407007726,0.261160453293916,3.04143503162408,1.71604883670807
BOL,2015,Américas,5.13516742746932,12.091484414862,0.260270171557282,2.99601289811344,-5.8672661781311
BOL,2016,Américas,4.58715575459527,13.9679063598933,0.252016049477321,3.03587347732132,-5.61927223205566
BRA,1997,Américas,2.74754781126331,18.1400075135834,0.297469302418055,5.29939794248132,-3.64580225944519
BRA,1998,Américas,2.1300428902979,19.0694727662672,0.298688148833693,5.10589246192003,-4.05450630187988
BRA,1999,Américas,1.92489192701105,22.152723086434,0.297146775494678,3.49357192043229,-4.45204496383667
BRA,2000,Américas,2.59626986627952,22.0937190994659,0.295446937091347,3.76654786339835,-4.06441259384155
BRA,2001,Américas,3.64984352089878,22.2961227629891,0.288505734834059,3.17628975052524,-4.37460422515869
BRA,2002,Américas,4.35517569970329,24.096944326735,0.287191130482533,2.85594017137049,-1.55866611003876
BRA,2003,Américas,6.70557648559621,21.6262440879028,0.29267781459203,3.0906068907839,0.373090326786041
BRA,2004,Américas,7.44778970238014,19.7264064110611,0.29169488811373,3.66382262497811,1.34599137306213
BRA,2005,Américas,7.17774413987078,19.1544357615779,0.283487101146631,4.8277816589029,1.31302404403687
BRA,2006,Américas,7.92530428751295,18.3766583068617,0.282693279533465,5.93414561857454,0.9713334441185
BRA,2007,Américas,9.47829196697743,15.6410154514428,0.276696819595938,7.40969003822859,-0.163006275892258
BRA,2008,Américas,12.2396628137891,14.4457590684227,0.274723977762234,8.90833338467948,-2.06687045097351
BRA,2009,Américas,15.0549533009104,12.8504750176327,0.265954379530692,8.67865847306531,-1.66875958442688
BRA,2010,Américas,16.6426643917004,12.760658686954,0.267588557505003,11.4032840038694,-3.92773056030273
BRA,2011,Américas,17.9056571822683,12.9341279943227,0.26178419314577,13.3966263158041,-3.19582343101501
BRA,2012,Américas,18.7790001618275,13.4321875102517,0.254713383052672,12.5217238454434,-3.76656174659729
BRA,2013,Américas,20.7671161387058,12.6621430514166,0.248387781437785,12.4588903396625,-3.56347012519836
BRA,2014,Américas,20.0786429336561,14.2425813035486,0.240311914314263,12.2749941630213,-4.50980997085571
BRA,2015,Américas,21.0071520187166,14.2761567683624,0.241568313069671,8.93619558894442,-3.3572518825531
BRA,2016,Américas,22.7250421357702,13.2372854379023,0.233222675403059,8.83628546025695,-1.69154381752014
BRB,1997,Américas,0.0048484372326734,15.4241757264658,0.316276937243179,9.52157127377123,-3.20811247825623
BRB,1998,Américas,0.00309825214777793,14.0471224966083,0.317485809576322,10.7343637242884,-3.76918649673462
BRB,1999,Américas,0.0890552315220702,23.1426664743674,0.315521153868948,11.2443087668392,-4.48134517669678
BRB,2000,Américas,0.0233325312342717,6.01012124654099,0.313669936325081,11.6746736471764,-3.33993482589722
BRB,2001,Américas,0.0733760455448167,9.41852339878934,0.307550627081062,11.6395160522054,-3.64191746711731
BRB,2002,Américas,0.11772996755505,7.93116004723301,0.306701770870313,11.7604524736133,-4.66106033325195
BRB,2003,Américas,0.109166908319039,10.1559464406235,0.310764247983314,12.0759587020649,-5.86397695541382
BRB,2004,Américas,0.0647091711697606,5.89325058838457,0.310112061643037,12.8863665272467,-12.6937322616577
BRB,2005,Américas,0.0479795154637171,6.88968173912227,0.300547579932037,14.2144202213572,-12.9792518615723
BRB,2006,Américas,0.226554443999616,9.52483672044699,0.299614462450433,15.6196005955511,-10.4893665313721
BRB,2007,Américas,0.159090151817678,6.3817477521265,0.29410774092581,17.2354396434785,-7.42918014526367
BRB,2008,Américas,0.165729459112445,6.91655507888622,0.292894106098126,17.5656929970592,-9.0161657333374
BRB,2009,Américas,0.205409635231733,5.40663442709366,0.284604733863449,16.2949099491834,-8.53071880340576
BRB,2010,Américas,0.16236628153285,2.35852155842283,0.288100554053768,20.6105150721363,-5.24644756317139
BRB,2011,Américas,0.283719609625423,2.57692614752916,0.282668155052216,20.5081498810382,-3.24982285499573
BRB,2012,Américas,0.490194211963902,4.23222115491681,0.276035907982462,20.8041150004694,-8.5083532333374
BRB,2013,Américas,0.634055239615604,3.38431526819617,0.26943121119207,20.4102065438568,-4.7095308303833
BRB,2014,Américas,0.631752931822267,3.00971587867101,0.261487979908883,20.1927084081797,-12.0306625366211
BRB,2015,Américas,1.46346269883856,9.33033302695295,0.260588605817275,20.4242087530019,-1.86708343029022
BRB,2016,Américas,1.06813868073977,9.3677935698005,0.25231741043714,20.2955672072046,-8.48641014099121
BTN,1997,Ásia e Oceania,0,5.94413645874297,0.316319820765386,0.630447410148304,-15.7826089859009
BTN,1998,Ásia e Oceania,0,5.99884055529423,0.317527186710099,0.63827896231061,9.73200035095215
BTN,1999,Ásia e Oceania,0.0644837475786929,2.49917628161755,0.315563969553685,0.685419830628567,2.15899991989136
BTN,2000,Ásia e Oceania,0,3.41373141181124,0.313712172478032,0.771924911410619,7.62486553192139
BTN,2001,Ásia e Oceania,0.0534794788287104,3.49831638677762,0.307590441850542,0.812238210772056,1.02628946304321
BTN,2002,Ásia e Oceania,0.0680494325209202,3.04832363695756,0.306739604037674,0.895799489930973,4.60840463638306
BTN,2003,Ásia e Oceania,0.00899070342031079,1.0532587684382,0.310800615964212,1.02238240311018,8.36401557922363
BTN,2004,Ásia e Oceania,0.326016738163157,0.263134973072775,0.31014635417041,1.13035934606796,1.10820233821869
BTN,2005,Ásia e Oceania,0.000921242446645066,0.398456844908761,0.300585155540855,1.29994938578359,-2.39342880249023
BTN,2006,Ásia e Oceania,0.000133894709217513,0.399181970274036,0.299646656626822,1.4056071618158,-4.0198335647583
BTN,2007,Ásia e Oceania,0.0117177805633939,0.156964664711142,0.294136159177165,1.85041570433397,6.76381874084473
BTN,2008,Ásia e Oceania,0.157861740271767,0.310707628313627,0.292928346721775,1.91959774896396,-8.53782558441162
BTN,2009,Ásia e Oceania,0.0486966570349909,0.220185984314548,0.284643305134783,1.91839599211093,-4.95294046401978
BTN,2010,Ásia e Oceania,0.00476261846884386,0.177505705239399,0.288134600485587,2.4355798056672,-18.9069423675537
BTN,2011,Ásia e Oceania,0.0621550242150674,0.185095109853022,0.282700184513982,2.78797967608562,-26.6070194244385
BTN,2012,Ásia e Oceania,0.0186821960959652,0.318867845016393,0.276070152762605,2.7512128864294,-19.106071472168
BTN,2013,Ásia e Oceania,0.00476673998268317,0.335548341033573,0.269452699115355,2.67995217201538,-24.293493270874
BTN,2014,Ásia e Oceania,0.0522643687213243,0.137691738079533,0.261524123570636,2.84949998647303,-23.4688053131104
BTN,2015,Ásia e Oceania,0.133827309343831,1.27504911610283,0.260620191624736,2.95404081911097,-25.0627174377441
BTN,2016,Ásia e Oceania,0.0870012156758911,2.8955593391549,0.252346611806443,3.15230905106787,-26.4131088256836
BWA,1997,África,33.886085075703,1.87454938716655,0.31616842029057,3.19418106145858,14.3703918457031
BWA,1998,África,0,4.39932318104907,0.317368897549799,2.98119639702109,3.54255080223084
BWA,1999,África,0,1.47371868347798,0.315402934031723,3.33999596033431,10.6386785507202
BWA,2000,África,0.00100386106574179,1.22507885748925,0.313551149549485,3.45081180622992,9.41804981231689
BWA,2001,África,0,0.838005546815728,0.307422515336405,3.20607123689853,10.8425102233887
BWA,2002,África,0.000277095346935317,1.64109247049049,0.306568740120659,3.11725087183011,4.84207534790039
BWA,2003,África,0.0930140911449065,0.618018054071086,0.310637774966323,4.23012326909926,9.54244899749756
BWA,2004,África,0.099185705008743,2.58060446059578,0.30999152128265,4.95669287735213,3.53678321838379
BWA,2005,África,0.0955177530934224,4.03643679879897,0.300449032771179,5.39107076619634,16.1057109832764
BWA,2006,África,0.288532966245455,7.01682322631971,0.299513432123964,5.29158379144849,19.6647758483887
BWA,2007,África,1.40189544391256,5.98403242187492,0.294004691227364,5.52912574632532,15.6550617218018
BWA,2008,África,5.90964110066298,6.83019943294971,0.29279006673194,5.50307395314313,1.39345872402191
BWA,2009,África,2.61158777894851,5.32146113256106,0.284525450535752,5.08293388332403,-6.40593957901001
BWA,2010,África,1.71124670781117,5.37762424651555,0.288019122523249,6.21573216077917,-5.88840246200562
BWA,2011,África,1.72785771500418,4.94666367580406,0.282582674098697,7.28738295334918,-0.872984766960144
BWA,2012,África,2.00329671509271,3.78625472042507,0.275954201806301,6.59553845015425,-5.90199279785156
BWA,2013,África,2.74463994499793,3.78278709174419,0.269330497879077,6.66691219583488,4.53073167800903
BWA,2014,África,3.04765435931474,4.67748414320167,0.261388521004632,7.12236423421505,11.0750303268433
BWA,2015,África,2.6867206320771,4.27859962146267,0.260499518800793,6.14120394726618,2.22618293762207
BWA,2016,África,0.819629526198349,5.73250957721312,0.252214559532596,6.74905994339012,7.97299718856812
CAN,1997,Américas,0.968526368230918,77.0747643528206,0.297261801317104,21.9015628548392,-1.33748507499695
CAN,1998,Américas,1.07592861040958,79.0916271934932,0.298204678053707,21.0245850687045,-1.33804976940155
CAN,1999,Américas,1.0233160313797,81.1750443576007,0.295985217951673,22.3152466731545,0.178683578968048
CAN,2000,Américas,1.39833022994289,78.1571388145192,0.294138622457514,24.2710020563821,2.55010747909546
CAN,2001,Américas,1.59535739341841,78.3271890687852,0.288130071587612,23.822096210932,2.21293568611145
CAN,2002,Américas,1.45862036386443,78.302130464934,0.287126530611039,24.2560192337185,1.73528563976288
CAN,2003,Américas,1.63080971821571,78.1026512307467,0.291752010788179,28.3018645937428,1.23100519180298
CAN,2004,Américas,2.08513982467167,77.6414261270468,0.291360964415905,32.1455412620218,2.34508299827576
CAN,2005,Américas,1.92881940764851,78.9178696011928,0.281095294639123,36.3836600068096,1.92734897136688
CAN,2006,Américas,1.83072234841017,77.0559952066485,0.27989896964913,40.5040370977806,1.44487118721008
CAN,2007,Américas,2.38905360998018,73.7479718418103,0.274168548702106,44.6600838892281,0.823307394981384
CAN,2008,Américas,2.55357226801626,72.6411338774694,0.273936339281116,46.7102526864484,0.147190079092979
CAN,2009,Américas,3.38338123054559,70.6660599920745,0.266644859575634,40.8748831932902,-2.90924787521362
CAN,2010,Américas,3.50146863812199,71.5912937376315,0.270632409693217,47.5606666009406,-3.56226229667664
CAN,2011,Américas,4.32335591827362,69.9315813716711,0.265304769676588,52.2238588398531,-2.71196675300598
CAN,2012,Américas,4.56453269064135,70.9475930765354,0.258455009928051,52.6703447335416,-3.53420329093933
CAN,2013,Américas,4.6835241252574,70.328980413755,0.252076570024195,52.6381187235236,-3.1416003704071
CAN,2014,Américas,3.97981841534007,71.4337148182103,0.244028872789301,50.9608431174661,-2.31991815567017
CAN,2015,Américas,5.6734324302199,70.0294512603112,0.243524128440481,43.5941941045394,-3.49510478973389
CAN,2016,Américas,4.29203631525055,69.8798242218163,0.235974076014341,42.314061581722,-3.08827042579651
CIV,1997,África,0.760130802805812,6.74581730373074,0.315951133854391,1.12465674867928,0.337598741054535
CIV,1998,África,0.503220135788104,9.28509376196486,0.317150967883664,1.17737133815342,-1.66499996185303
CIV,1999,África,0.112877109569094,8.36317286891729,0.315191380874053,1.09613520587572,-0.698000013828278
CIV,2000,África,0.169343106936793,9.30635332394765,0.313360123637735,0.936636541348796,-1.625
CIV,2001,África,0.194075717123665,8.80465875584297,0.307251504320225,0.924727294962064,-0.395999997854233
CIV,2002,África,0.266992350711341,7.59805561091247,0.30641046165692,0.967815864415993,4.48000001907349
CIV,2003,África,0.672641905842325,9.67404766203566,0.310478097591299,1.11117135087887,1.38699996471405
CIV,2004,África,1.68313854857463,12.2593514065863,0.309814559852963,1.19982524528546,1.05099999904633
CIV,2005,África,1.24262294636323,18.8830804143704,0.300297196581155,1.19774616979415,0.165122851729393
CIV,2006,África,1.59539944255037,9.86200332650666,0.29936037335692,1.23043056838583,6.99205017089844
CIV,2007,África,0.460625142528864,8.22474994617393,0.293860154574981,1.36753817722326,3.60474371910095
CIV,2008,África,0.722239180505393,11.9595486819523,0.292650290761453,1.58397066701372,5.03324127197266
CIV,2009,África,0.692516760581238,8.92054995429572,0.28434390614283,1.54045393569596,7.90725040435791
CIV,2010,África,1.04098523264318,12.3412440992465,0.287851553046972,1.55354887048143,1.33095264434814
CIV,2011,África,1.35187254364119,11.9210848614378,0.282439753334194,1.59662826565998,7.26612758636475
CIV,2012,África,1.27798045846856,10.3833748552676,0.275786132650527,1.5469460184731,-0.882958590984345
CIV,2013,África,1.87260159203859,7.92576198826804,0.269160443751507,1.78615862031324,-1.48012280464172
CIV,2014,África,1.63901209867314,9.96195339921243,0.26121696587077,1.99136539423404,1.04562413692474
CIV,2015,África,1.17001006004624,9.05951614269705,0.260291257616963,1.81471855088017,-0.439534813165665
CIV,2016,África,0.888934354597278,10.3315477968684,0.252002538731507,1.86259597081287,-0.855798602104187
COL,1997,Américas,0.079639916007624,39.2911634570168,0.313751535612303,2.8732814350993,-5.05723857879639
COL,1998,Américas,0.0744050596673348,39.7505903955324,0.314843280215194,2.60487166959518,-4.40160417556763
COL,1999,Américas,0.173544831409877,49.2827859836297,0.312943097908672,2.24122911801216,0.743580758571625
COL,2000,Américas,0.217985689200345,47.9631935568074,0.311095907537309,2.55500751039968,0.891945719718933
COL,2001,Américas,0.143277673023813,42.0606123775593,0.30491245070949,2.47299084035833,-1.12477445602417
COL,2002,Américas,0.14685106312938,42.2016618409245,0.304088895842603,2.42892969771585,-1.44162571430206
COL,2003,Américas,0.360890562216623,43.7276352150122,0.308159202855198,2.31194218760291,-0.995030045509338
COL,2004,Américas,0.81151837356857,39.5957537286997,0.307487615271241,2.81857195413044,-0.684865295886993
COL,2005,Américas,0.800483802008296,37.8621930469724,0.297826013190483,3.45606610874513,-1.33470237255096
COL,2006,Américas,0.899451158429777,39.2527045806561,0.296992278680014,3.78985361217026,-1.85670447349548
COL,2007,Américas,3.14226782945071,33.3871041316975,0.291461851102275,4.76992614719401,-3.00111818313599
COL,2008,Américas,2.31392871957016,31.8016894231566,0.290063818847254,5.54183629665897,-2.74473738670349
COL,2009,Américas,2.57300963039699,36.1534559237026,0.281679389425462,5.25097292433518,-1.88957357406616
COL,2010,Américas,4.47747643047232,40.9486564457731,0.285287808154181,6.3982958447102,-2.97617554664612
COL,2011,Américas,3.43018202901646,40.4319387993295,0.279679080379921,7.4009940695669,-2.9118857383728
COL,2012,Américas,4.61868258411746,39.1299362095997,0.272894185302532,8.10859838244229,-3.13757801055908
COL,2013,Américas,5.36162352327116,34.9641199181961,0.266130743847955,8.27910255642981,-3.23292422294617
COL,2014,Américas,11.3152998959184,31.5070783405948,0.258129507789981,8.18720824890085,-5.24511671066284
COL,2015,Américas,7.6521382877926,37.5535529350314,0.257470208884975,6.24851490534512,-6.32010841369629
COL,2016,Américas,5.90494945477107,40.1793297516285,0.249173644452214,5.95984250367574,-4.46144390106201
COM,1997,África,0.00501400839064573,19.4770000167378,0.316323813247432,0.714519968676116,-6.21600008010864
COM,1998,África,0,6.91917511198848,0.317531676728312,0.704479817408485,-6.84999990463257
COM,1999,África,0,7.92343898472714,0.315569039480879,0.707228776682623,-3.65700006484985
COM,2000,África,0.0306176356532814,20.704552806305,0.313717051795639,0.633309032776244,-0.137999996542931
COM,2001,África,0.101338983213162,25.9696912997713,0.307595672952421,0.681163857619963,1.84700000286102
COM,2002,África,0,17.2843871883681,0.306745463493669,0.76461349832543,0.386999994516373
COM,2003,África,0.00192693960320941,12.3391547383084,0.310806871636723,0.959691049354812,-3.37183046340942
COM,2004,África,0,47.7353244391362,0.310153147010917,1.07228409029621,-3.27211499214172
COM,2005,África,0.00220376586162918,5.4882615258368,0.30059322236443,1.10578796866788,-4.10660600662231
COM,2006,África,0.00139501340509843,3.26022189945148,0.299655025674977,1.13847908404345,-3.22701621055603
COM,2007,África,0.00655780828208651,2.06564303212342,0.294146644994459,1.28973631056361,-3.97385787963867
COM,2008,África,0,3.57089056421299,0.292937559431044,1.45502768595586,-7.53469610214233
COM,2009,África,0.0119695467109732,5.45556689423281,0.284653434981795,1.41030516959473,-4.35030269622803
COM,2010,África,0.0793478436665955,5.76092882400572,0.288145887765667,1.3865742428453,-4.3322229385376
COM,2011,África,0.0208774049865472,5.53567400001968,0.2827102992222,1.53143789372951,-5.42473030090332
COM,2012,África,0.0146625304399896,3.7955096394891,0.276080638089109,1.49031511351281,-4.04970407485962
COM,2013,África,0.0152873879892396,5.67083843370541,0.269463215690512,1.60332797107304,-5.32409286499023
COM,2014,África,0.0143771359612275,3.12047745383973,0.261539583190107,1.61571723662013,-4.85366916656494
COM,2015,África,0.0438939121482734,2.40014322728642,0.26063251065596,1.32937048235986,-4.85769891738892
COM,2016,África,0.0354021640913881,3.10807109906737,0.252359702095513,1.36548403444497,-2.91878700256348
CPV,1997,África,0,1.0720399907549,0.316320101783001,1.13357422614008,-6.05813026428223
CPV,1998,África,0,0.847897180778103,0.31752719149946,1.18674294773086,-11.2111310958862
CPV,1999,África,0,2.901077781758,0.315563890110268,1.32674466945164,-12.6199893951416
CPV,2000,África,0,14.0552006358788,0.313710663383027,1.18951479345891,-11.1544818878174
CPV,2001,África,0,9.75901644892202,0.307589867700731,1.22333055331575,-9.89947032928467
CPV,2002,África,0.00121053958600747,9.20432850144763,0.306739283169154,1.32857874270666,-11.5146932601929
CPV,2003,África,0.00186518959150234,22.7923579008216,0.310800725504322,1.71797565369655,-11.1255216598511
CPV,2004,África,0,17.5631925109474,0.310146370891884,1.92949081468781,-14.0635900497437
CPV,2005,África,0.0037137000714686,6.78786319871283,0.300584770885973,2.00414680417563,-4.1820592880249
CPV,2006,África,0.00247006876061462,1.04264908895681,0.29964549814562,2.25699666191075,-7.46948957443237
CPV,2007,África,0.0145736847073457,2.11210936431342,0.294137113790666,3.32457675212497,-12.0126266479492
CPV,2008,África,0,0.811818024708419,0.292926374620651,3.90864885822577,-10.4743156433105
CPV,2009,África,0.648521504601429,0.864139349978059,0.284643240120623,3.65972046361628,-13.2225923538208
CPV,2010,África,1.0752467805433,0.918055972058348,0.288138294340414,3.57946006137809,-12.2081956863403
CPV,2011,África,0.0886460050899436,0.921325991450337,0.282703945483295,4.00201386888786,-14.8785943984985
CPV,2012,África,0.161435859573321,2.86371897525587,0.276073298434351,3.73681517011087,-12.7312450408936
CPV,2013,África,0.000120270732122756,1.80200961416657,0.269457317211322,3.96097596791344,-5.2914571762085
CPV,2014,África,0.00298030328404255,1.71777082505694,0.261529964419271,3.98560706548133,-8.2745532989502
CPV,2015,África,0.0128361693298046,2.33863066242362,0.260628010508307,3.41506266730932,-2.89127850532532
CPV,2016,África,0.0824007622165265,4.14903647614721,0.252354528429246,3.60896605234906,-3.46715998649597
CRI,1997,Américas,0.127712491518096,53.0033745598036,0.31602037893358,3.407776128985,-3.81205821037293
CRI,1998,Américas,0.359601365576497,50.4295907733718,0.317213483679203,3.61745756666727,-3.80546808242798
CRI,1999,Américas,0.128381368945417,57.5884881910327,0.315249249482125,3.69096154778298,-5.64556789398193
CRI,2000,Américas,0.233042936478967,50.6500743255851,0.31340250797114,3.81275388284924,-4.55233383178711
CRI,2001,Américas,0.556061583002641,48.1715438706976,0.307278563461127,3.98512984506208,-3.22592830657959
CRI,2002,Américas,2.55135482613807,41.679390284448,0.306425467925595,4.06771851429093,-5.1285891532898
CRI,2003,Américas,5.41409989689007,33.0564899763428,0.310483787804876,4.17314856415515,-5.0822925567627
CRI,2004,Américas,5.47432062541113,28.7483740582524,0.309828629929359,4.43101172078431,-3.56028771400452
CRI,2005,Américas,7.33625391018509,27.3720272831825,0.300266487021415,4.70300721784779,-4.1959719657898
CRI,2006,Américas,11.1605086364239,33.3306382142832,0.299329961386413,5.25659640859159,-4.04894685745239
CRI,2007,Américas,13.0712198074433,31.6716248579684,0.293820395578835,6.13771199925543,-5.44461679458618
CRI,2008,Américas,11.9184664278968,30.1491429902181,0.292592268527088,6.93724261596057,-8.29731273651123
CRI,2009,Américas,12.7061135825867,35.2499473118236,0.284307410795432,6.83269829924139,-1.72668588161469
CRI,2010,Américas,11.0991101608374,37.6504349960434,0.287804389944713,8.26578820275582,-3.16944551467896
CRI,2011,Américas,11.8271673589806,36.8131864725813,0.282358753768863,9.27639107511348,-5.31137371063232
CRI,2012,Américas,13.7887658056536,36.1261099552719,0.275714831809853,10.1269991024177,-5.14499378204346
CRI,2013,Américas,12.3993346572044,36.0227327174924,0.269089587636232,10.8032401962173,-4.81325149536133
CRI,2014,Américas,11.9112408878772,32.6871559258565,0.261166702367279,10.911497878334,-4.72531604766846
CRI,2015,Américas,5.22132996332438,42.8248580456447,0.260290313470779,11.7147105980732,-3.39618039131165
CRI,2016,Américas,4.49809579103203,44.529752936714,0.252021192077055,12.0910301606154,-2.10016179084778
CYP,1997,Ásia e Oceania,0.126266210537318,1.24598733611547,0.316021292721137,10.6374296093581,-4.37875890731812
CYP,1998,Ásia e Oceania,0.0537561609193908,2.51255529579372,0.317237471282082,11.2062120066749,2.84348034858704
CYP,1999,Ásia e Oceania,0.0503725919605044,2.27757741728715,0.315321491154339,11.2731141985967,-1.62158739566803
CYP,2000,Ásia e Oceania,0.0289016791559312,0.829562753137172,0.313466044501913,10.5372956047376,-4.88747501373291
CYP,2001,Ásia e Oceania,0.050936597158395,0.720431728577471,0.307329400040097,10.7847813691597,-3.09916830062866
CYP,2002,Ásia e Oceania,0.0665121007895702,9.77985540233523,0.30651038552503,11.6361966560908,-3.32012510299683
CYP,2003,Ásia e Oceania,0.109546553785167,11.0544605104965,0.310579687054541,14.5532964098519,-2.00767135620117
CYP,2004,Ásia e Oceania,0.0643980036981664,9.96933824478354,0.309925070919984,17.0163833967825,-4.77327489852905
CYP,2005,Ásia e Oceania,0.084122885293513,8.01394845884626,0.300331299712023,17.7902762347203,-5.26682615280151
CYP,2006,Ásia e Oceania,0.0845422437839179,4.94364304270201,0.299385387868516,19.0368098674598,-6.36794757843018
CYP,2007,Ásia e Oceania,0.200879410355061,5.40642939451149,0.293883103673435,22.3440050876917,-7.63669157028198
CYP,2008,Ásia e Oceania,0.154312799480903,2.58368112305643,0.292452553567418,25.5215240127247,-14.4440336227417
CYP,2009,Ásia e Oceania,0.190915381623488,4.3594102136096,0.282176160468496,23.4801341924154,-6.67074537277222
CYP,2010,Ásia e Oceania,0.161938300942109,3.04842574780156,0.287057903510656,22.876018852018,-10.8470258712769
CYP,2011,Ásia e Oceania,0.1707336350328,2.06995796754042,0.281613628286369,24.1096537891257,-2.1940712928772
CYP,2012,Ásia e Oceania,0.773019609219168,2.42384724698981,0.274108488290478,21.4926218058584,-3.9861364364624
CYP,2013,Ásia e Oceania,0.339781090607027,2.8892448213458,0.268657844468307,20.2380387288004,-1.46024572849274
CYP,2014,Ásia e Oceania,1.77343732991199,2.22868962782263,0.260007810110944,19.3259268880475,-4.12447214126587
CYP,2015,Ásia e Oceania,1.27643247821106,2.50709223891688,0.259910344267085,16.3257447850496,-0.419454365968704
CYP,2016,Ásia e Oceania,1.15604961187476,2.81951850355935,0.252038868615253,17.0125762910698,-4.1033091545105
CZE,1997,Europa,0.136652864813211,2.99568890742669,0.313675181252205,6.06938762357837,-5.74109363555908
CZE,1998,Europa,0.109706392143109,2.69313563193469,0.314880019657127,6.52659635780951,-1.87947714328766
CZE,1999,Europa,0.284100053228898,3.02554437024921,0.31293919689545,6.3776211077224,-2.25106191635132
CZE,2000,Europa,0.266341807582566,4.96482419765047,0.31104201828882,6.06292152842793,-4.39274501800537
CZE,2001,Europa,0.250976699906362,3.76327124266329,0.304920894387172,6.66907494847497,-4.82436990737915
CZE,2002,Europa,0.361629596688724,3.88446598998042,0.304096371340666,8.1012601858811,-5.06922435760498
CZE,2003,Europa,0.556645870774815,3.23158104271667,0.308081027031337,9.85245677945797,-5.69043970108032
CZE,2004,Europa,0.622313150457498,3.9081313565555,0.307452391649782,11.7825546676116,-3.72176313400269
CZE,2005,Europa,0.49363160064635,3.99387208741881,0.297682199786495,13.4424916284309,-2.0939085483551
CZE,2006,Europa,0.567751444301671,3.34735180169618,0.297019741993097,15.2590788162005,-2.45214772224426
CZE,2007,Europa,0.71067221408906,2.85058580124219,0.291438816719294,18.4526532812197,-4.58705615997315
CZE,2008,Europa,0.730918705484936,2.41098997538756,0.290389465809572,22.7747045076206,-1.86325716972351
CZE,2009,Europa,1.01721600775785,2.38658214802199,0.282151673635874,19.8174215836554,-2.25499129295349
CZE,2010,Europa,1.27243269395982,2.47582350620826,0.285620730254432,20.1604355077059,-3.55418634414673
CZE,2011,Europa,1.42358239311177,2.67220083400749,0.280397855186371,22.0491080788682,-2.08946204185486
CZE,2012,Europa,1.63652404456166,3.20061369326771,0.27367794030307,20.0140354015164,-1.54882776737213
CZE,2013,Europa,1.70123165352264,3.05938508835588,0.267204386189413,20.2604954999375,-0.525956869125366
CZE,2014,Europa,1.93694084537761,3.20704243367367,0.259259430183925,20.0384163180257,0.181435495615006
CZE,2015,Europa,1.97750390702901,3.69674414618925,0.25847192909321,17.9315987670768,0.448335379362106
CZE,2016,Europa,2.02458535089149,3.63889242078638,0.250055244720223,18.7539686718096,1.77639544010162
DEU,1997,Europa,1.30069267500756,8.9425621560758,0.255079559362184,27.0469565464237,-0.499013423919678
DEU,1998,Europa,1.41151878343272,9.81560928920544,0.255802167960617,27.3959440608051,-0.762644648551941
DEU,1999,Europa,1.6567845224134,10.7235642221531,0.254280070524927,26.9654922773722,-1.45012021064758
DEU,2000,Europa,1.80408463660101,12.7677662681927,0.254086063788925,23.9258559901991,-1.82093572616577
DEU,2001,Europa,2.3227235093191,12.3579782380669,0.248801724191835,23.878364147165,-0.31672191619873
DEU,2002,Europa,2.54115616218032,13.3582423288076,0.249251798263781,25.4865942008748,1.93291914463043
DEU,2003,Europa,3.02422911000547,11.367713507416,0.255963494009374,30.711102251133,1.38732004165649
DEU,2004,Europa,3.15110448513661,10.4243802048435,0.257647881241779,34.5667359143735,4.41749429702759
DEU,2005,Europa,3.03324202402768,10.187769375751,0.251498471508345,35.0844363546269,4.61423206329346
DEU,2006,Europa,3.30317711528099,9.24847638084365,0.249974252614513,36.9803349948953,5.75535249710083
DEU,2007,Europa,3.34465801112652,8.46140729284489,0.245713102722464,42.3509217211488,6.89412689208984
DEU,2008,Europa,3.77012159227105,8.01145929529043,0.245397635089995,46.3791647953479,5.63989400863648
DEU,2009,Europa,4.61406924131583,7.8833754874044,0.236776185398243,42.4718868625226,5.77910280227661
DEU,2010,Europa,5.71605441246922,8.33139677000205,0.240918260187476,42.3969665976293,5.56872272491455
DEU,2011,Europa,6.12655422870749,8.45113733419586,0.235269750374787,47.6309761883572,6.16468334197998
DEU,2012,Europa,6.36063802175808,9.49682753118133,0.229630877697256,44.7180159214069,7.19680881500244
DEU,2013,Europa,6.38842345807241,9.65754582874496,0.225027906074278,47.2068353514242,6.63613271713257
DEU,2014,Europa,6.94886105016327,10.1094869627739,0.217517041370634,48.9595991203133,7.26665496826172
DEU,2015,Europa,6.66274408828145,11.1463539420183,0.215695498589384,41.9297549110722,8.65769481658936
DEU,2016,Europa,6.62856201213783,10.51557070769,0.205743370513063,42.9489381932694,8.50489616394043
DNK,1997,Europa,0.877767492612146,5.3516902208308,0.311736127156692,32.779879045297,0.386109232902527
DNK,1998,Europa,0.790223893413703,5.85335030103784,0.312900654277624,33.3464884298957,-0.83622807264328
DNK,1999,Europa,0.977078870946217,6.80143704588014,0.310920546063015,33.4262381077405,1.86361169815063
DNK,2000,Europa,1.92075213440677,7.45047533371907,0.309198101331662,30.7220251837567,1.55069518089294
DNK,2001,Europa,2.12507973278021,7.70502448903535,0.303038763489265,30.7684775471112,2.48864984512329
DNK,2002,Europa,2.13262596946678,6.81629684148001,0.30242326764616,33.2571622586508,2.77749252319336
DNK,2003,Europa,2.39990213461346,7.00760228816282,0.306711893757789,40.5190974905923,3.35052442550659
DNK,2004,Europa,2.71938261940882,8.64953654276003,0.306122466144494,46.6250500980109,2.27583479881287
DNK,2005,Europa,2.47987277629139,11.9896087600753,0.29578503918401,48.9258076698785,4.19221925735474
DNK,2006,Europa,3.06116189224928,12.5612240796827,0.295154435746164,52.1191787984282,3.32473397254944
DNK,2007,Europa,3.90005416548402,11.6238393520353,0.289665750821958,58.6316566433635,1.44692885875702
DNK,2008,Europa,4.15114590627322,11.9337186545676,0.288803662329575,64.6166657583663,2.91709136962891
DNK,2009,Europa,3.85501284480555,12.9967393401439,0.280523118640367,58.4127472358513,3.46554780006409
DNK,2010,Europa,3.87880096470093,10.2530854592847,0.284235555926663,58.1045445594981,6.56289148330689
DNK,2011,Europa,3.51976666841411,9.79933855079556,0.278623666752289,61.8097378982221,6.58550024032593
DNK,2012,Europa,4.1741464434226,10.2994401282041,0.272382978877226,58.4437747103968,6.28151988983154
DNK,2013,Europa,4.58662797511136,9.34208697452511,0.265998488016783,61.3775940590412,7.75886392593384
DNK,2014,Europa,4.70964823440993,9.96494380716698,0.257933078432713,62.5204509747012,8.92465782165527
DNK,2015,Europa,4.71751167494298,10.5216666263523,0.257325796843527,53.0940133607573,8.24481391906738
DNK,2016,Europa,4.74855779970551,10.4310247576224,0.24906372341677,54.5009260410218,7.77400493621826
DOM,1997,Américas,0.000842006516192008,86.1726331782297,0.31589656714775,2.44889393535363,-0.814289510250092
DOM,1998,Américas,0.00624498402878154,89.1336166640233,0.317085648126999,2.60785457321404,-1.56144630908966
DOM,1999,Américas,0.0110086934521751,90.0319995259024,0.315114369276106,2.62088968172721,-1.93887221813202
DOM,2000,Américas,0.0184240954654507,87.8953099585359,0.313249371350107,2.83145883638033,-4.22327518463135
DOM,2001,Américas,0.00945666327645822,85.9129583802179,0.307122426166673,2.93589367312669,-2.89354395866394
DOM,2002,Américas,0.0592470145401277,82.9111119789919,0.306276903629648,3.06560329524196,-2.94021821022034
DOM,2003,Américas,0.0593787733903854,80.5330155204665,0.310374159239156,2.38326171780394,4.84124612808228
DOM,2004,Américas,0.207392333972905,76.6552343568995,0.309734223979968,2.45169161616568,4.66562986373901
DOM,2005,Américas,0.437682091810731,73.5636268314361,0.300178385352401,3.87831206735245,-1.32180619239807
DOM,2006,Américas,0.976409774085292,73.5811079670039,0.299236039700018,4.05514270347371,-3.39866900444031
DOM,2007,Américas,1.20884560613574,66.7230640227715,0.293723706174412,4.64964558875814,-4.92727708816528
DOM,2008,Américas,1.30662914140021,62.2598522928501,0.292491905530082,5.02358513403516,-9.39205265045166
DOM,2009,Américas,1.09748418915949,69.2020099158602,0.284207534188277,4.97395186999952,-4.77175426483154
DOM,2010,Américas,1.18226481381439,67.3093563144385,0.287697727146984,5.47862470398954,-7.4702672958374
DOM,2011,Américas,3.32046424731557,63.9106463010668,0.282268654778409,5.82651014109194,-7.51114416122437
DOM,2012,Américas,3.33103209686871,62.73177165236,0.27559516721342,6.01381965002603,-6.54329204559326
DOM,2013,Américas,2.1784367094002,59.0942918646085,0.269021887657968,6.13659429329301,-4.0967001914978
DOM,2014,Américas,1.83965880308519,59.1428443504341,0.261047077745959,6.49645166971142,-3.23042774200439
DOM,2015,Américas,1.42638545227961,64.6118097156291,0.260140074553282,6.80095309395474,-1.79906284809113
DOM,2016,Américas,0.854884653872431,63.4966908607703,0.251850259222484,7.16044200982308,-1.0761559009552
DZA,1997,África,0.129293438640395,7.12393415267951,0.31413133908117,1.62876100561507,6.59800004959106
DZA,1998,África,0.00197839709653645,6.03097558889839,0.31529874682177,1.60336623200836,-1.74000000953674
DZA,1999,África,0.760768393726374,4.928165814354,0.313259971078122,1.59611822239025,0.0379999987781048
DZA,2000,África,0.126264675491658,13.2553819096424,0.311334659498301,1.77292869122761,15.3859996795654
DZA,2001,África,0.408450399780699,15.7798235110737,0.305205403864144,1.89630020878013,11.8830003738403
DZA,2002,África,0.457673441966695,14.2657232299008,0.304275813589489,1.93746411413019,7.08599996566773
DZA,2003,África,0.42275346324478,21.6827230909611,0.308289453932076,2.28377299346125,11.9870004653931
DZA,2004,África,0.849567577623466,26.0781261731362,0.307639215838376,2.81699384960555,12.0939998626709
DZA,2005,África,0.882111693385025,26.1175878090511,0.298224510120033,3.23313339634212,19.7857723236084
DZA,2006,África,0.280857313522012,31.7103040793853,0.297323712448066,3.66066104745323,23.4985370635986
DZA,2007,África,2.04385557539702,32.4658976600029,0.291827956406058,4.1674516993753,21.3033466339111
DZA,2008,África,1.22233183567821,27.6072890373821,0.290516552068908,5.18091881514688,18.8233642578125
DZA,2009,África,1.93304437660155,22.8090875306402,0.282210138570108,4.23542990456612,0.287169367074966
DZA,2010,África,1.99256152122778,25.2841446382904,0.285743018510208,4.91278585503673,6.87361907958984
DZA,2011,África,2.57920039821391,19.6114004772147,0.280105850525325,5.91631364364344,8.09495258331299
DZA,2012,África,3.09966739206391,13.6840281007648,0.273474154082314,6.03364884689543,5.32371091842651
DZA,2013,África,3.21129717626845,7.35597920822791,0.266831129749433,5.97960138960586,0.517147123813629
DZA,2014,África,2.07421390082739,7.58115199783628,0.258758990466113,6.09469392314956,-4.44641447067261
DZA,2015,África,2.00878809546609,9.20309785127248,0.257888856593053,4.68505902729003,-15.1627731323242
DZA,2016,África,1.13796129928512,11.065664814583,0.249542218183913,4.42498529027556,-16.9988460540772
ECU,1997,Américas,1.74456754623775,38.3884308585888,0.314585815917761,2.34076600026858,-1.62196981906891
ECU,1998,Américas,1.45037522720309,37.8217870372548,0.315975268448272,2.28401572847769,-7.49949169158936
ECU,1999,Américas,1.46787644558563,36.3114253696193,0.31458068781217,1.57530234730971,4.67349052429199
ECU,2000,Américas,1.29149226666866,37.1219225718851,0.312891046609013,1.38223421759909,6.34355401992798
ECU,2001,Américas,0.481186355265998,35.7389350580394,0.306769535508465,1.79130359685037,-2.38325095176697
ECU,2002,Américas,0.30948192226341,36.6238860642321,0.305892354482863,2.0591585535974,-4.50586223602295
ECU,2003,Américas,0.509947956043935,39.1264627059926,0.3099205160808,2.31562215223014,-1.24920356273651
ECU,2004,Américas,0.833032986536206,42.954393512616,0.309254079892922,2.58620914663347,-1.36219191551209
ECU,2005,Américas,0.297018716480937,48.2980019553129,0.299762261238706,2.90902606014388,1.17661118507385
ECU,2006,Américas,0.545899540334635,50.8245386379149,0.298847784843279,3.24367010359339,3.80804967880249
ECU,2007,Américas,0.80410117649422,39.304472934111,0.293299880876539,3.47892488770671,3.78442740440369
ECU,2008,Américas,3.73331979871133,41.6222314777856,0.292021813159321,4.19475750661981,2.89405298233032
ECU,2009,Américas,4.31091600205006,31.526797026953,0.283739896366829,4.05336331139298,0.52092432975769
ECU,2010,Américas,2.34813905894917,36.8292484035087,0.28723749233729,4.52030959039763,-2.32172608375549
ECU,2011,Américas,2.043874323933,38.2059146003518,0.281728627860022,5.1536916424375,-0.506587088108063
ECU,2012,Américas,3.4291232814256,35.3745873869025,0.275077428273646,5.63408393191094,-0.16690956056118
ECU,2013,Américas,2.67867506387972,41.1286655982071,0.268426450045411,6.10929031510341,-0.966037809848785
ECU,2014,Américas,3.59380247101091,37.0085079352419,0.260493251241436,6.40579979300441,-0.651047945022583
ECU,2015,Américas,5.88542752027991,36.3841308970444,0.259646793666508,5.9761596805651,-2.28484416007996
ECU,2016,Américas,5.09153861744768,33.7599389409272,0.251423058029955,5.91763771271481,1.05784237384796
EGY,1997,África,0.997824736392336,9.60827109449381,0.313333025945614,1.14620172117633,-0.905827403068542
EGY,1998,África,0.624583775587896,11.9856261264926,0.314557245613786,1.21282259820477,-3.02491569519043
EGY,1999,África,0.714413574997,11.244064567923,0.312524749659477,1.26830949160496,-1.80221283435822
EGY,2000,África,1.22362557136425,9.55101732144209,0.310668612738566,1.36609274372613,-0.972570300102234
EGY,2001,África,0.964186046007233,9.8347006886946,0.304380024411966,1.2951374184163,-0.401718437671661
EGY,2002,África,0.976246548056194,9.83848662267835,0.303441628546454,1.11682884626213,0.730979144573212
EGY,2003,África,1.17951298685667,8.25106465272235,0.307504241765868,1.03127556291284,4.66231393814087
EGY,2004,África,0.858553966700375,6.11502285447538,0.306958317919763,0.991255689145252,4.97788429260254
EGY,2005,África,0.775087203120278,8.17167552263457,0.297515063276971,1.10553920713903,2.34685754776001
EGY,2006,África,0.604939987723711,7.58462200517956,0.296411592031359,1.29897900203125,2.45322155952454
EGY,2007,África,0.579951292432473,6.02736911494324,0.290923709178134,1.54774170735908,0.315552622079849
EGY,2008,África,0.932071313717897,4.89786983625942,0.289661222385092,1.89621594269779,-0.868821859359741
EGY,2009,África,1.71954100738074,4.92342747901729,0.281311348439376,2.16163964573926,-1.77073907852173
EGY,2010,África,2.54750581245406,6.5088714417494,0.284970269724807,2.45508194645282,-2.05668306350708
EGY,2011,África,3.46684124956336,4.91484063034383,0.279831252493565,2.59064384891965,-2.32378816604614
EGY,2012,África,3.14485725780104,7.31104668154916,0.273171830608134,2.9960677072015,-2.49788022041321
EGY,2013,África,4.79053597781077,4.27468712815512,0.266524418392321,3.02552563552448,-1.31288433074951
EGY,2014,África,3.17484999022768,3.9016138600418,0.258510875861368,3.1333910226554,-1.93824887275696
EGY,2015,África,2.97855545698999,4.60975834965622,0.257485209203322,3.30698159414141,-5.17623472213745
EGY,2016,África,1.79045999548811,4.79697035115611,0.249205725605784,3.2706287768197,-6.14929485321045
ESP,1997,Europa,0.580682236749136,4.69184717073387,0.301405195544918,14.7223717633536,-0.72505909204483
ESP,1998,Europa,0.469466944547831,4.54218790938196,0.30214977200957,15.3823348573373,-1.68113625049591
ESP,1999,Europa,0.523776281031311,4.73808239111751,0.299636925217133,15.7079473068138,-3.23908925056458
ESP,2000,Europa,0.522584828671959,4.91602938348211,0.29781907350529,14.7432671031455,-4.30994176864624
ESP,2001,Europa,0.558634111932185,4.38276596479455,0.291393919993081,15.3682337984435,-4.37522220611572
ESP,2002,Europa,0.605271186447258,4.52224744995675,0.290690882956467,17.1110685058941,-3.72982788085938
ESP,2003,Europa,0.768966334888886,4.36767168060997,0.294939263331671,21.5220170990262,-3.88300132751465
ESP,2004,Europa,0.596684229166697,2.97178623276618,0.294202646513829,24.9250267844574,-5.48207712173462
ESP,2005,Europa,0.692438659654504,3.83244571730528,0.284614999893507,26.4509530130383,-7.25448799133301
ESP,2006,Europa,0.74545300739897,5.29107311798345,0.283294765473193,28.421686527407,-8.85136127471924
ESP,2007,Europa,0.779411323485534,5.28598580283088,0.276815865979876,32.6520155947019,-9.43210792541504
ESP,2008,Europa,0.885562653999444,5.43056450696189,0.275708225052232,35.6032483280711,-8.90332126617432
ESP,2009,Europa,1.03550173525499,5.63143734921506,0.269109592515078,32.2798208476153,-4.08810043334961
ESP,2010,Europa,1.37184154739276,4.649003332508,0.272286562538332,30.6587422282912,-3.65551137924194
ESP,2011,Europa,1.45412086627531,4.80946203874326,0.268503634158461,31.8246219134777,-2.72344493865967
ESP,2012,Europa,1.93039421413592,4.95069739013728,0.263009719620433,28.4564438151476,0.0858303308486939
ESP,2013,Europa,1.81402343649715,4.78427106434282,0.256464147993445,29.228846559842,2.03796100616455
ESP,2014,Europa,1.7432234860216,5.38388648925141,0.24902545610824,29.7077655094671,1.69841802120209
ESP,2015,Europa,1.77860162729545,5.90198551470881,0.248606213845627,25.9824416197775,2.02487349510193
ESP,2016,Europa,1.82213373291166,5.44282097547895,0.239445138832545,26.7556061149397,3.17393803596497
EST,1997,Europa,0.179990535439268,3.15806848020932,0.316111972022936,3.68295230146694,-10.5940465927124
EST,1998,Europa,0.117464985730599,3.31998659970156,0.317325611802185,4.09339247738765,-8.61621189117432
EST,1999,Europa,0.157985789235554,2.40932201957345,0.315358968811235,4.14093660232167,-4.23863506317139
EST,2000,Europa,0.139899466554791,12.4799794624769,0.313505721677908,4.07060902410208,-5.05124044418335
EST,2001,Europa,0.240330056554507,6.93266075292085,0.307380292652616,4.50266614992392,-7.09315156936646
EST,2002,Europa,0.744231372737739,5.38695862754216,0.306513890892615,5.34318310760735,-11.3006896972656
EST,2003,Europa,0.492090599568414,4.65284239018481,0.310562786185751,7.20540703313243,-12.9819841384888
EST,2004,Europa,0.253801973483272,5.89322999013432,0.309903279711264,8.91607282746021,-12.2045669555664
EST,2005,Europa,0.471867299699304,6.03904489673683,0.300271140742669,10.4146381183565,-8.56443500518799
EST,2006,Europa,2.10437946479475,4.30183784565501,0.299371258359873,12.6414800976473,-15.0204257965088
EST,2007,Europa,0.549159712543623,3.20750487813706,0.293840778660762,16.7454308011147,-15.059494972229
EST,2008,Europa,0.519785343518154,4.42666290034098,0.292651939095166,18.2059064113446,-8.72085189819336
EST,2009,Europa,0.608497475876995,2.90687991867342,0.28437539973815,14.7124494217917,2.48504209518433
EST,2010,Europa,1.23620170669937,5.9653775467207,0.287859458968257,14.6637041018705,1.61483788490295
EST,2011,Europa,1.0535683420762,5.88931124286912,0.282457321488417,17.5555455239426,1.21956193447113
EST,2012,Europa,0.793222195825079,3.7971620190437,0.275796603866326,17.5682137969713,-1.88199317455292
EST,2013,Europa,1.17523603454191,3.56773740920547,0.269198800442454,19.3103874900757,0.362259030342102
EST,2014,Europa,1.27138295709257,3.74003602079662,0.261251478269273,20.5817898991695,0.749143660068512
EST,2015,Europa,1.65030587138417,4.1215897027548,0.260393717648712,17.7221557669523,1.75993227958679
EST,2016,Europa,1.36522320353153,6.75226451813178,0.252095428619806,18.6663736521706,1.15187168121338
FIN,1997,Europa,1.86808451089512,6.3706522125606,0.313185494305841,24.68229083271,5.14796018600464
FIN,1998,Europa,3.26813554954808,6.78581577377084,0.314313475232133,25.9999861694954,5.1156268119812
FIN,1999,Europa,4.67354340747219,7.13910882673518,0.312409505905534,26.1804128562349,4.90705299377441
FIN,2000,Europa,4.78497795699541,9.89918553138762,0.310468762051461,24.335922508266,7.21301555633545
FIN,2001,Europa,4.91970005285266,9.59708338775306,0.304361484780333,24.965202996776,8.12559986114502
FIN,2002,Europa,3.04660333228858,8.94462268560027,0.303488962267814,26.989389260959,8.07959079742432
FIN,2003,Europa,4.28823717987731,8.07220683669977,0.307583189797936,32.9200857192568,4.65709161758423
FIN,2004,Europa,5.7576963506463,6.56496609841331,0.306937739130331,37.7681334202029,5.70436716079712
FIN,2005,Europa,4.13039930504652,6.19579392300603,0.297162671017149,39.0498703780223,3.41424012184143
FIN,2006,Europa,4.23261755939927,6.41200178549156,0.296539968371313,41.2140187765068,3.85723686218262
FIN,2007,Europa,4.4391618122222,5.96943052048159,0.290832088693082,48.4730240091455,4.13340282440186
FIN,2008,Europa,3.98884075521596,5.99967121604259,0.289596481100028,53.7694726240386,1.83678483963013
FIN,2009,Europa,5.83349070656743,6.09261761833479,0.281785234500827,47.4783495310999,1.94862043857574
FIN,2010,Europa,5.95405594702456,5.60621914962075,0.284989829961218,46.5062919016567,1.64773726463318
FIN,2011,Europa,5.46662441534415,6.09933179766446,0.27991881883947,51.0603242589767,-1.07679462432861
FIN,2012,Europa,4.80107349480971,7.18011137235621,0.273261017644908,47.551674084137,-2.11256241798401
FIN,2013,Europa,4.80577615385788,6.94784382195035,0.266903722004395,49.6910145200738,-2.1688084602356
FIN,2014,Europa,4.83570956984818,7.73227049116187,0.258565446974131,50.0737760815871,-1.54603588581085
FIN,2015,Europa,5.21170497614719,8.42995415684745,0.257917757559333,42.5603456767103,-0.954677700996399
FIN,2016,Europa,5.54466588699759,9.00117000037249,0.249980971003411,43.4512562442158,-1.77640020847321
FJI,1997,Ásia e Oceania,0.0269926671762335,17.1399298724688,0.316280827178727,2.57372338605677,-1.63374865055084
FJI,1998,Ásia e Oceania,0.728673439534799,19.4733062722496,0.317489198020509,2.01049636073149,-3.62307858467102
FJI,1999,Ásia e Oceania,0.146420244339639,17.8194769128154,0.31552486177606,2.32795720514091,0.655462622642517
FJI,2000,Ásia e Oceania,0.04847231155414,23.7767804534084,0.313672320317161,1.99572071163264,-1.51980018615723
FJI,2001,Ásia e Oceania,0.0451438392817152,32.3554687354595,0.307551174662116,1.944997414609,-4.09110116958618
FJI,2002,Ásia e Oceania,0.270722452340483,28.5424972411895,0.306702624968439,2.13656794118682,0.85887885093689
FJI,2003,Ásia e Oceania,0.800840611165845,26.0322989496268,0.310765523690524,2.65558079586044,-2.28236246109009
FJI,2004,Ásia e Oceania,0.807535094996277,28.1238211901087,0.31011173991509,3.09719096651759,-9.27687168121338
FJI,2005,Ásia e Oceania,0.240145189019781,18.4651812894557,0.300555553106422,3.37769126953493,-6.89584541320801
FJI,2006,Ásia e Oceania,0.160898509548887,17.2181049462611,0.299608379269112,3.45510599907348,-16.4488945007324
FJI,2007,Ásia e Oceania,0.474239852910771,18.8754660399477,0.294106454001436,3.76274692789299,-11.4545755386353
FJI,2008,Ásia e Oceania,0.120941406334127,16.1390085147616,0.292894048581936,3.89992231512129,-14.9382362365723
FJI,2009,Ásia e Oceania,0.1315389745772,15.8541266700307,0.284614492698749,3.16413275408169,-4.31924962997437
FJI,2010,Ásia e Oceania,0.182110917156819,17.6399714411421,0.288114710180393,3.44914452883369,-4.75919675827026
FJI,2011,Ásia e Oceania,0.277127465779686,13.0953621346521,0.282679611089791,4.13960288609702,-5.16119194030762
FJI,2012,Ásia e Oceania,1.67880165627838,17.9579532177482,0.276048201331173,4.34140338748749,-1.43404424190521
FJI,2013,Ásia e Oceania,4.42447818976955,16.8605336269701,0.269431593341623,4.57244377544245,-9.7117805480957
FJI,2014,Ásia e Oceania,5.31350038371566,14.5027174124828,0.261499803082312,5.29335676680464,-5.77781248092651
FJI,2015,Ásia e Oceania,1.34599260029438,12.1601282922219,0.260603101575789,5.09753106864695,-3.47299242019653
FJI,2016,Ásia e Oceania,0.97702391891843,13.7443409905825,0.252326692197922,5.36379026679243,-3.60696935653687
FRA,1997,Europa,1.22937003298777,7.12872305687914,0.259959327918601,24.1694008102821,2.48325037956238
FRA,1998,Europa,1.13794717852633,7.81664747663854,0.261270062946485,24.869403079594,2.50296926498413
FRA,1999,Europa,1.33626820171114,8.17968696741554,0.259749937917926,24.5763152254528,2.98675179481506
FRA,2000,Europa,1.32085560511595,10.9693498082095,0.259101082560907,22.3405939516217,0.990459501743317
FRA,2001,Europa,1.34846501382017,10.5404815396099,0.253254384715952,22.3317948343036,1.37180590629578
FRA,2002,Europa,1.34961423202726,10.1967581836222,0.252649015838278,24.1445727019528,0.986424326896667
FRA,2003,Europa,1.68106810569341,9.04237638171589,0.258069442021716,29.4795222101174,0.697373628616333
FRA,2004,Europa,1.83836330965797,9.44581912989704,0.257827368199305,33.6449282220364,0.416629493236542
FRA,2005,Europa,2.29665082005454,10.098319428797,0.248372739358094,34.6963718316971,0.0298463702201843
FRA,2006,Europa,2.59670090532856,10.0244269788674,0.248874336551892,36.4315658906555,0.178991407155991
FRA,2007,Europa,2.75336296977164,9.29844744103279,0.245975849790186,41.4861907828787,-0.178283780813217
FRA,2008,Europa,2.47416032834472,8.25828312885734,0.246499292520916,45.4648181385158,-0.696625173091888
FRA,2009,Europa,2.41483900771167,8.14015664792542,0.237930835986631,41.7280884164132,-0.550228655338287
FRA,2010,Europa,2.80198299823686,8.90744606115228,0.242319218771474,40.6948211697025,-0.629642426967621
FRA,2011,Europa,3.24631124800897,8.12322814893191,0.237474720950996,43.9297840873812,-0.859836518764496
FRA,2012,Europa,3.83548238727045,8.92875837107769,0.231820810303969,40.8635814412334,-0.96473628282547
FRA,2013,Europa,3.63788014820213,8.84812433186778,0.226748345874971,42.6691795111892,-0.509456515312195
FRA,2014,Europa,4.06657046447594,8.94278317427927,0.219757519877092,43.1480459288416,-0.954992175102234
FRA,2015,Europa,4.29800441016112,10.213165119729,0.219337925251032,36.702432373338,-0.367743611335754
FRA,2016,Europa,3.90820259707541,10.1661802264182,0.212149647920619,37.0242157133669,-0.486800670623779
GAB,1997,África,8.64854312636188,64.6716747307544,0.316069003338495,4.50875340541142,9.97513771057129
GAB,1998,África,6.70548448170006,56.0508305148446,0.317281042186731,3.69999513906504,-13.2831001281738
GAB,1999,África,10.0377764363443,57.9063890138954,0.315342891493736,3.75135318950625,8.37209987640381
GAB,2000,África,9.07183659154298,58.8443365393925,0.313519648864113,3.982906200928,19.7027587890625
GAB,2001,África,8.18797885945905,52.1895845116523,0.307402449243831,3.83575718279727,10.2998523712158
GAB,2002,África,7.5641115819274,53.6744904726305,0.306558731686687,3.96648001864663,6.33560276031494
GAB,2003,África,8.13999530661261,55.7673677682604,0.310621849272323,4.71074862768151,11.7614765167236
GAB,2004,África,9.06177003480026,58.8476940969296,0.309973680368458,5.46579193590708,11.8977403640747
GAB,2005,África,6.62788323688439,55.2496691184532,0.300429996798018,6.54787613955186,20.6930561065674
GAB,2006,África,17.3620799980053,29.9805325078915,0.299505074898649,6.84700985685394,14.6059999465942
GAB,2007,África,16.8863854376295,34.3632190164166,0.293989227511099,8.00354289696049,22.0639362335205
GAB,2008,África,19.7455957058223,26.1008390513433,0.29278102494644,9.68864519690631,24.5939598083496
GAB,2009,África,13.7336422905329,24.5797785251916,0.284487016712967,7.29057526093114,6.63781881332398
GAB,2010,África,12.3898785744129,28.9788557718743,0.287976827733205,8.35674662013345,17.0685062408447
GAB,2011,África,4.82148685695066,38.6200186156535,0.282539131947801,10.2191139339453,14.3020544052124
GAB,2012,África,4.26956877741502,13.618446367829,0.275915847378144,9.29696587941089,11.5176525115967
GAB,2013,África,6.95304129675439,7.92643315649189,0.269303428473772,9.19770106323945,8.31242179870606
GAB,2014,África,10.5970217359003,8.33366502522481,0.261363711617249,9.20136276648103,6.10892057418823
GAB,2015,África,10.6960201896101,3.8968715074965,0.260487172073495,7.04712654634356,0.980288684368134
GAB,2016,África,13.8210824972321,1.33906548256669,0.252190986923063,6.67707003901646,-5.41400003433228
GBR,1997,Europa,0.765215207568518,12.0198049410596,0.26471981516237,26.9101381529901,-0.139500007033348
GBR,1998,Europa,0.807226253863282,13.0647337093528,0.265684904773177,28.3963523548014,-0.281822443008423
GBR,1999,Europa,1.21312132169116,14.4140643731292,0.26477942312205,28.8580065333127,-2.1146457195282
GBR,2000,Europa,1.14434380951287,16.7029575728558,0.262695752226311,28.3838761094996,-1.83120262622833
GBR,2001,Europa,1.1274632535216,15.7650212526724,0.256194100563459,28.0138729635507,-1.7732640504837
GBR,2002,Europa,1.06345002493734,19.1694629707312,0.255205838962069,30.1587017807859,-1.9734959602356
GBR,2003,Europa,1.08943119717048,15.162850102249,0.25932676309422,34.5567726095905,-1.82312488555908
GBR,2004,Europa,1.3940556381803,17.8118626094749,0.259918669938885,40.5044118103928,-2.30184102058411
GBR,2005,Europa,1.48862655164475,17.1663756956664,0.243731317648586,42.2402462987547,-1.99792814254761
GBR,2006,Europa,1.48857698704252,19.4122109291151,0.247055268061575,44.6951610234239,-3.12023186683655
GBR,2007,Europa,1.46859894981787,19.0705212329524,0.245284177948385,50.6290799172887,-3.72883725166321
GBR,2008,Europa,1.93276937063491,19.1175366987879,0.242067969618083,47.6524030691881,-3.86194777488709
GBR,2009,Europa,1.87794815247243,20.6806351471464,0.239885112157423,39.0093715547821,-3.06811332702637
GBR,2010,Europa,2.01787755042262,16.8516305262189,0.243022445952452,39.7783220528565,-2.76055550575256
GBR,2011,Europa,2.19858503082154,15.3586283064407,0.241363913494939,42.2959273835322,-1.63028764724731
GBR,2012,Europa,2.71398883744845,15.8984725827101,0.234797281650519,42.6883263728372,-3.14556384086609
GBR,2013,Europa,2.93523732730574,14.3403060070668,0.227805089109648,43.6069837896349,-4.64431428909302
GBR,2014,Europa,3.51707338159139,15.1924166478869,0.219593724698383,47.7462421759562,-5.02170705795288
GBR,2015,Europa,4.18933705908828,17.0030449919076,0.220407476382025,45.2553449216209,-4.9477915763855
GBR,2016,Europa,4.03819134975407,19.625250334653,0.207050349283682,41.2579085545556,-5.44760751724243
GEO,1997,Ásia e Oceania,0.89950387453971,1.84586377407724,0.316197770365882,0.807032285752352,-14.6474018096924
GEO,1998,Ásia e Oceania,0.716515031424827,4.96357478940555,0.317409411823407,0.851515542450842,-7.62972736358643
GEO,1999,Ásia e Oceania,0.41485808858678,3.96419456033913,0.315452331989583,0.673537782887276,-7.08564901351929
GEO,2000,Ásia e Oceania,0.38770485790325,4.87928740576348,0.313609021829988,0.74990853499396,-5.75310230255127
GEO,2001,Ásia e Oceania,0.388440531275228,5.1991152486071,0.307486544795263,0.80198383707929,-6.12197065353394
GEO,2002,Ásia e Oceania,0.637813909826175,3.05941279302795,0.306631761957515,0.853526171868939,-6.3877420425415
GEO,2003,Ásia e Oceania,0.698211752557367,6.36544692620856,0.310686717503012,1.01003151630869,-9.57586193084717
GEO,2004,Ásia e Oceania,2.92216064118132,7.37009955369608,0.31002879277409,1.30504748557208,-6.94983196258545
GEO,2005,Ásia e Oceania,0.118577917321936,15.2021667005329,0.300445605405928,1.64278359414797,-10.8511552810669
GEO,2006,Ásia e Oceania,0.141106873642866,6.29155351637491,0.299465108653556,1.99602013272284,-15.3810739517212
GEO,2007,Ásia e Oceania,0.0828221855174625,11.519801753659,0.293886882803057,2.63536650276116,-19.5819320678711
GEO,2008,Ásia e Oceania,0.0468878417466849,10.7742389288271,0.292689561291092,3.32475372050151,-21.9709186553955
GEO,2009,Ásia e Oceania,1.05108212750085,4.37427387051902,0.284468747701642,2.82268939668796,-10.5986280441284
GEO,2010,Ásia e Oceania,1.40301705891714,8.91662218092354,0.287976080638887,3.28172930937342,-9.6468391418457
GEO,2011,Ásia e Oceania,0.323717316871346,6.0195120702,0.28254444716382,4.11966818307193,-11.9098234176636
GEO,2012,Ásia e Oceania,1.22770298586622,8.93317482848145,0.275911064357198,4.53069533409431,-11.1441783905029
GEO,2013,Ásia e Oceania,1.84840687312308,6.22459527408146,0.269294402081213,4.71200229382664,-5.4544529914856
GEO,2014,Ásia e Oceania,1.67492377977601,12.7166083862885,0.261347095805403,4.83033486170249,-9.93087863922119
GEO,2015,Ásia e Oceania,1.69926396291819,7.24233209043771,0.260467440081731,4.08662234659649,-11.6071166992188
GEO,2016,Ásia e Oceania,2.60879197212144,4.46835116753986,0.252193517229183,4.14340125686316,-12.2417325973511
GHA,1997,África,0.162587614818916,10.4761284856018,0.316017511048937,0.377841935501461,-5.85456466674805
GHA,1998,África,0.502325566514115,8.09942971092,0.317222838968883,0.400366799508524,-6.97307109832764
GHA,1999,África,0.285896990779699,12.2299497955955,0.315256667405581,0.403037326127273,-12.4939918518066
GHA,2000,África,1.71633863488243,11.5313510893345,0.313395310619555,0.253746936203344,-7.75495052337647
GHA,2001,África,2.48845019926189,9.4165581290775,0.307278178086387,0.263542156494853,-8.04286193847656
GHA,2002,África,1.74680333872719,7.27890973671966,0.306430274545711,0.29746164468774,-1.70668470859528
GHA,2003,África,2.27642883450223,4.51825878745779,0.310488053587555,0.35839927142073,1.33224534988403
GHA,2004,África,3.47168480386626,7.06779323321395,0.309830839358081,0.406132105329565,-6.64520359039307
GHA,2005,África,2.60757665144394,4.67591242624631,0.300322136582232,0.478611909191027,-10.280632019043
GHA,2006,África,2.81897497762724,7.47789975656395,0.299390218300499,0.906441027564885,-5.05660772323608
GHA,2007,África,1.03853456388068,4.50479199173915,0.293865148012818,1.05012461524926,-9.58130931854248
GHA,2008,África,1.54920648491501,4.15395202268998,0.292607485946654,1.18265761256016,-11.6021633148193
GHA,2009,África,1.31894739302126,2.42066716317744,0.284287364245764,1.04770430093587,-7.28314304351807
GHA,2010,África,2.53584784013232,6.80383610012499,0.287783738905056,1.26389251760539,-8.53273296356201
GHA,2011,África,2.72143210766449,5.95032761021549,0.28229690947311,1.50743573198753,-9.00258159637451
GHA,2012,África,5.30721502361281,3.31922253693942,0.27562854420873,1.54377524235764,-11.9009237289429
GHA,2013,África,5.70372379330503,2.92349958677076,0.269011406352213,2.29479584693743,-9.07929706573486
GHA,2014,África,8.62808240001022,1.97528092711501,0.261073096466821,1.94990832923845,-6.74397850036621
GHA,2015,África,10.7997446209255,2.50614569988218,0.260177190693911,1.72277282833606,-5.71517562866211
GHA,2016,África,10.7014847189816,2.68396064073692,0.25190394814583,1.9124799133995,-5.04237651824951
GIN,1997,África,3.53547782710531,13.182321708566,0.316260033284765,0.695581742258261,-1.65086793899536
GIN,1998,África,0.0894422336656379,13.4291223100316,0.317464611265138,0.647379920832778,-2.95227193832397
GIN,1999,África,0.867700646704783,15.6625306335497,0.315496129811431,0.610614842942762,-3.98363947868347
GIN,2000,África,0.00239189143933475,8.54490299232157,0.313645748015837,0.518157066924026,-3.20759057998657
GIN,2001,África,0.0040660228029862,8.36028134666557,0.307499595233966,0.483085120214741,-1.44260287284851
GIN,2002,África,1.99553117148217,7.92315252078168,0.306646751321709,0.49591607355927,-4.64074230194092
GIN,2003,África,1.12807773693816,9.34487621735113,0.31072388353534,0.566485405880681,-3.68667078018189
GIN,2004,África,1.43212557308247,7.69927468762476,0.310073618071802,0.584897740538081,-3.06276369094849
GIN,2005,África,0.230676106253108,6.49792482722064,0.300524267041867,0.46317768685098,-3.74410223960876
GIN,2006,África,0.853881534757448,8.00622351561712,0.299585545857408,0.446980554135013,-5.24523591995239
GIN,2007,África,4.10333907467624,6.14059701005173,0.294072814853131,0.650148575304742,-7.23648405075073
GIN,2008,África,1.23473535217131,7.04779154442804,0.292863160359217,0.703532825784369,-6.29234170913696
GIN,2009,África,0.574742139012994,8.54836398345464,0.284584652099903,0.662185914665575,-6.00514650344849
GIN,2010,África,2.68646561378639,5.41672328403124,0.288081626995261,0.659235326211316,-4.7697024345398
GIN,2011,África,0.794771607542835,6.07943987466068,0.282622809695393,0.636694958747649,-17.1165294647217
GIN,2012,África,0.530060695285483,6.77830252554639,0.275976214713886,0.699353377212197,-13.5979833602905
GIN,2013,África,3.29768320247345,5.37521836566359,0.26937561863322,0.748455020824734,-14.2034721374512
GIN,2014,África,1.3640873397219,3.43646810695729,0.26144596901744,0.765146999389279,-11.1827726364136
GIN,2015,África,1.59601284051149,4.39935314517078,0.260538830282118,0.747356966759447,-11.6007986068726
GIN,2016,África,16.4761779537797,0.312205849266637,0.25223673589417,0.711996509782316,-31.9328384399414
GRC,1997,Europa,0.708139931291031,4.80483308983876,0.312898048380571,13.0159175046854,-3.63806486129761
GRC,1998,Europa,0.245565219175042,5.23917895774325,0.313883636176712,13.0229648774809,-2.88510203361511
GRC,1999,Europa,0.26069588044589,5.78563385204121,0.311832188845097,12.7425404388143,-4.0528130531311
GRC,2000,Europa,0.244713987314676,27.2219741088881,0.30990563741544,11.6382010697215,-8.27109622955322
GRC,2001,Europa,0.236272323365396,32.4844382007088,0.303758755543563,12.1569572824221,-7.76729917526245
GRC,2002,Europa,0.226690904087644,20.9587744093526,0.302974300757005,13.782195640943,-6.7655291557312
GRC,2003,Europa,0.38704193979508,6.25167755746906,0.307279320334719,18.020612039764,-8.24366664886475
GRC,2004,Europa,0.255520819858933,18.5837910897543,0.306584993182587,21.4492552764246,-7.36796855926514
GRC,2005,Europa,0.282979057677319,24.4749791330147,0.297254285834674,22.0541315756886,-8.72544384002686
GRC,2006,Europa,0.46154764704163,18.2248307221157,0.296174693311544,24.4160232970274,-11.3764543533325
GRC,2007,Europa,0.634339964437168,17.6373254157588,0.290788876692818,28.4407625328955,-14.6616735458374
GRC,2008,Europa,0.46096687058836,16.6446148088387,0.289366169042988,31.6958331092209,-14.623233795166
GRC,2009,Europa,0.78326868849194,15.4811061358901,0.281319509838087,29.4254573200263,-12.114803314209
GRC,2010,Europa,1.06667939895328,15.4869609949927,0.285338455299507,26.6530488008626,-9.47933197021484
GRC,2011,Europa,0.99543536724912,12.8480874979932,0.280234268618269,25.5047866510124,-8.90077877044678
GRC,2012,Europa,0.859307748248082,12.409089899259,0.273777349317785,21.6243460525511,-3.61325907707214
GRC,2013,Europa,0.837058680885128,8.70463123770749,0.267245575687792,21.5733449762804,-1.37153995037079
GRC,2014,Europa,0.726074136682424,8.04213234031952,0.259388007376574,21.4747257123892,-1.08507001399994
GRC,2015,Europa,2.4477916412169,6.46275191974297,0.258524493381901,17.9807298238137,-1.13618457317352
GRC,2016,Europa,2.30591367695523,5.87595150392545,0.250220178211318,17.9192426377048,-2.10606789588928
GTM,1997,Américas,0.0101814132142139,52.5384869266534,0.315899987834884,1.63846281851789,-3.56098413467407
GTM,1998,Américas,0.00952303967977649,51.1588457571315,0.317089988358234,1.74120114182856,-5.35743045806885
GTM,1999,Américas,0.0094658385078265,54.5252511818875,0.315127192855718,1.60364776144934,-5.60037612915039
GTM,2000,Américas,0.0990813333842028,55.4964858945859,0.313265343822316,1.64896578971559,-5.44146347045898
GTM,2001,Américas,0.00628295256116931,55.875793512349,0.307127960905435,1.53768663578251,-6.80733060836792
GTM,2002,Américas,0.00589245674306249,57.9494553124088,0.306296797296475,1.66933517469706,-6.04021549224854
GTM,2003,Américas,0.0213395422194293,59.2539851398201,0.310361608562694,1.72254701910774,-4.81631898880005
GTM,2004,Américas,0.448536207965988,58.0476672737384,0.309742744411194,1.84091184884,-4.93864917755127
GTM,2005,Américas,1.38881240076265,53.3740323084239,0.300239673664297,2.04646611650758,-4.63346862792969
GTM,2006,Américas,0.64042785897152,57.0143896462129,0.299298871968764,2.2251234753878,-5.12368011474609
GTM,2007,Américas,0.715584470356037,51.6505593017002,0.293787545793139,2.45881573919384,-5.31937551498413
GTM,2008,Américas,0.13965763881528,50.4541528974402,0.292577785463791,2.76305988172926,-4.03483772277832
GTM,2009,Américas,0.221319077411154,50.041330483801,0.284288161582707,2.61164632773352,0.194641500711441
GTM,2010,Américas,0.273511201198122,47.1347210784976,0.287769781894406,2.80525960237322,-1.8854855298996
GTM,2011,Américas,0.105919071434983,48.7467219699366,0.282342374205136,3.16898370607705,-3.37024211883545
GTM,2012,Américas,0.52892458851866,47.6965961111281,0.275689377636702,3.28661959336267,-3.72480177879334
GTM,2013,Américas,1.42623397890473,45.7926111223417,0.269064767637418,3.44415802275864,-4.22439861297607
GTM,2014,Américas,0.387867174002776,43.6044042848255,0.26113177300658,3.68914510410202,-3.30032014846802
GTM,2015,Américas,1.649341824425,44.476189306931,0.260237642250746,3.89350533299068,-1.24431014060974
GTM,2016,Américas,0.751208439305441,43.8813450814908,0.251965981683774,4.06013784737643,0.964776456356049
GUY,1997,Américas,0.0018302025864159,18.0884287846007,0.316287903461999,0.982804753805587,-8.42301368713379
GUY,1998,Américas,0.290366140143407,22.9914884775273,0.31749777108138,0.939685488169724,-7.74879741668701
GUY,1999,Américas,0.472399577380217,21.9732924386217,0.315535690171874,0.908790631391797,-7.1248140335083
GUY,2000,Américas,0.604479345600698,20.0244370737424,0.313683806002806,0.931796651718955,-11.5341243743897
GUY,2001,Américas,0.392566857415949,21.0800458756833,0.307561995605803,0.931574723847674,-12.7638521194458
GUY,2002,Américas,0.65452232427574,21.0350884173578,0.306712376358359,0.950866932470992,-8.57971382141113
GUY,2003,Américas,0.0828956422918074,21.5485717158692,0.31077650863927,0.973742598054188,-6.00217533111572
GUY,2004,Américas,0.108131805475747,17.4891816005429,0.310122052596921,1.03331030902188,-2.52795600891113
GUY,2005,Américas,1.0082154790315,18.6536825845453,0.300566718991783,1.08406541388904,-11.6705379486084
GUY,2006,Américas,2.36543923477208,19.4550347919713,0.29963234681854,3.13560553528327,-7.5905385017395
GUY,2007,Américas,1.95996582513942,16.1275778771952,0.294123273881625,3.60828685240188,-6.06659555435181
GUY,2008,Américas,1.52031093033783,14.5292262001344,0.292912730353968,4.00896286716031,-10.6229333877563
GUY,2009,Américas,1.140207450696,16.3884195605087,0.284626839348539,4.20913230624564,-7.28409719467163
GUY,2010,Américas,1.31662833504022,23.5265615018536,0.288121009332503,4.58176179693492,-7.17624616622925
GUY,2011,Américas,0.896213809519176,26.7992763044176,0.2826853403552,4.94722170589917,-10.0853366851807
GUY,2012,Américas,1.36061438523708,27.8950913431086,0.276053600652912,5.44439751913914,-9.02441883087158
GUY,2013,Américas,1.12265906438938,25.592141941168,0.26943863923015,5.55691231156932,-10.9417362213135
GUY,2014,Américas,2.14666331229086,27.6999182107016,0.261512900062512,5.47268820452237,-9.33174705505371
GUY,2015,Américas,3.15666530945946,27.6223227656551,0.260611477645853,5.64041560569466,-0.907095968723297
GUY,2016,Américas,1.68194094231991,24.1441146551251,0.252337355587175,5.87087823759834,-1.11503565311432
HRV,1997,Europa,0.323117990517559,2.34938694189777,0.315275605560833,5.33102343858807,-10.3392086029053
HRV,1998,Europa,0.0206104423055939,2.31273816031091,0.316596879322862,5.71258985659549,-5.28883457183838
HRV,1999,Europa,0.144853898515884,2.91980721606933,0.314750159774946,5.26903394637288,-6.31890058517456
HRV,2000,Europa,0.0842250377250266,10.0059157223087,0.312997701270098,4.95365158789021,-1.40997624397278
HRV,2001,Europa,0.0729352366990893,10.0574917312332,0.306877922283523,5.36483824691607,-2.17894339561462
HRV,2002,Europa,0.0618781466188225,8.65666935351762,0.305959531987293,6.21958164143944,-6.38870429992676
HRV,2003,Europa,0.0592654495223503,8.21048668776029,0.310059284287609,8.19011135193888,-8.93883037567139
HRV,2004,Europa,0.0996086321733839,5.45494375466675,0.309424612828486,9.71897322801968,-5.95960283279419
HRV,2005,Europa,0.225078496532109,4.65062198896554,0.29992782710209,10.4435278353294,-7.30083560943604
HRV,2006,Europa,0.216995216487411,2.94663478986602,0.298973179239166,11.5012099669894,-7.9275336265564
HRV,2007,Europa,0.196102841681363,2.96978454848755,0.293468827702814,13.7558321073292,-7.93825721740723
HRV,2008,Europa,0.182891856710743,2.96501924627614,0.292217832251977,15.8880606949392,-10.9644784927368
HRV,2009,Europa,0.351722532227927,2.44763594038862,0.283978950976922,14.4746519774194,-6.51635932922363
HRV,2010,Europa,0.268712697860967,2.58330636827114,0.287578449053722,13.7297654965022,-2.16234540939331
HRV,2011,Europa,0.339418721197286,2.72781061260853,0.282171019504303,14.691558296292,-1.69834220409393
HRV,2012,Europa,0.513382492927728,3.08769329739402,0.275552070753002,13.5077805260992,-1.80818390846252
HRV,2013,Europa,0.588187447142106,3.07259355388891,0.268950016423947,14.1349474982889,-1.06509590148926
HRV,2014,Europa,0.528618958497506,3.00984888119536,0.260959343834475,14.1867295493276,0.298169046640396
HRV,2015,Europa,0.684622402061612,4.18481599423733,0.260144526310212,12.2837840620053,3.26986885070801
HRV,2016,Europa,0.878852014755835,3.45106110647678,0.251869793605445,12.8201653893008,2.18079853057861
HTI,1997,Américas,0.000382278410616066,81.2351055457655,0.316207544141179,0.425111085879256,-1.42859315872192
HTI,1998,Américas,0,87.1395977543084,0.317415057556176,0.465363306259051,0.770965158939362
HTI,1999,Américas,0,90.2751855537947,0.315451456976781,0.509578585275375,-1.44015276432037
HTI,2000,Américas,0.00255877919762144,90.8633359921414,0.313604303316985,0.820600046761465,-1.67621469497681
HTI,2001,Américas,0.0092761799118889,88.080044432956,0.307484980823095,0.748821159844528,-2.08307981491089
HTI,2002,Américas,0.00120665048834331,89.1638862788969,0.306635975844814,0.720969568042522,-1.4333256483078
HTI,2003,Américas,0.00541046508286908,89.2666235666198,0.310696424001148,0.578995291079708,-0.882895529270172
HTI,2004,Américas,0.0117530766066245,84.3423606019547,0.310047547643308,0.683185298155273,-1.02474629878998
HTI,2005,Américas,0.00387286888039241,84.3203202892933,0.300506800626792,0.775845704056916,0.100253909826279
HTI,2006,Américas,0.00351539363488242,79.4092516769604,0.299566154951342,0.828805700289589,-1.11312878131866
HTI,2007,Américas,0.041746979972471,78.1075737567631,0.294059841031904,0.984566983448521,-0.92942214012146
HTI,2008,Américas,0.145384407523909,75.5234843472992,0.292850894283141,1.09466058421643,-1.96314883232117
HTI,2009,Américas,0.271518423527855,88.2707880575018,0.284560758775582,1.19685287060179,-1.05359697341919
HTI,2010,Américas,0.638183295296782,84.6062576976146,0.288055962429129,1.20972733503094,-0.858601868152618
HTI,2011,Américas,0.171901129998874,89.1011196976069,0.282620873535521,1.31203953552013,-2.48774147033691
HTI,2012,Américas,0.98197685349903,82.9210144556315,0.275990636980729,1.36139396587374,-3.1450183391571
HTI,2013,Américas,1.36739014374632,82.8899229544093,0.269371559391378,1.45783221179627,-3.76338386535645
HTI,2014,Américas,1.18211815660881,84.8716867759634,0.261449621632856,1.46018898613915,-4.95582103729248
HTI,2015,Américas,0.777038810046488,83.3887872431315,0.260544832167417,1.41112684746797,-1.82345283031464
HTI,2016,Américas,0.494865603744787,81.5530239939185,0.252271302132605,1.31840268167953,-1.69084787368774
HUN,1997,Europa,0.144971398563338,5.66297282519399,0.314719141457629,4.6060569733295,-4.40476179122925
HUN,1998,Europa,0.0591665372803522,6.60752176057241,0.315886743004185,4.7517732430202,-7.62102651596069
HUN,1999,Europa,0.288981356529245,7.40337816026636,0.313871316411191,4.80195949584162,-8.34409523010254
HUN,2000,Europa,0.31778471650149,10.372311875504,0.312000359231223,4.62991760812548,-8.87209987640381
HUN,2001,Europa,0.372561131641744,10.4764852220792,0.30578953320243,5.28094887987063,-6.13709259033203
HUN,2002,Europa,0.44829151436578,9.23036490893529,0.304777775059083,6.65804494326809,-6.3624587059021
HUN,2003,Europa,0.66213128214365,7.87492144628006,0.308884797394097,8.41009248198479,-8.231520652771
HUN,2004,Europa,0.730224110755759,6.64766965403521,0.308279458100147,10.2912694721409,-9.08067893981934
HUN,2005,Europa,0.596731818950951,5.0870611820071,0.298062757053002,11.2122046968993,-7.17615604400635
HUN,2006,Europa,0.940075935265957,4.29593908028934,0.297559418512361,11.4784891640501,-7.22083234786987
HUN,2007,Europa,1.26563590243374,3.60510472346724,0.291392283006795,13.9346054603749,-7.23114776611328
HUN,2008,Europa,1.32974001731993,3.68535084253069,0.289784785582724,15.7626322515113,-7.13688230514526
HUN,2009,Europa,1.79318300760814,3.66694391459522,0.283146455613017,13.0511831777185,-0.729386031627655
HUN,2010,Europa,2.20627487153829,3.4565313941721,0.286720478901167,13.1898433874768,0.273193538188934
HUN,2011,Europa,2.12515817747783,3.4276462890963,0.281089966693585,14.2114605578219,0.565640389919281
HUN,2012,Europa,2.16960236038356,4.05129045718398,0.27447177276626,12.9501594488143,1.55910015106201
HUN,2013,Europa,2.36997778673886,4.39891281644375,0.268140241443729,13.7394620151401,3.50422430038452
HUN,2014,Europa,2.65178320451414,5.34087080738939,0.259883180335433,14.352501883174,1.19901776313782
HUN,2015,Europa,2.56022964301362,6.10913216816127,0.259314420843133,12.7829412577972,2.34683847427368
HUN,2016,Europa,3.03815027885185,6.01028550283132,0.249741358495461,13.2158605277789,4.48130416870117
IND,1997,Ásia e Oceania,2.11934948978962,18.4446378534793,0.29711064482883,0.416228116203753,-1.34325134754181
IND,1998,Ásia e Oceania,2.21741272272235,21.1035400249334,0.296391711229893,0.413630864056851,-0.976184904575348
IND,1999,Ásia e Oceania,1.99331964456628,22.8376355191497,0.292087506118386,0.441927991436397,-1.09309852123261
IND,2000,Ásia e Oceania,2.66784846466178,22.1508181140808,0.289736130547099,0.442750218937263,-0.600266337394714
IND,2001,Ásia e Oceania,3.31342072045375,20.2856664722067,0.282914966083676,0.450357900514129,0.679752290248871
IND,2002,Ásia e Oceania,3.79118981545612,21.5477439337964,0.281827993748497,0.469149928973928,1.24403190612793
IND,2003,Ásia e Oceania,5.67085962515095,18.9536698495697,0.285271433361095,0.544143133545002,2.27592897415161
IND,2004,Ásia e Oceania,7.49615534263822,16.5099926705835,0.283439257763901,0.624258826510067,-0.504949688911438
IND,2005,Ásia e Oceania,7.89997487317464,17.3152401195129,0.276041387696395,0.710488080408949,-1.25325775146484
IND,2006,Ásia e Oceania,6.48454255321024,18.7025101267323,0.274279051492632,0.801668353659022,-1.01745390892029
IND,2007,Ásia e Oceania,7.28357917550419,17.3701308202056,0.268186440963656,1.02188707706826,-1.29702806472778
IND,2008,Ásia e Oceania,8.10073688741623,15.7634299340982,0.265531774425266,0.992519584923828,-2.20667600631714
IND,2009,Ásia e Oceania,6.3724103636134,16.068155505543,0.255437430674923,1.09494974598436,-2.75629305839539
IND,2010,Ásia e Oceania,7.89687824570458,17.4305700709641,0.258771924504525,1.34751939071367,-2.8790967464447
IND,2011,Ásia e Oceania,7.0127581968719,16.5886488068936,0.252565026079359,1.44546127486037,-4.30398559570313
IND,2012,Ásia e Oceania,5.82113653770857,18.5947520895309,0.245330911194806,1.42932199520032,-4.83036708831787
IND,2013,Ásia e Oceania,5.17886337498187,19.3647713222929,0.238174423039023,1.43284397512196,-1.68924605846405
IND,2014,Ásia e Oceania,4.79338300888061,20.2660109840222,0.229209121503035,1.55388396075119,-1.30799078941345
IND,2015,Ásia e Oceania,4.69462773529291,22.7109172081739,0.228781565490405,1.58399815907985,-1.06422734260559
IND,2016,Ásia e Oceania,4.15315019757746,23.352564825837,0.218974123494038,1.70750892912243,-0.644610464572907
IRL,1997,Europa,0.146792752846013,11.6733689964529,0.314576235167808,22.5511139134126,-0.591769337654114
IRL,1998,Europa,0.18830111307792,13.9738610747321,0.315641719276057,24.2948547674008,-0.197752088308334
IRL,1999,Europa,0.306676642534129,15.5382356819195,0.313571260866951,26.3381077543817,-0.0588926635682583
IRL,2000,Europa,0.468012171720985,21.7159418788168,0.311597868467791,26.33456720505,0.096359945833683
IRL,2001,Europa,0.683166032395983,21.1253875496039,0.305355270064486,28.2824098820729,0.163950279355049
IRL,2002,Europa,0.652569217433099,22.3433916220199,0.304428981351941,32.7054345565698,0.247326523065567
IRL,2003,Europa,0.750789195238336,23.5128431425903,0.308565823517856,41.2035295847568,0.490654140710831
IRL,2004,Europa,0.671771466524081,19.4259902982511,0.30790957647464,47.7542023194244,-0.0986277908086777
IRL,2005,Europa,1.51693192739938,16.5517546233459,0.296863199312749,50.933021609559,-3.53785037994385
IRL,2006,Europa,0.722530490510826,17.8185470541552,0.296754071485547,54.3291618599625,-5.36577463150024
IRL,2007,Europa,1.09426513172427,17.7717425807999,0.290713372569704,61.3964174611759,-6.51654291152954
IRL,2008,Europa,1.9536208647146,15.9502998259671,0.290145065543117,61.3531065629523,-6.25878238677979
IRL,2009,Europa,2.31126695383508,15.5865514673835,0.280526847786889,52.1330906162545,-4.65700960159302
IRL,2010,Europa,2.56082803492767,19.4308072542999,0.284959438371052,48.6239666422488,-1.2022705078125
IRL,2011,Europa,2.62826782014425,20.6155992804358,0.280111044840892,52.6138540355688,-1.63709151744843
IRL,2012,Europa,2.35316697890766,20.9209228144725,0.272583217063879,49.3358408099555,-3.39834046363831
IRL,2013,Europa,2.58102223960794,17.2753118945636,0.265794658277627,52.5376108648692,1.55882561206818
IRL,2014,Europa,2.28669809029218,18.3862790673569,0.256897606117138,57.214537978571,1.07273530960083
IRL,2015,Europa,2.38960671686774,21.3610870597186,0.253739286539961,64.2501385181258,4.38370609283447
IRL,2016,Europa,2.60171800770241,22.1799186244768,0.247992817872716,64.1295571542383,-4.23122501373291
ISL,1997,Europa,0.460884496875221,12.1047649305583,0.316176691017043,28.4617664095122,-2.32311463356018
ISL,1998,Europa,0.349522767994654,12.0119925574123,0.317361594489084,31.5191647473126,-7.17553663253784
ISL,1999,Europa,0.369963805054372,13.6889875716974,0.315399192164949,32.8344215745364,-7.02256584167481
ISL,2000,Europa,0.614094540430641,10.1655188748777,0.313547609228826,32.503578963236,-10.1894645690918
ISL,2001,Europa,0.778434618055787,8.75575901698809,0.307432405496248,29.2081981853569,-4.37714719772339
ISL,2002,Europa,0.555420561136556,9.46536308005382,0.306577000717872,32.749379004627,1.29047656059265
ISL,2003,Europa,0.779104147641572,8.01802376839384,0.310641422632347,39.9442104095589,-4.81370735168457
ISL,2004,Europa,0.687146357573315,6.53088173478641,0.309985769118284,47.8096073050042,-10.0806150436401
ISL,2005,Europa,1.15460197093062,5.96136247626503,0.300354668532756,57.7837745608117,-15.8187189102173
ISL,2006,Europa,0.805095414212326,5.14555666718254,0.299414279115313,58.1721426656622,-22.6152877807617
ISL,2007,Europa,0.673874898024875,3.49890883781429,0.293883932681644,70.4830117228536,-13.2727947235107
ISL,2008,Europa,1.99733587260589,3.5610466613523,0.29276221776323,57.4893399795217,-20.4301223754883
ISL,2009,Europa,1.63193656562738,7.54602958439807,0.284506910986292,41.4837843682815,-8.77083969116211
ISL,2010,Europa,0.754889237696665,8.77702509896728,0.28801372640454,43.7764677400474,-5.99568367004395
ISL,2011,Europa,1.03577025834427,9.17977425968927,0.282563798447703,48.254953927254,-4.81000661849976
ISL,2012,Europa,1.4507458771391,9.08109445347477,0.275936890488341,46.5949869146616,-3.64926385879517
ISL,2013,Europa,1.18247190317321,9.05807618027005,0.269338615417312,50.1733360061057,6.20516777038574
ISL,2014,Europa,0.845376247480338,9.20221646965487,0.261405826334418,55.1403649357929,4.2679877281189
ISL,2015,Europa,1.19796088320014,13.7192426035168,0.260496107652229,53.5056964079341,5.34901571273804
ISL,2016,Europa,1.5034256873045,15.1814084329311,0.252235591812275,62.8540906407931,7.65514898300171
ISR,1997,Ásia e Oceania,0.481086293391929,34.4591709965368,0.306563372338349,20.4694699017497,-3.0437638759613
ISR,1998,Ásia e Oceania,0.78885908700499,38.0758861688264,0.308012740831009,20.1888141481666,-0.948066174983978
ISR,1999,Ásia e Oceania,0.779728319475048,38.5470121487919,0.306348314492109,19.8232138876276,-1.26348006725311
ISR,2000,Ásia e Oceania,1.03129437223902,40.6045625527474,0.304584915847185,21.7065194056329,-1.464350938797
ISR,2001,Ásia e Oceania,1.61146783934409,40.1789625509259,0.29847225225043,20.966305266797,-1.4169830083847
ISR,2002,Ásia e Oceania,1.63175752964746,41.9011071319302,0.297839173623518,19.0764584298321,-0.876862764358521
ISR,2003,Ásia e Oceania,2.06965515600476,41.3099049702216,0.302126684691772,19.6434690380742,0.591069757938385
ISR,2004,Ásia e Oceania,2.09719407972244,40.9251112723177,0.301543016498429,20.5680694088834,1.45047605037689
ISR,2005,Ásia e Oceania,2.10850335020493,41.270792406694,0.292030036259674,21.2868388636595,2.99314546585083
ISR,2006,Ásia e Oceania,2.47574273279648,38.987196858521,0.290952645244808,22.5272619795719,3.94177031517029
ISR,2007,Ásia e Oceania,2.42416355675638,34.7031237336111,0.285538218394731,25.7212594077311,3.06197214126587
ISR,2008,Ásia e Oceania,2.43462690921451,35.9875550781517,0.284353003449251,30.2692177734889,1.02848589420319
ISR,2009,Ásia e Oceania,2.54179704468507,37.996170601788,0.276370202182526,28.5084938886475,3.15793919563293
ISR,2010,Ásia e Oceania,3.7363650450231,40.1435842127321,0.279853367799186,31.4390887027614,3.41194367408752
ISR,2011,Ásia e Oceania,3.68298818047225,39.4752540409052,0.274437981881767,34.5225215979072,1.55601453781128
ISR,2012,Ásia e Oceania,3.66638192784441,38.8770507992693,0.267769792302861,33.3214300881602,0.411413580179215
ISR,2013,Ásia e Oceania,3.78003231173173,39.0456026413696,0.260994168015041,37.0343161080784,2.97569632530212
ISR,2014,Ásia e Oceania,4.34202174023005,38.1130510822275,0.252990766546861,38.3433046626235,4.22932052612305
ISR,2015,Ásia e Oceania,4.17266950381963,43.6830115800643,0.252022225500531,36.2131041481958,5.23164558410645
ISR,2016,Ásia e Oceania,4.80245079284221,44.3998099749112,0.243640329603899,37.6715389138797,3.77432870864868
ITA,1997,Europa,1.12516171566048,8.98238264712857,0.281941079763291,21.8839872666651,2.60012888908386
ITA,1998,Europa,1.0247493714967,9.41999190005034,0.283358268946451,22.3651837644545,1.65555858612061
ITA,1999,Europa,1.24690542061419,10.263534475904,0.281996723495278,22.0499990620261,0.802497446537018
ITA,2000,Europa,1.31821520505021,13.0305744795817,0.280439851971549,20.1900035636085,-0.272361159324646
ITA,2001,Europa,1.50450389141039,11.4963379024193,0.274186068651039,20.5704385917862,0.154638856649399
ITA,2002,Europa,1.68718391269335,11.2998728734799,0.27424664690912,22.4513964379368,-0.498148322105408
ITA,2003,Europa,1.67170311792799,9.77774000172985,0.279396582697326,27.5775700319855,-0.786785244941711
ITA,2004,Europa,1.46976204974209,9.58270561277653,0.2799573709632,31.3481901841445,-0.482782334089279
ITA,2005,Europa,1.56866264191797,10.2276799531013,0.272408885192533,32.0627238336691,-0.882978796958923
ITA,2006,Europa,1.75739247803245,9.44166522825494,0.272346546489469,33.5371286994269,-1.47365391254425
ITA,2007,Europa,1.7420079245649,8.6264782062742,0.267916726180914,37.8261754554822,-1.36774826049805
ITA,2008,Europa,1.95350158998752,7.37312390310323,0.268933475143309,40.8285795580938,-2.79520797729492
ITA,2009,Europa,2.39056620484808,7.29300250119941,0.261034552583201,37.0996133958218,-1.88650214672089
ITA,2010,Europa,2.88885182110263,7.27435440306093,0.265749032142717,35.8568625485539,-3.29894661903381
ITA,2011,Europa,3.06998768163737,7.55062170429505,0.260146539861757,38.4323742820018,-2.82369160652161
ITA,2012,Europa,2.95245728706706,8.17496447359192,0.255583041724434,34.8543949441965,-0.23060554265976
ITA,2013,Europa,3.17898111626975,8.38958684967347,0.249389958844863,35.7016746002376,1.14505672454834
ITA,2014,Europa,3.41889941001587,8.81929400556255,0.242036387794306,36.028349402235,1.9083411693573
ITA,2015,Europa,3.36549682384638,9.99442208205071,0.241845342760861,30.6398829751432,1.44671356678009
ITA,2016,Europa,3.32970767981067,10.1711571701345,0.232812716976874,31.3915692898108,2.64600682258606
JAM,1997,Américas,0.32302668760799,39.7416828684465,0.316159232368547,3.29691634805083,-3.95474219322205
JAM,1998,Américas,0.960276693231821,40.4147719372922,0.317377441655658,3.41949352868739,-3.79870915412903
JAM,1999,Américas,0.518822782145378,42.1126434321858,0.315419182801143,3.43156813468336,-2.43387627601624
JAM,2000,Américas,1.8113875874141,38.6952092632078,0.313575039868787,3.45309252800226,-4.07992649078369
JAM,2001,Américas,2.18190668486721,29.3475208307058,0.307454324498636,3.50355026688858,-8.25255489349365
JAM,2002,Américas,3.26878056445482,27.0594419304472,0.306603368841959,3.68064551727724,-11.0508689880371
JAM,2003,Américas,6.70603587822082,26.660398110281,0.310663447463015,3.54970758394618,-8.20081806182861
JAM,2004,Américas,14.9961899214619,19.8811392738122,0.310015009308016,3.80756293124554,-4.92950868606567
JAM,2005,Américas,11.3499520883426,19.4579681610163,0.300461559645019,4.18443974867499,-9.52805423736572
JAM,2006,Américas,15.8351346865146,22.7650935044274,0.299522107983525,4.41700127135364,-9.91484069824219
JAM,2007,Américas,1.40992225299131,30.8635016032521,0.29402337247161,4.71648612542726,-15.9234657287598
JAM,2008,Américas,0.0304959939230051,28.3691542353057,0.292795976328817,5.02980095281745,-20.3748073577881
JAM,2009,Américas,1.26036946259619,42.9798310183606,0.284531331781557,4.42838153333557,-9.3024730682373
JAM,2010,Américas,0.0622233673550005,28.506397904322,0.288045277485484,4.809977380312,-7.06479930877686
JAM,2011,Américas,0.673197074023637,35.9353788171904,0.282612609803494,5.23263644918131,-14.2834091186523
JAM,2012,Américas,1.65878734518301,29.8273516198615,0.275979059446326,5.34083333232157,-9.72634696960449
JAM,2013,Américas,0.649468245662686,26.0668506991805,0.269360382223875,5.12421301411136,-9.51223850250244
JAM,2014,Américas,3.65951705962444,20.8146707825186,0.261435425068059,4.97511325459871,-8.01738739013672
JAM,2015,Américas,2.31059155046722,23.4786692378743,0.260528513549377,5.33930718256806,-3.03124141693115
JAM,2016,Américas,1.81857381487999,27.9104841635786,0.252255379612296,5.30229553353852,-0.308749943971634
JOR,1997,Ásia e Oceania,2.72291583405842,0.791308631406184,0.315939481411042,1.43587593846863,0.404881954193115
JOR,1998,Ásia e Oceania,2.87953108117959,0.877475676357972,0.317136286004726,1.53211380395602,0.17825947701931
JOR,1999,Ásia e Oceania,1.96017974680743,2.4421055997792,0.315175122061729,1.54458750592979,4.96858930587769
JOR,2000,Ásia e Oceania,3.01561220055827,3.9736853193615,0.313325370783864,1.57061002940477,0.325990736484528
JOR,2001,Ásia e Oceania,2.16550645988449,9.7941611008649,0.307204181044762,1.63229454010563,-0.267729848623276
JOR,2002,Ásia e Oceania,3.49757329724401,14.8110216113833,0.306361920836235,1.70626744384401,5.23147058486939
JOR,2003,Ásia e Oceania,1.87077376502621,20.8863324203133,0.310408312184863,1.77567625581432,11.7553358078003
JOR,2004,Ásia e Oceania,1.97407065987685,25.9976032851333,0.30976123252101,1.94008641342805,0.343467265367508
JOR,2005,Ásia e Oceania,1.50881713353271,26.9972025702062,0.300177379479562,2.08787079273635,-18.0414276123047
JOR,2006,Ásia e Oceania,1.05685984371105,31.1574038299261,0.299207005162344,2.34263459574932,-11.4627151489258
JOR,2007,Ásia e Oceania,1.38148661106083,28.8551116806021,0.293682382207917,2.50620599484139,-16.8008136749268
JOR,2008,Ásia e Oceania,1.39464518201724,18.4073239950991,0.29243331107444,3.2416524135556,-9.06517791748047
JOR,2009,Ásia e Oceania,1.6423874801316,19.849500264295,0.284104041452674,3.4358337590698,-5.06643533706665
JOR,2010,Ásia e Oceania,2.13603578083766,19.8647317570366,0.287659686556317,3.71846571622945,-6.93580722808838
JOR,2011,Ásia e Oceania,2.74155149481944,17.0042133393063,0.282242775066454,3.94685503855525,-10.0122013092041
JOR,2012,Ásia e Oceania,3.18286107412238,17.7585643617734,0.275632305258527,4.16950470054618,-14.8926906585693
JOR,2013,Ásia e Oceania,1.88298334214875,18.8950428993226,0.269016793507748,4.31121916713038,-10.4193363189697
JOR,2014,Ásia e Oceania,3.00651458027697,20.2611733723566,0.261062257823965,4.19118050084987,-7.2343897819519
JOR,2015,Ásia e Oceania,2.96816556384206,20.1705232458776,0.260175909049651,4.04275678097554,-9.14938735961914
JOR,2016,Ásia e Oceania,2.48613666919359,23.1560832712745,0.251886138756926,3.98671677010853,-9.82694721221924
KEN,1997,África,0.0784519045236214,6.58139176393931,0.315746267230065,0.466723814611401,-13.6528024673462
KEN,1998,África,0.127889380424273,5.25534198045396,0.316957309278327,0.487883239905453,-18.6798248291016
KEN,1999,África,0.346295798771147,5.67175881715526,0.31500290082842,0.433721235701306,-18.3407039642334
KEN,2000,África,0.313389564559846,5.08899549775256,0.313161133570546,0.414626365130848,-1.56935167312622
KEN,2001,África,0.384379102525095,5.94768712936992,0.307014881290075,0.410700452474815,-2.46632266044617
KEN,2002,África,0.383862910440586,8.504575282607,0.306168892250678,0.402936385605383,-0.894975900650024
KEN,2003,África,0.457726164755943,9.79795961072899,0.310231845201057,0.442898457253406,0.88845032453537
KEN,2004,África,0.697636988204224,12.0645157860559,0.309576005822989,0.463662781300121,-0.81870299577713
KEN,2005,África,0.737768063218344,10.6044834432871,0.300088789965456,0.523456312433864,-1.34655845165253
KEN,2006,África,0.722584601852733,10.1190500540154,0.29914141848327,0.69980237063381,-1.97646987438202
KEN,2007,África,0.782203573869367,8.40973721478381,0.293607024145071,0.840201439476765,-3.22936964035034
KEN,2008,África,0.73925297310539,6.86601152323729,0.292416540593194,0.91554435473604,-5.52329635620117
KEN,2009,África,0.834985132338387,6.13428957048817,0.284113243710489,1.0479678324485,-3.98728895187378
KEN,2010,África,0.658486800397482,6.82599067706965,0.287590805912389,1.09151873101194,-5.21669387817383
KEN,2011,África,0.909739331624049,7.76358722314764,0.282117424715758,1.09614499807676,-8.1488094329834
KEN,2012,África,0.906329431543314,7.61297802026316,0.275461690136451,1.28500536171512,-7.47587156295776
KEN,2013,África,0.841512971726699,6.68918138101505,0.268841472460986,1.37087885214659,-7.85152244567871
KEN,2014,África,1.21755102639915,9.14566021123544,0.260919263691462,1.48281566253497,-9.34004878997803
KEN,2015,África,1.88803843395777,9.60640614610615,0.259986844149577,1.48911959777284,-6.30459642410278
KEN,2016,África,1.87355065175258,8.9982828791799,0.251699051798805,1.55412610314423,-5.39700841903687
KWT,1997,Ásia e Oceania,0.465598905569263,18.1803531380494,0.314072770097307,16.9773895620399,26.1440181732178
KWT,1998,Ásia e Oceania,1.3833374760579,18.0683205897065,0.315307588036257,14.0669509572183,8.5372896194458
KWT,1999,Ásia e Oceania,1.55477145428352,15.7926196150405,0.313497333868639,15.8536264423466,16.6308784484863
KWT,2000,Ásia e Oceania,1.56751477874971,14.2829355423721,0.311525506834774,19.2963471698729,38.8987846374512
KWT,2001,Ásia e Oceania,2.80576472747623,11.9278052061051,0.305447674854008,17.3742318664227,23.8570346832275
KWT,2002,Ásia e Oceania,2.94169328245135,12.8762105756594,0.304703943133713,18.5127523035862,11.1829071044922
KWT,2003,Ásia e Oceania,2.52470171644258,11.9443387368773,0.308599998564202,22.690655175144,19.6850433349609
KWT,2004,Ásia e Oceania,2.7399324176744,12.414225428645,0.3078653381774,27.5522827399787,26.0905303955078
KWT,2005,Ásia e Oceania,2.58654270913253,11.4750278031101,0.298297102641504,36.1226142741227,37.2166557312012
KWT,2006,Ásia e Oceania,3.6706124015905,7.96079993627613,0.297434980243623,42.9466374104066,44.616943359375
KWT,2007,Ásia e Oceania,3.92487030159816,7.32573599124729,0.291943246321524,45.709413287637,36.0539741516113
KWT,2008,Ásia e Oceania,5.82057501328302,8.55804992003988,0.29078193708082,55.5851889344442,40.8735618591309
KWT,2009,Ásia e Oceania,6.52966905996491,7.41239227986661,0.282606639492842,37.907100132004,27.3403415679932
KWT,2010,Ásia e Oceania,9.76117151900825,8.08100236393419,0.284975244030457,39.212252220155,32.0485382080078
KWT,2011,Ásia e Oceania,9.4747536130164,8.24090134042441,0.280122019635685,49.1696063813096,42.9408988952637
KWT,2012,Ásia e Oceania,9.09936887584126,11.5433051937848,0.271625932913276,52.1552225833921,45.4599990844727
KWT,2013,Ásia e Oceania,8.78820009332754,11.6610680774906,0.266332264070686,49.6510439275076,39.5592842102051
KWT,2014,Ásia e Oceania,10.0413170522639,11.4121231545953,0.258510356597102,44.3687813457752,32.914119720459
KWT,2015,Ásia e Oceania,12.9138527215046,8.11177397266208,0.257865785181072,29.8822126495697,3.49267411231995
KWT,2016,Ásia e Oceania,14.4917644895776,7.74393543277431,0.249144467890359,27.3236890735517,-4.69097709655762
LBN,1997,Ásia e Oceania,0.0246190282363966,6.71551301720874,0.315917029093867,3.83405907875309,-23.2662734985352
LBN,1998,Ásia e Oceania,0.03045074017621,7.41080543205871,0.317125639878152,4.12485527892574,-29.9169998168945
LBN,1999,Ásia e Oceania,0.0378673915836175,5.12301302916966,0.315150909868368,4.08693872789633,-19.3799991607666
LBN,2000,Ásia e Oceania,0.0396494938920538,8.13948700917885,0.313297487981582,3.98683513941026,-17.6019992828369
LBN,2001,Ásia e Oceania,0.0215078216899537,8.04621529701657,0.307164697913564,4.00955929751102,-19.6889991760254
LBN,2002,Ásia e Oceania,0.0463464858489036,3.99022916792211,0.306331640608594,4.29085283803265,-23.7091636657715
LBN,2003,Ásia e Oceania,0.0924445833728063,5.30806618359781,0.31040013554525,4.43771588507527,-25.5858573913574
LBN,2004,Ásia e Oceania,0.114406674321219,3.32789109023349,0.30974593972013,4.60068371412993,-20.8205661773682
LBN,2005,Ásia e Oceania,0.139561800062275,4.34213090044979,0.300167502114228,4.60219804637944,-12.7829828262329
LBN,2006,Ásia e Oceania,0.279347361023411,3.44757691366944,0.299200312435098,4.6352514117486,-5.06914663314819
LBN,2007,Ásia e Oceania,0.202686490083216,3.74973674491544,0.293685729127768,5.1252580996015,-6.46375036239624
LBN,2008,Ásia e Oceania,0.125205400835161,2.54835237617339,0.29244449720573,5.91204532820841,-14.0893220901489
LBN,2009,Ásia e Oceania,0.144540287207284,2.41852129803021,0.284038257649918,7.09085493856621,-19.0424175262451
LBN,2010,Ásia e Oceania,0.188580150955456,2.4025948716656,0.28757506110906,7.62581051551165,-19.6443386077881
LBN,2011,Ásia e Oceania,0.129262848730391,1.6801852420441,0.282199931688496,7.83496257108993,-13.8340692520142
LBN,2012,Ásia e Oceania,0.364938952022652,1.32072232970625,0.275565031131712,8.40698405608118,-23.4382133483887
LBN,2013,Ásia e Oceania,0.904468697724514,1.80669408389058,0.268951617913414,8.16237929361396,-25.6517276763916
LBN,2014,Ásia e Oceania,0.603293363013049,1.68143425626011,0.261012854890563,7.5776413302369,-26.139741897583
LBN,2015,Ásia e Oceania,0.421493859496941,2.03724531562717,0.260142661746569,7.7141099998804,-17.1179370880127
LBN,2016,Ásia e Oceania,0.533828090139975,3.07141616618634,0.251840596213252,8.08901208815501,-20.3837909698486
LBY,1997,África,0.179392073520899,0,0.315184238190748,6.06181366033599,5.10283279418945
LBY,1998,África,0.31413430761998,0,0.316411173620421,5.30108354775558,-0.76753968000412
LBY,1999,África,0.223187243578087,0,0.314543343341955,6.89451875534759,5.93731546401978
LBY,2000,África,0.180378583400183,0,0.312668455505302,7.21410040377084,16.3831825256348
LBY,2001,África,0.428607712707522,0,0.306578952381355,6.31280030498966,9.76779651641846
LBY,2002,África,0.0114562534034254,0,0.305682654475211,3.71829434696755,3.3883593082428
LBY,2003,África,0.296696990031267,0,0.309729787843769,4.67409943200322,12.9522905349731
LBY,2004,África,2.15602126025104,1.81345900559739,0.309023989510793,5.77376333234282,13.9362268447876
LBY,2005,África,3.28783021907069,5.88598129391879,0.299475270355032,8.07924957329002,31.5730381011963
LBY,2006,África,4.40783153318708,6.84122265665171,0.298520558690469,10.0488480434289,36.8920593261719
LBY,2007,África,3.35855344361208,7.59943928755337,0.292983970068619,11.1449448413435,41.9065895080566
LBY,2008,África,4.10665352804303,6.76182320550595,0.29174226753335,13.9061407818125,41.1733169555664
LBY,2009,África,8.06107684615369,4.93619782627264,0.283501903370889,9.55105403869754,15.4264459609985
LBY,2010,África,9.16458430529032,4.38863526805896,0.287075228955998,11.6009068649472,22.2877635955811
LBY,2011,África,11.0513627375266,3.56263285061903,0.282169401475571,7.59383915257019,6.62746286392212
LBY,2012,África,10.7691750289411,4.31170098304887,0.274999445524457,14.9758902795145,25.7575740814209
LBY,2013,África,4.76927738695633,6.12883286958838,0.268452704088566,11.9517134126011,0.0155304735526443
LBY,2014,África,3.47452023519038,1.10216929292521,0.260766172126099,8.92642074591474,-57.7597007751465
LBY,2015,África,8.55890670970258,1.48396346339386,0.259899416845823,7.45848917756374,-54.5214347839356
LBY,2016,África,3.24674375707328,2.3029807835503,0.251648498989857,7.52580299308216,-9.73796844482422
LKA,1997,Ásia e Oceania,0.0832124667890142,38.1224240642398,0.315610391725732,0.827035756058631,-2.61516857147217
LKA,1998,Ásia e Oceania,0.0860148717156307,40.5918319035695,0.31679997965829,0.847533577843862,-1.44134569168091
LKA,1999,Ásia e Oceania,0.206693729773696,40.5840427780331,0.314855050144168,0.829356379527537,-3.58544111251831
LKA,2000,Ásia e Oceania,0.266269105170381,38.2146393561708,0.31294040770658,0.860199884304771,-6.39029693603516
LKA,2001,Ásia e Oceania,0.213446429551806,39.6985507985462,0.306878317474129,0.803544026627386,-1.36821186542511
LKA,2002,Ásia e Oceania,0.374273434392126,39.2367793726263,0.306070318551526,0.834936014905337,-1.42925941944122
LKA,2003,Ásia e Oceania,0.426004454410255,36.2314655669367,0.310150176319514,0.946382255128073,-0.374541252851486
LKA,2004,Ásia e Oceania,0.380072778414472,33.1052646569106,0.309489802343393,1.02862068132555,-3.13403105735779
LKA,2005,Ásia e Oceania,0.54828728756668,31.9576478944794,0.300008805791407,1.20721994764165,-2.66382241249084
LKA,2006,Ásia e Oceania,0.481333281026361,30.48881553739,0.299052355867831,1.38889739119932,-5.29710578918457
LKA,2007,Ásia e Oceania,0.579284735288556,26.0298774923237,0.293524927449147,1.57863451125392,-4.33041620254517
LKA,2008,Ásia e Oceania,0.737091061549767,21.5094351412651,0.292296395511626,1.97358476901288,-9.5431957244873
LKA,2009,Ásia e Oceania,1.13438614417635,19.6989878228408,0.284017469340152,2.02665939950702,-0.510385692119598
LKA,2010,Ásia e Oceania,1.39640367844852,19.8179670744287,0.287524783817427,2.80836244503709,-1.83339083194733
LKA,2011,Ásia e Oceania,1.60823522141276,19.5030186193902,0.282061282000487,3.22495745150496,-6.81209802627564
LKA,2012,Ásia e Oceania,1.78988404803429,21.5496669646976,0.275432902773541,3.32777613691283,-5.69099807739258
LKA,2013,Ásia e Oceania,1.67098049231785,23.6031788572668,0.268810906969285,3.73943181100202,-3.29942345619202
LKA,2014,Ásia e Oceania,2.10644515907466,23.8496005356556,0.260843230312019,3.97204375736464,-2.40848112106323
LKA,2015,Ásia e Oceania,3.28079299399974,25.7961194653929,0.259931998610831,4.0577158346231,-2.21136116981506
LKA,2016,Ásia e Oceania,2.57616815489744,25.9764213910019,0.251672970367566,4.14919190775593,-1.97972333431244
LTU,1997,Europa,0.162285570203828,2.05087411136925,0.315932649539566,2.84416286797493,-9.65097618103027
LTU,1998,Europa,0.0479588372877973,3.43674211659682,0.317092807237284,3.18064498555255,-11.4996356964111
LTU,1999,Europa,0.0493611193226159,3.77634678851842,0.315181212799019,3.12751176667183,-10.8335113525391
LTU,2000,Europa,0.245208335321144,6.03463213631246,0.313335896638735,3.30063634928559,-5.84291648864746
LTU,2001,Europa,0.11395053361961,5.85162414377549,0.307178206498033,3.53252787363241,-4.67813539505005
LTU,2002,Europa,0.207729475499508,9.23327433891733,0.306321222030519,4.14813091485016,-5.04608058929443
LTU,2003,Europa,0.203714718224036,5.4975150939144,0.310380571409952,5.50747434187651,-6.7964243888855
LTU,2004,Europa,0.154245773133025,6.09527068561081,0.309700947848463,6.73457487061946,-7.6702823638916
LTU,2005,Europa,0.128728590659359,6.22015405393464,0.300137124776913,7.85703148786493,-7.30221939086914
LTU,2006,Europa,0.122824398461088,5.2964362482409,0.299172095567341,9.21010118229413,-10.5731897354126
LTU,2007,Europa,0.108921406623368,3.59370079610132,0.29365281465273,12.2951212779366,-15.1155319213867
LTU,2008,Europa,0.178478615403572,3.82470902224456,0.292451617008184,14.9555345462921,-12.9847564697266
LTU,2009,Europa,0.239396966110679,4.1321237571585,0.284265553223246,11.8543711053096,1.94025254249573
LTU,2010,Europa,0.247979525938689,3.6404983576175,0.287769162926516,11.829122609457,0.0339946374297142
LTU,2011,Europa,0.375005380470048,4.33581075667518,0.282307730478937,14.2618433787325,-3.92117190361023
LTU,2012,Europa,0.377951919303978,4.56202591700003,0.275699228602479,14.2881853493139,-1.59364688396454
LTU,2013,Europa,0.471290815382539,5.61970164323253,0.269077474253634,15.6365252586048,1.57093954086304
LTU,2014,Europa,0.633887560515806,3.76942301567475,0.261162991803245,16.4461647181663,3.35750675201416
LTU,2015,Europa,0.705687744086235,4.79102437083878,0.260229754818786,14.2698039878287,-2.58667016029358
LTU,2016,Europa,0.697630475119094,5.29966476281004,0.25192207194058,14.9342702840429,-1.07027888298035
LVA,1997,Europa,0.127113939531755,1.97561030896479,0.316115396711081,2.60989308697194,-5.4341607093811
LVA,1998,Europa,0.330890885957121,3.27254830549454,0.317316701039816,2.89379998716562,-9.31305503845215
LVA,1999,Europa,0.32073826648808,4.5267040737278,0.315353044314543,3.06389794599707,-8.9334077835083
LVA,2000,Europa,0.171243601224163,10.9036027698875,0.313502958641093,3.27817896440803,-4.70263481140137
LVA,2001,Europa,0.21608149281589,7.15009020298721,0.307368719902443,3.50461829462397,-7.49568319320679
LVA,2002,Europa,0.233629108041332,8.37519055129198,0.306496063393065,4.00360935783538,-6.45939111709595
LVA,2003,Europa,0.42857889064187,11.6428382644319,0.310544761102685,4.91457992829304,-7.76239109039307
LVA,2004,Europa,0.151423084765592,9.08561596913892,0.30987937244282,6.10973265186817,-12.2468585968018
LVA,2005,Europa,0.150096419179584,7.20782378145419,0.300296937759438,7.28378738127621,-11.7989091873169
LVA,2006,Europa,0.153096961087078,4.71553117102157,0.299320972828741,9.21173744681478,-20.7616519927979
LVA,2007,Europa,0.176371185128449,4.37283978356602,0.293791364635323,13.3709789452508,-20.6573009490967
LVA,2008,Europa,0.120193934540467,3.06430519072918,0.29261176634388,15.6776080864506,-12.2676582336426
LVA,2009,Europa,0.245882840259414,2.48519861011143,0.284412673420083,11.9960322729773,7.66315507888794
LVA,2010,Europa,0.301161524829848,3.01334071001539,0.287913918502077,11.1884191700977,1.69725966453552
LVA,2011,Europa,0.421136680510765,3.43754492580512,0.282453726181061,12.902574053337,-3.40520858764648
LVA,2012,Europa,0.488426994946928,2.41681269960759,0.275824189217596,13.3293499931271,-3.72643256187439
LVA,2013,Europa,0.638044702401818,2.39123396108452,0.269213351399668,14.4844715282132,-2.79133009910584
LVA,2014,Europa,0.82874335957639,2.18295547294785,0.261288203021091,15.185814581236,-1.62534177303314
LVA,2015,Europa,0.980200144481751,2.69205733766941,0.260393135248819,13.3219753140616,-0.610447764396668
LVA,2016,Europa,0.937267911633948,2.9054006150251,0.252118063216861,13.8385266823273,1.57658302783966
MAR,1997,África,0.57500172876759,4.07024134812852,0.315292257082049,1.43855362266244,-0.222808703780174
MAR,1998,África,1.10383581875309,4.5092752310245,0.316463664263666,1.68337561629149,-0.309237480163574
MAR,1999,África,0.722590949508299,5.01766773608047,0.314611543869613,1.65077008457195,-0.360657900571823
MAR,2000,África,0.707027292182552,4.83145165858809,0.312753522186513,1.51345027094172,-1.10387980937958
MAR,2001,África,0.937424035989011,4.71795069213814,0.306473879334812,1.52115298487802,3.67558336257935
MAR,2002,África,1.23931618376917,4.10862385536992,0.305646153951661,1.6123352022756,3.13718795776367
MAR,2003,África,1.33999414231514,3.39142296964723,0.309697684205368,1.9623465212698,2.72583246231079
MAR,2004,África,1.22409443303298,3.20023807483028,0.309063384059702,2.20726156713179,1.46649920940399
MAR,2005,África,1.51383017043965,2.68462072053283,0.299600982880839,2.26801276351635,1.51129567623138
MAR,2006,África,1.61905417916987,3.45099642673965,0.298648186501081,2.46606819215223,1.85973036289215
MAR,2007,África,1.40398738291721,2.92839336196815,0.293145845928207,2.78800129872764,-0.140355840325356
MAR,2008,África,1.377895244199,3.63986170999102,0.291888309263197,3.22155400927475,-4.44740533828735
MAR,2009,África,1.45535065406365,3.28507467871821,0.283567336177988,3.1580548009443,-4.91456985473633
MAR,2010,África,2.0853511153655,5.34157019992796,0.287090874996872,3.10670156670511,-3.89149498939514
MAR,2011,África,1.52090695555979,5.1920483801958,0.281617074108076,3.34463614141723,-7.26703548431397
MAR,2012,África,2.06791538259532,5.07520492718451,0.274938002178131,3.20601468030553,-8.95034694671631
MAR,2013,África,1.87136652478579,4.93004109816295,0.2682491080116,3.42549890032284,-6.77731895446777
MAR,2014,África,1.66262512162989,4.53416506091708,0.260292306580353,3.48287114875944,-5.96727180480957
MAR,2015,África,1.74831453174988,4.88033584164391,0.25945846190349,3.19045129182629,-2.14020943641663
MAR,2016,África,1.78563299037235,4.58702475975928,0.251197601758803,3.18566345420776,-4.04905462265015
MDA,1997,Europa,0.0664447967966178,4.91584778563179,0.316231386339162,0.65729213459795,-14.2424058914185
MDA,1998,Europa,0.0519722481434265,12.058365976526,0.31744821142245,0.578734627562192,-19.7036876678467
MDA,1999,Europa,0.00439085180305915,13.8906352638586,0.315491659918684,0.399499818596336,-5.79782962799072
MDA,2000,Europa,1.09054943258514,13.1055921865117,0.313642049256003,0.440538683980373,-7.62090635299683
MDA,2001,Europa,1.46337171546024,8.87109649621215,0.307518725328219,0.507404076252819,-1.80863630771637
MDA,2002,Europa,0.5528405707596,6.93355267720833,0.306665438776957,0.570799866188292,-1.19146609306335
MDA,2003,Europa,0.729992436156453,4.97444351004181,0.310724049034166,0.682319095965298,-6.56921148300171
MDA,2004,Europa,0.0127414652480402,4.46001767597662,0.310069641404807,0.897178494749469,-1.775426030159
MDA,2005,Europa,0.0106866900592337,4.21953306011469,0.300513688554607,1.03439197746993,-7.55636167526245
MDA,2006,Europa,0.0403661990700169,3.0260690220941,0.299575536081528,1.18302481442894,-11.3377647399902
MDA,2007,Europa,0.0700762731311434,1.57577382512594,0.294064993441433,1.53121618590748,-15.2482070922852
MDA,2008,Europa,0.145127866068845,0.902677590325408,0.292848290848393,2.11055305353857,-16.1122760772705
MDA,2009,Europa,0.201461069656022,1.28898308866841,0.28457709617033,1.89843975710988,-8.91986179351807
MDA,2010,Europa,0.336974108513042,1.36039742476665,0.288071492014276,2.43679935102421,-6.90279531478882
MDA,2011,Europa,0.515066727998269,1.12046340501015,0.28263500920296,2.94136224066021,-10.1250095367432
MDA,2012,Europa,0.697751647480188,1.49755810744644,0.27600861162204,3.0448084324815,-7.39016819000244
MDA,2013,Europa,0.659008056989446,1.4858598094704,0.269389870191119,3.32104397795719,-5.16294145584106
MDA,2014,Europa,0.860097662441425,1.57802572596496,0.261463578906963,3.28995758568777,-6.04440069198608
MDA,2015,Europa,0.875800736940909,1.91882814526635,0.260567263415385,2.74955137054338,-5.93562126159668
MDA,2016,Europa,1.03581790237,1.58756732523154,0.252296607290777,2.84708794770479,-3.61387038230896
MDG,1997,África,0.530963386905775,10.0398861605133,0.316178899488147,0.284371843967244,-4.73438930511475
MDG,1998,África,0.775094997899068,9.91029236618994,0.31738602189461,0.284192923139851,-6.57345342636108
MDG,1999,África,0.755657078703715,10.3309739300081,0.315422676419853,0.267360530991414,-5.24790668487549
MDG,2000,África,0.853370471545521,16.5006930182497,0.313572716190392,0.280282905559649,-5.6267580986023
MDG,2001,África,0.996901637428606,24.8094042861885,0.307443651467358,0.319283278235657,-2.57548761367798
MDG,2002,África,1.61824411711223,25.011927283857,0.306610983770459,0.304941777398445,-8.91359806060791
MDG,2003,África,1.15176000111677,33.7989181956033,0.310663377228168,0.352620095849925,-5.14632654190064
MDG,2004,África,1.35361062679337,35.0337555844741,0.310008127342499,0.27220074858856,-7.87799263000488
MDG,2005,África,1.63278107152719,30.5639480537759,0.300459987200497,0.305812074924388,-12.5308218002319
MDG,2006,África,2.18380601484281,24.9116130050451,0.299517418854185,0.324146874882604,-9.15517425537109
MDG,2007,África,2.43114239146927,26.0214456987078,0.293997152295153,0.419548001431865,-9.88570213317871
MDG,2008,África,4.29197810538559,24.8409999204971,0.292771217025764,0.512579800058445,-15.6364612579346
MDG,2009,África,4.65591083974149,20.7094345766864,0.284471318600162,0.446315238370592,-18.1718559265137
MDG,2010,África,8.73594066354161,9.03614924984774,0.287988667982153,0.450009391645726,-8.94853591918945
MDG,2011,África,7.26612743095137,5.12894902743548,0.282560433297221,0.506163691559308,-6.7277512550354
MDG,2012,África,6.63609454825539,5.97327691468362,0.275926972831656,0.493511162904209,-7.4627103805542
MDG,2013,África,8.32187937800496,7.55005622140074,0.269314359887447,0.515301589361831,-6.50549840927124
MDG,2014,África,5.18273187921646,8.81100465304553,0.261391777212406,0.505684922503435,-0.649123787879944
MDG,2015,África,7.11489899347905,12.9039430407088,0.260489734879783,0.445320069480568,-2.25941848754883
MDG,2016,África,6.14691942657893,16.4414610214988,0.252208773136536,0.453970714522464,0.378142565488815
MDV,1997,Ásia e Oceania,0,21.2122167330645,0.316310362106032,1.89843225010526,-6.82898044586182
MDV,1998,Ásia e Oceania,0.0485633108943878,35.1690624385648,0.31751708336302,1.98038448396751,-4.04791831970215
MDV,1999,Ásia e Oceania,0.00614756206338572,49.3175349597351,0.315553670448208,2.12406007530631,-13.3953142166138
MDV,2000,Ásia e Oceania,0.0111773177004337,51.2429444522337,0.313702315787612,2.21381235053178,-8.2454309463501
MDV,2001,Ásia e Oceania,0.0513860031687594,48.606277025342,0.307583141652825,3.03393234507036,-6.74959516525269
MDV,2002,Ásia e Oceania,0.000854042550971722,49.0539464954473,0.306732224519301,3.07607007160101,-3.96704006195068
MDV,2003,Ásia e Oceania,0.00663034099028811,46.4587527802425,0.31079173353689,3.5485767011056,-2.97459864616394
MDV,2004,Ásia e Oceania,0.0782815286275744,33.6265174928947,0.310136943396188,4.0702609459446,-9.97084712982178
MDV,2005,Ásia e Oceania,0.0270595759321958,4.67009135621744,0.300581379783174,3.79651546524644,-23.4672698974609
MDV,2006,Ásia e Oceania,0.319091573183381,1.17836446680158,0.299640904856065,5.01894335409159,-19.1705837249756
MDV,2007,Ásia e Oceania,0.117792383016731,2.08643040896914,0.294129146425377,5.75810286933053,-14.3948745727539
MDV,2008,Ásia e Oceania,0.707230035915298,1.90335350370586,0.292917507496861,6.75743280929292,-26.9277534484863
MDV,2009,Ásia e Oceania,0.102623367995983,1.98793173510688,0.284634566161055,6.73403165601895,-9.41593265533447
MDV,2010,Ásia e Oceania,0.243335857693939,1.15037304625559,0.288121910903499,7.17359601844692,-7.57604646682739
MDV,2011,Ásia e Oceania,0.0641113404691302,1.61990468522008,0.282680432870256,7.42452041097101,-13.820855140686
MDV,2012,Ásia e Oceania,0.0789140703033684,7.91792484795065,0.276054936712137,7.4612970368631,-6.39229106903076
MDV,2013,Ásia e Oceania,0.161378873981683,10.3824798088634,0.26943352232225,8.23608177944127,-3.86626744270325
MDV,2014,Ásia e Oceania,0.180227890245584,15.6845756767667,0.261506740417627,8.93907416571473,-3.18665814399719
MDV,2015,Ásia e Oceania,0.0720935271014739,13.7407635706508,0.260601365833828,9.64490655028147,-7.30588054656982
MDV,2016,Ásia e Oceania,0.0853174180244126,10.706414604904,0.252323830269781,9.9478074473174,-23.4109554290772
MEX,1997,Américas,0.176964891359071,79.8417268897017,0.305070733242703,5.56735599516668,-1.46947598457336
MEX,1998,Américas,0.132418777227986,81.9402432272742,0.305995081119434,5.83269342004468,-2.91554760932922
MEX,1999,Américas,0.122678819966719,82.4016137385201,0.303475063386902,6.49997182950425,-2.20641446113586
MEX,2000,Américas,0.290882451253235,80.9950650020271,0.301767387155587,7.52402713800909,-2.52916979789734
MEX,2001,Américas,0.464766385590487,80.9402938307096,0.295864862046703,7.95276479510706,-2.21666240692139
MEX,2002,Américas,0.664246808196621,81.635407961538,0.295625409023505,7.9830339838176,-1.8475923538208
MEX,2003,Américas,0.956248280932206,80.2833918857836,0.299535219347095,7.4340746485155,-1.09257066249847
MEX,2004,Américas,1.01326846886356,78.3145352972126,0.299144803978091,7.84966759649565,-0.856611967086792
MEX,2005,Américas,0.928662691912728,78.2116849000908,0.290385585723159,8.67175891885162,-0.987878382205963
MEX,2006,Américas,0.937306296941141,77.8541348968019,0.289836039059678,9.51263575346702,-0.303629338741303
MEX,2007,Américas,1.05603103031241,74.9190527361186,0.284305557456236,10.1343327138119,-0.81812983751297
MEX,2008,Américas,1.12972870021514,71.9973251956514,0.282851564341066,10.5237685403244,-1.37766790390015
MEX,2009,Américas,1.49115427668234,73.7791197346721,0.274885170526754,8.42356933214711,-0.80574768781662
MEX,2010,Américas,1.97712692274496,73.9967256141057,0.278150048850165,9.72880078377079,-0.351541012525558
MEX,2011,Américas,2.274379560264,71.6266354719952,0.273027103517862,10.6644944032313,-0.881028890609741
MEX,2012,Américas,2.20349572199684,71.0338681431368,0.266351513775077,10.7441335242687,-1.4750314950943
MEX,2013,Américas,2.41827499987776,70.9354677053545,0.2589782647672,11.2168008505428,-2.56186151504517
MEX,2014,Américas,2.5548938929352,72.0775145496309,0.251748219050588,11.3913773497683,-1.81831407546997
MEX,2015,Américas,2.33405417625024,74.0718831779451,0.251032074554662,10.0212386118827,-2.64322638511658
MEX,2016,Américas,2.40510219573601,73.7244923140685,0.242752538648577,9.09792397674771,-2.38265180587769
MUS,1997,África,0.0529257967514507,14.9775025594738,0.316246528265921,3.69573668844327,-2.09597277641296
MUS,1998,África,0.0735699770056591,16.3996102734214,0.317452190221312,3.64162142564086,0.0779181271791458
MUS,1999,África,1.38360427146214,16.6835342659403,0.315490677412446,3.74569625069831,-2.82125115394592
MUS,2000,África,1.73210958003135,16.8832832709137,0.313639258961671,3.98198343249582,-0.781626224517822
MUS,2001,África,0.553243679103584,15.8840215702294,0.307515680953618,3.90855694927435,5.90451812744141
MUS,2002,África,0.321272584746792,16.8956294488687,0.30666804764993,4.07306053055903,5.08279800415039
MUS,2003,África,0.225796188827588,16.3411683087965,0.310729835157805,4.85826575549747,1.58063936233521
MUS,2004,África,0.430769308003771,13.8529479586441,0.310077453012971,5.46060800184199,-1.67663776874542
MUS,2005,África,0.487072456982414,10.4980330819284,0.300527776749591,5.35402974260642,-4.92618799209595
MUS,2006,África,0.336878475178633,9.75295921666266,0.29958878420618,5.78422491883026,-8.59904098510742
MUS,2007,África,0.268237296035771,8.48010908439529,0.29407815030197,6.67734962448608,-5.32425737380981
MUS,2008,África,0.445989137712096,7.21662298275534,0.292865975436027,8.14050808595892,-9.76705932617188
MUS,2009,África,0.321746808127709,7.84239971844908,0.284579007188084,7.42688645617593,-7.17474985122681
MUS,2010,África,0.438095706497338,8.92878485621352,0.288070213867657,8.11317670740211,-10.0540447235107
MUS,2011,África,0.397397709371655,9.88430676447851,0.282637187030031,9.32424232310492,-13.5461292266846
MUS,2012,África,0.395120537167943,10.0188233729084,0.276001892316965,9.42152514098227,-7.09172677993774
MUS,2013,África,0.448280928010345,11.4394420289042,0.269392508737048,9.87713865958836,-6.10328674316406
MUS,2014,África,0.476680996443447,12.8078908194145,0.261461657752347,10.4903315563853,-5.27783298492432
MUS,2015,África,0.487874682315915,11.5496163986609,0.26056255923575,9.6305437837507,-3.47276020050049
MUS,2016,África,1.60068926873477,12.2680303496522,0.252286023265526,10.0951225574156,-3.90142488479614
MWI,1997,África,0.117095209011325,15.7042767921969,0.316259028170466,0.366954461274104,-7.12655448913574
MWI,1998,África,0,13.3985246700884,0.317465902668717,0.236045479450504,-0.17176516354084
MWI,1999,África,0,16.7468586378073,0.315503814506423,0.233935986197873,-6.09583139419556
MWI,2000,África,0.0239497785866089,13.0650370735068,0.313656182695287,0.22422415918428,-2.89662408828735
MWI,2001,África,0.111456427805715,15.30135229871,0.307537081760704,0.215474524898357,-2.39994812011719
MWI,2002,África,0.426498348142944,14.1135642278402,0.306693100342279,0.428210439838398,-3.94494795799255
MWI,2003,África,0.0159174665522101,14.0185644962859,0.310752847161907,0.383348596852642,-5.33174705505371
MWI,2004,África,0.0190503193052239,11.9412989556929,0.310097523359043,0.404674248445428,-7.49180698394775
MWI,2005,África,0.315776615161909,18.1166186145814,0.300539014431587,0.414361121984475,-9.52389335632324
MWI,2006,África,0.131054162140981,8.37533841226051,0.299605087024603,0.440822149023873,-5.26911354064941
MWI,2007,África,0.72710403474326,6.83318275518573,0.294093195941725,0.475180261659331,-6.47983264923096
MWI,2008,África,1.17522436071679,8.13064687888243,0.292877567647441,0.554048820396119,-8.95428943634033
MWI,2009,África,1.86441602977676,6.62016921102321,0.284590486205068,0.625869729869625,-6.03374195098877
MWI,2010,África,3.21922640536933,6.18084643498779,0.288081760986128,0.683124694716798,-9.57007884979248
MWI,2011,África,3.99640865165741,4.51942859124861,0.28263047925016,0.763061000394569,-9.75872135162354
MWI,2012,África,5.07645391084749,5.83994545682202,0.276015712538837,0.55846208832772,-8.48798084259033
MWI,2013,África,3.50636044770233,6.93016394451305,0.269380774604658,0.496947368267313,-15.3915920257568
MWI,2014,África,2.96258109139327,5.41542342296169,0.261444234030203,0.5295133440206,-12.8223514556885
MWI,2015,África,3.03752049720759,5.8028400383331,0.260556518170612,0.539605363240686,-11.5453758239746
MWI,2016,África,2.47820809570219,7.01464636064108,0.2522856049975,0.450506105510719,-12.7134008407593
NAM,1997,África,0.0242858794957789,2.15450445241124,0.316243402252037,2.45964511763936,2.1748628616333
NAM,1998,África,5.07770866805593,1.66340560690178,0.317449677572313,2.23524515468625,4.17856597900391
NAM,1999,África,0,0.135092679861766,0.31548102508531,2.17778733370092,-0.713550209999085
NAM,2000,África,0.434964914234292,4.86907819529924,0.313634553962115,2.15667590512714,4.88302183151245
NAM,2001,África,0.749939581245747,2.32937956444908,0.307510057980046,1.91558926594875,0.296284139156342
NAM,2002,África,2.15031473401222,4.35903696497829,0.306659857392674,1.77207565537493,2.56344604492188
NAM,2003,África,2.31498444379141,7.7083115557863,0.310722706788929,2.56924739317883,5.39320611953735
NAM,2004,África,2.25241115379391,11.746910739324,0.310066862806835,3.40315496192955,6.75263595581055
NAM,2005,África,2.85578219467688,4.85037981546877,0.300504141526281,3.68577299991587,4.54506158828735
NAM,2006,África,3.41458120091299,3.21690801075589,0.299561658406546,4.0171834716928,13.5327558517456
NAM,2007,África,4.33933395599994,5.88759560321829,0.29405341309166,4.37904313682732,8.45998859405518
NAM,2008,África,6.41992802941662,6.7189443913872,0.292834177910935,4.20478555422749,-0.107055209577084
NAM,2009,África,6.53436894351153,6.74119877946617,0.284534715955496,4.30291374148376,-3.54487586021423
NAM,2010,África,12.6079515725427,5.02036785871726,0.288049176869431,5.41821633365813,-3.92244720458984
NAM,2011,África,4.91670573283013,9.35623146286244,0.282602289759152,5.83479176757942,-6.84779739379883
NAM,2012,África,5.14806789601998,4.85713672345939,0.275961775307282,5.94264680978674,-8.58334541320801
NAM,2013,África,5.11749184483161,5.12670295431328,0.269347924217526,5.34662131149967,-8.23764801025391
NAM,2014,África,6.31578894443952,4.72737400187092,0.261410192856421,5.37832326241203,-9.42886924743652
NAM,2015,África,5.9345529440422,2.16880677797927,0.260494014244469,4.77410650865775,-13.7578945159912
NAM,2016,África,5.60962715345655,2.22788702038123,0.252238068953576,4.39568776162377,-16.4970874786377
NGA,1997,África,0.0608066688359194,36.6406609075456,0.313069491451649,1.72027540949396,0.0837634950876236
NGA,1998,África,0.238182313360825,36.9923790966551,0.314359511592408,1.82246998452473,-0.553602933883667
NGA,1999,África,1.31337518035683,29.9334629865543,0.312327950081021,0.480669363941805,0.855100870132446
NGA,2000,África,1.27214135460993,43.6163357851918,0.310362291211474,0.547318298903379,10.7371768951416
NGA,2001,África,0.972698257433155,37.6294033885861,0.304011828588139,0.566428231812933,3.3684549331665
NGA,2002,África,0.573422441925143,29.0210798672246,0.303066129807609,0.712164852077686,1.1394681930542
NGA,2003,África,0.26313005138993,38.2448177429688,0.307104936006593,0.763388745367225,3.23719692230225
NGA,2004,África,1.24634802264219,46.3555825788512,0.306377999462086,0.962481041947327,12.4042053222656
NGA,2005,África,1.07501027323625,51.4349636346813,0.297143743572033,1.21137703504386,20.7940444946289
NGA,2006,África,0.417721425407585,44.0209551196166,0.296203492942576,1.59953891556365,15.3142423629761
NGA,2007,África,0.711634392242662,43.8602820170307,0.290733245729799,1.81552697545827,9.93609237670898
NGA,2008,África,0.5270998724405,40.5481480747851,0.289308269146251,2.15410543545364,8.58534526824951
NGA,2009,África,1.46363316853604,31.3057502789211,0.280877095148311,1.82048633854782,4.70138216018677
NGA,2010,África,1.17948764209736,34.5804615424706,0.28444374005964,2.20225672957344,3.57264828681946
NGA,2011,África,1.66474902393139,26.2175553522087,0.278765368678762,2.41841316975875,2.57400131225586
NGA,2012,África,1.10114143955026,16.8582461433209,0.272230733365807,2.63319734671362,3.74468970298767
NGA,2013,África,1.51567673440102,12.016573942861,0.265744943543778,2.87279083379398,3.66244029998779
NGA,2014,África,2.58426166580568,4.2219278745152,0.257724669034976,3.0887213131617,0.157882541418076
NGA,2015,África,2.15799457401202,4.48581617563466,0.257029272909207,2.58573360671798,-3.13140106201172
NGA,2016,África,2.2708635248752,11.6675019032786,0.248920190412518,2.0704127339595,1.25472092628479
NIC,1997,Américas,0.00590657152062507,54.4952824363129,0.316229462020275,0.912757429788532,-19.1519622802734
NIC,1998,Américas,0.00347074376763921,54.2769494793068,0.317437131026579,0.94915537349477,-14.813042640686
NIC,1999,Américas,0.0185699414484215,60.2445944206079,0.315471066379575,0.980219744675245,-19.1180591583252
NIC,2000,Américas,0.0379286181726975,58.4758126628883,0.313618246185007,1.0173124434882,-18.3126354217529
NIC,2001,Américas,0.00960650572249257,56.1697342422225,0.307497534567066,1.05187423589099,-15.327691078186
NIC,2002,Américas,0.0141208803842223,63.5267414878977,0.306646801040384,1.0143339042591,-15.0103549957275
NIC,2003,Américas,0.0316200097786934,65.0906056846727,0.310708726275087,1.02135216668794,-13.2557258605957
NIC,2004,Américas,0.200084711024228,66.5668698192674,0.310055503067136,1.09862118662335,-11.8661823272705
NIC,2005,Américas,0.727349755972704,61.8625364924324,0.30049906615776,1.18330214010175,-12.3956613540649
NIC,2006,Américas,0.0374978113113725,72.8610047162794,0.299562001129351,1.24817371577788,-13.0801401138306
NIC,2007,Américas,0.0644623505147781,68.1567407891283,0.294053719236948,1.35038145753377,-16.2593536376953
NIC,2008,Américas,0.0326922238349269,62.7302106945076,0.292837347227128,1.52368437086409,-17.0684814453125
NIC,2009,Américas,0.0931537422369505,65.7562066294415,0.284552355220772,1.46708288052845,-8.45314407348633
NIC,2010,Américas,0.146692080419672,64.865230785165,0.288046798694373,1.52656706951408,-8.87473392486572
NIC,2011,Américas,0.382666005271636,56.933334200687,0.282602475100447,1.67971192084633,-11.9077339172363
NIC,2012,Américas,1.9697936586011,57.269822451476,0.275968009281755,1.78469836017555,-11.7242908477783
NIC,2013,Américas,1.42839393774665,53.2142511538578,0.269344824428213,1.83543996363714,-12.5685663223267
NIC,2014,Américas,0.647813823630407,57.5942666931237,0.261413086943905,1.95837047579547,-8.0283260345459
NIC,2015,Américas,0.556234764802037,62.7696291357051,0.260514695357188,2.0744562063473,-9.87325382232666
NIC,2016,Américas,0.271556993744892,64.2307644583511,0.252241719606336,2.13168704828322,-8.48330116271973
NLD,1997,Europa,0.654234326552398,3.965317293901,0.304341025094479,26.7449601318097,6.02685451507568
NLD,1998,Europa,0.477047076761543,3.88298087362526,0.305329026448887,27.924281808994,2.94777083396912
NLD,1999,Europa,0.581142581753713,4.34196960884174,0.303222405024521,28.3187466538357,3.54209876060486
NLD,2000,Europa,0.576690208188103,7.18316911159055,0.301803887037992,26.2251697734149,1.85613203048706
NLD,2001,Europa,0.654455304908942,6.39725097124299,0.295397802822674,26.9557128032278,2.38638734817505
NLD,2002,Europa,0.688556349075767,6.66762692425175,0.294887767057165,29.4465330872868,2.44960880279541
NLD,2003,Europa,0.860323872934965,6.38165826353182,0.299275276975258,35.8967504630706,5.11030960083008
NLD,2004,Europa,1.11402163148351,7.38155857858643,0.298836236441147,40.6113414353091,7.5643458366394
NLD,2005,Europa,1.08275249735611,7.77470050389265,0.282149136023412,42.1653961683879,7.05034399032593
NLD,2006,Europa,1.11303267448222,6.84338169533466,0.278710486416661,45.1235432406426,9.08300876617432
NLD,2007,Europa,0.886234327066359,6.24782042760441,0.270010295114811,52.1007996285947,6.8849778175354
NLD,2008,Europa,1.19192062848024,5.98506084782523,0.277077271911793,58.2467026905875,4.96572351455689
NLD,2009,Europa,1.44186687005695,5.83839295313007,0.266046034021404,53.1720261581419,5.41519355773926
NLD,2010,Europa,1.1218697072622,5.02116997600973,0.275543341563135,51.3057338533973,6.93871450424194
NLD,2011,Europa,1.26929163609484,4.99719968156824,0.264354860660453,54.7017728030611,8.54003620147705
NLD,2012,Europa,1.46741217893617,5.03236764106601,0.259377316509695,50.4739442002689,10.2010631561279
NLD,2013,Europa,1.64973546504371,4.68313889741525,0.252688586909971,52.6022860520766,9.75141143798828
NLD,2014,Europa,1.74753056250961,6.42390615930864,0.248613571730933,53.4572234864322,8.17266941070557
NLD,2015,Europa,1.97799120960188,6.30728797488561,0.24422956875439,45.7938135434697,5.20239400863648
NLD,2016,Europa,2.0434892216784,5.40066986706663,0.238418657172918,46.8085291492503,7.11545276641846
NOR,1997,Europa,0.820174313852943,7.97183557018781,0.310580166543759,36.6290309036622,6.18253660202026
NOR,1998,Europa,0.780895058437967,7.27034533455297,0.311777703075131,34.8034634058738,-0.295152693986893
NOR,1999,Europa,1.18661977541111,9.49247255976426,0.309858663031618,36.3932927471087,5.46888828277588
NOR,2000,Europa,0.917046865760844,14.2249517360299,0.307905242986465,38.1782368777076,14.7491216659546
NOR,2001,Europa,0.9072535559542,14.9058564027826,0.301791234635272,38.6018976392311,15.8600339889526
NOR,2002,Europa,1.35532114642658,14.9620014541726,0.300752246925791,43.170557174499,12.3343381881714
NOR,2003,Europa,1.06305111962966,12.281205996912,0.305038541822453,50.2503298214344,12.0253849029541
NOR,2004,Europa,1.19086751443764,16.070700190779,0.30441179244244,57.7686980958462,12.3720417022705
NOR,2005,Europa,0.841351885695423,12.7335255018639,0.293859474958916,67.0471704558264,16.4792766571045
NOR,2006,Europa,0.786303436346038,11.3204562995418,0.293109763147525,74.434499683567,16.3805313110352
NOR,2007,Europa,0.879240753982962,11.4823178205944,0.287327193325354,85.5022677087731,12.4741630554199
NOR,2008,Europa,0.979777181489453,9.47782037286146,0.286473729577645,97.5035407803783,15.806734085083
NOR,2009,Europa,2.09122792084487,5.62057025768013,0.278111726926844,80.3475700665184,10.9195365905762
NOR,2010,Europa,2.89328352701463,8.2762262785142,0.281607969616049,88.1632085931423,10.8782176971436
NOR,2011,Europa,2.26174730137139,6.36163310366182,0.276757183640544,101.221813476644,12.559775352478
NOR,2012,Europa,2.01616548753491,5.82846109044869,0.269708968879849,102.175919298374,12.6175813674927
NOR,2013,Europa,2.45556829457186,5.36886372237689,0.264001648392432,103.553840134417,10.2709045410156
NOR,2014,Europa,3.11199280700587,5.31787422582801,0.255960459450501,97.6666951838749,11.0952157974243
NOR,2015,Europa,3.85807464364979,6.30376716238887,0.254949307115907,74.8099658049897,8.01370811462402
NOR,2016,Europa,3.41962800071421,6.63887483471395,0.246875309649051,70.867360997075,4.01732730865479
PAK,1997,Ásia e Oceania,4.77424657150255,19.1452906647474,0.313335629482887,0.438030942680153,-2.74152803421021
PAK,1998,Ásia e Oceania,4.69221756413509,21.4808646812344,0.313707965108341,0.424453697798497,-3.61461544036865
PAK,1999,Ásia e Oceania,4.93279895364509,23.6004759835918,0.310215494648411,0.418249257055367,-1.46092367172241
PAK,2000,Ásia e Oceania,5.58812737640578,24.5476150612436,0.307834492643998,0.642338346499898,-0.0854401886463165
PAK,2001,Ásia e Oceania,6.18106298521802,23.9148243402175,0.301257848611893,0.609939506905073,1.93318033218384
PAK,2002,Ásia e Oceania,5.82943424340174,25.8787892464691,0.300111429523571,0.599937345723927,3.93573331832886
PAK,2003,Ásia e Oceania,4.58712324490366,21.7214155093211,0.303899254823518,0.67244178669894,3.17962002754211
PAK,2004,Ásia e Oceania,4.12235916593459,21.4195239586897,0.303052715178418,0.771902247348954,-0.61792802810669
PAK,2005,Ásia e Oceania,5.4838671171044,22.8633567821111,0.293634706006452,0.827619861189928,-2.4834623336792
PAK,2006,Ásia e Oceania,5.5167599554608,21.7692230008996,0.292511221727523,0.900873564984807,-4.16812372207642
PAK,2007,Ásia e Oceania,5.69349146102322,19.7151327062646,0.286892616154553,0.998090114197523,-4.50796175003052
PAK,2008,Ásia e Oceania,4.22539685487457,16.6365923975822,0.285573555046627,1.06704324565284,-7.741943359375
PAK,2009,Ásia e Oceania,6.08306708585104,16.427050711437,0.277190426651099,0.963788066395226,-2.13167357444763
PAK,2010,Ásia e Oceania,6.97466824244954,15.1317140229703,0.280650100848181,0.987304571124484,-0.688324213027954
PAK,2011,Ásia e Oceania,7.0650524282583,13.7134613876207,0.275152656747134,1.13173513834324,-0.95712423324585
PAK,2012,Ásia e Oceania,11.5832190130074,12.9437027534467,0.268409718364802,1.20436475491585,-0.936399340629578
PAK,2013,Ásia e Oceania,11.7450009297066,13.5510460164514,0.261684834940188,1.2254340119198,-1.70727872848511
PAK,2014,Ásia e Oceania,8.91250047869486,16.6780501637942,0.253597088524968,1.26661340849959,-1.34787344932556
PAK,2015,Ásia e Oceania,8.85981882327436,19.5768295248714,0.252692409655136,1.38047020838317,-0.934446752071381
PAK,2016,Ásia e Oceania,8.35971461047334,13.7745421283198,0.244345062198742,1.42469161195897,-2.29279661178589
PAN,1997,Américas,0.0470861262845348,13.0679917248778,0.316045700565638,3.54597670392453,-5.03735303878784
PAN,1998,Américas,0.0499612189299578,11.9656826147531,0.317254296834763,3.80783868807701,-9.219970703125
PAN,1999,Américas,0.0637405069684958,12.8923809127204,0.31529915928239,3.95034144236614,-9.93764972686768
PAN,2000,Américas,0.045842658639258,10.2881599154128,0.31348379675463,3.97509310275544,-5.84047269821167
PAN,2001,Américas,0.108611549826475,7.77609081049043,0.307366705038068,3.99177672094655,-1.55881381034851
PAN,2002,Américas,0.094703500590826,7.99532472607749,0.306519339986851,4.09058616456082,-0.883534967899323
PAN,2003,Américas,0.852267492483037,7.24348451145251,0.310582605921576,4.26466428949623,-4.22833728790283
PAN,2004,Américas,0.307817964377323,7.26035582100822,0.309922675007794,4.64456581177582,-6.92308568954468
PAN,2005,Américas,0.192898236728924,5.34295647502012,0.300348647736245,5.01774110414832,-6.40102243423462
PAN,2006,Américas,0.112046379491792,21.3911840731173,0.299369568174799,5.52876705854901,-2.48020839691162
PAN,2007,Américas,0.0919203795662412,19.0339214133216,0.293836460069414,6.3178173051466,-5.43158102035523
PAN,2008,Américas,0.469704992459352,19.085759361483,0.292640002502005,7.34759049046839,-8.89223098754883
PAN,2009,Américas,0.270729194444266,20.4213299631511,0.284366807207525,7.79692618363433,-0.763910472393036
PAN,2010,Américas,0.187032569936831,20.6876264730544,0.287826513351003,8.33146422259967,-10.3251600265503
PAN,2011,Américas,0.286235942835971,19.2065255364367,0.282345645397187,9.66229590911979,-12.6581287384033
PAN,2012,Américas,0.415039373544279,21.3147754179459,0.275714393477024,11.0648063662003,-8.97959041595459
PAN,2013,Américas,0.323291761246836,20.9163146371432,0.269093083515398,12.2733224983788,-8.69870853424072
PAN,2014,Américas,0.984770879736737,24.3708296507853,0.261076803192436,13.2131989591137,-12.983814239502
PAN,2015,Américas,2.87428483789559,27.0112729251282,0.260249218405774,14.0826548434996,-8.69390487670898
PAN,2016,Américas,0.453256534945161,29.1404284100334,0.251975382594942,14.8323611652459,-7.54284620285034
PNG,1997,Ásia e Oceania,3.55872904694522,3.1342461080645,0.316136472239332,0.989721550965343,-2.00581216812134
PNG,1998,Ásia e Oceania,1.57252865976797,6.40405850504058,0.317356684581001,0.733479860137663,1.2474969625473
PNG,1999,Ásia e Oceania,4.11029483227087,7.32391430377047,0.315399202002607,0.649994719718763,3.45089244842529
PNG,2000,Ásia e Oceania,8.53563334819786,2.31475463177246,0.313558422475663,0.635957919047725,9.9592170715332
PNG,2001,Ásia e Oceania,6.2845783744111,2.53187341525921,0.307444697778301,0.537847459634131,9.2874174118042
PNG,2002,Ásia e Oceania,8.74167033036617,5.40806291625219,0.306600017903303,0.506331789534482,-0.837715089321137
PNG,2003,Ásia e Oceania,8.91196336503561,2.85478349662622,0.310662131404638,0.577467922387258,4.01861381530762
PNG,2004,Ásia e Oceania,8.57559713886614,2.86732753446917,0.310010248394914,0.620596147680562,4.79140901565552
PNG,2005,Ásia e Oceania,8.64119890068769,1.66694715972913,0.300467351637957,0.744486489977432,13.3520774841309
PNG,2006,Ásia e Oceania,9.03726300585859,2.00445299784515,0.299526113767351,1.23818282926706,5.27638101577759
PNG,2007,Ásia e Oceania,9.31525994776528,2.00626516010877,0.29401348651512,1.370753415829,1.89447677135468
PNG,2008,Ásia e Oceania,8.38551544582255,1.7584646118068,0.29280625507924,1.62479319935187,6.81299161911011
PNG,2009,Ásia e Oceania,6.87279906343135,2.0032024428283,0.284497999619819,1.56883193368607,-5.09167337417603
PNG,2010,Ásia e Oceania,11.6944292819312,1.46863244264836,0.28800402496433,1.86686889851208,-4.50849151611328
PNG,2011,Ásia e Oceania,9.17331129711433,1.59699288664618,0.282565295472229,2.28837591141234,-1.10018479824066
PNG,2012,Ásia e Oceania,7.54084114609885,1.50680928322862,0.275928735809784,2.63508736315469,-10.7881603240967
PNG,2013,Ásia e Oceania,11.286263617503,1.14381141534604,0.269307934304733,2.56077458976327,-16.2256813049316
PNG,2014,Ásia e Oceania,13.9159882571228,0.907482134679728,0.261400795916623,2.72317529825196,12.1393175125122
PNG,2015,Ásia e Oceania,17.7468656767191,0.86088027953707,0.260492426394796,2.4845963398603,11.2064027786255
PNG,2016,Ásia e Oceania,17.9655157506957,0.957753413272831,0.252216150229197,2.31639479758493,13.6287612915039
POL,1997,Europa,0.133650765215864,3.08632410204716,0.310577653400878,4.13700831823144,-4.21097135543823
POL,1998,Europa,0.219133138605233,3.16008119234375,0.311756229265746,4.5335356551781,-4.62069797515869
POL,1999,Europa,0.598781854938615,3.22370853325623,0.309765601699349,4.41550067547827,-8.56212902069092
POL,2000,Europa,0.267377086036524,2.88446993474226,0.307990416981663,4.52064100449112,-6.93376207351685
POL,2001,Europa,0.554523024431136,2.41478149946899,0.301934138873545,5.01523790036613,-3.5727162361145
POL,2002,Europa,0.459895677279931,2.73039612053754,0.300857496836656,5.22345178967082,-3.21051645278931
POL,2003,Europa,0.577175323644901,2.36911110531221,0.305074517233087,5.72081366178104,-2.89904928207397
POL,2004,Europa,0.536951245986319,4.54332344553634,0.3044143992054,6.71172715262967,-6.03660726547241
POL,2005,Europa,0.651835777468447,4.39521724445747,0.295314316303418,8.04392332253757,-3.31032276153564
POL,2006,Europa,0.536265696787987,4.26128236325147,0.29411076010034,9.06885528307628,-4.6567907333374
POL,2007,Europa,0.681134371605075,3.63942150717829,0.288578463514145,11.2725293683383,-6.6692099571228
POL,2008,Europa,0.762867466134819,3.3345530270836,0.28761860427006,14.0485604672654,-6.72348833084106
POL,2009,Europa,1.02795011488794,3.59591382249862,0.279056520344517,11.5563026866026,-3.87865591049194
POL,2010,Europa,1.03920984635462,2.64811158505808,0.282512584446383,12.5677317676382,-5.14635992050171
POL,2011,Europa,1.02040572381384,3.06762865661523,0.277139961363591,13.8676669408191,-5.10808515548706
POL,2012,Europa,1.04643737294459,3.24785428186014,0.27080940979774,13.0874209433209,-4.10153913497925
POL,2013,Europa,1.07026763306721,3.19684938919608,0.264478504162609,13.6219023794031,-1.95723021030426
POL,2014,Europa,1.29375114309967,3.18999324578259,0.255947329047539,14.2622841914116,-2.91190385818481
POL,2015,Europa,1.32958972471181,3.71488199577728,0.255064810839275,12.6375220324406,-1.28757309913635
POL,2016,Europa,1.18000076510318,3.76550036862779,0.247236666499535,12.4640110508476,-1.02237153053284
PRT,1997,Europa,0.202698932420733,4.45698639763414,0.313608114284921,11.5755071124358,-6.17826700210571
PRT,1998,Europa,0.12045340501097,5.00714871315486,0.314701770237032,12.1992063850241,-7.55240631103516
PRT,1999,Europa,0.167976984049004,5.2262196058253,0.312635053956864,12.4752917701476,-8.86797428131104
PRT,2000,Europa,0.185749453903556,9.40540523739634,0.31083690831943,11.5263720667968,-10.7956857681274
PRT,2001,Europa,0.25900026185601,8.60482739526218,0.304714556684487,11.7347649743954,-10.4494047164917
PRT,2002,Europa,0.289252520869773,7.95001555520517,0.303931111845763,12.9366928204482,-8.38318634033203
PRT,2003,Europa,0.515269786951278,7.69563582593373,0.308139932012877,15.7977821340276,-6.633957862854
PRT,2004,Europa,0.476755023620462,5.82656680170821,0.307534509682856,18.0641580932987,-7.95689868927002
PRT,2005,Europa,0.705907369785955,6.17306975335313,0.298142254183372,18.78012751241,-9.58535575866699
PRT,2006,Europa,0.636440498556605,6.94917136181562,0.297041791275979,19.8394540499032,-10.259937286377
PRT,2007,Europa,0.578373107790731,6.64457835501812,0.291792691500255,22.8110564844365,-9.61981582641602
PRT,2008,Europa,0.521723114931241,5.34655515528325,0.290544777870728,24.949041356674,-11.8327589035034
PRT,2009,Europa,0.768321973785528,4.74849329010093,0.282261516083738,23.1512154130712,-10.293550491333
PRT,2010,Europa,1.0429450673763,5.42656991828646,0.285700150734651,22.551935098809,-10.2563390731812
PRT,2011,Europa,1.35302098913777,5.21347139216666,0.280372859658295,23.2465425416481,-5.9778470993042
PRT,2012,Europa,2.09535697398285,5.28217926906661,0.273598452931601,20.5934274224109,-1.61330449581146
PRT,2013,Europa,1.80274363457471,5.38251526964573,0.267225038273688,21.6764859642714,1.63589823246002
PRT,2014,Europa,2.06582888737553,5.75903866097398,0.259457775030047,22.1206850127107,0.158222571015358
PRT,2015,Europa,2.07102980823505,6.57478059921928,0.258905480106498,19.2157813014347,0.230111137032509
PRT,2016,Europa,2.13994719986647,6.61601364553267,0.250468378488004,19.9802808866516,1.17221415042877
PRY,1997,Américas,0.0417553516190509,3.10375802517547,0.316018081014231,2.07850841313824,-5.50597620010376
PRY,1998,Américas,0.1112595517426,5.72305771808109,0.317229955135085,1.88988455618586,1.42468428611755
PRY,1999,Américas,0.157553079698793,5.49983850149997,0.315287933953361,1.76630657288259,1.56971883773804
PRY,2000,Américas,0.143600184786817,1.87084216999731,0.313453597627862,1.73611729210765,-2.79049491882324
PRY,2001,Américas,0.167807732076909,1.2380269381463,0.307345040831915,1.63768615122932,-0.375729709863663
PRY,2002,Américas,0.273748213041593,1.85985360472097,0.306498982648293,1.36776506935997,8.61307621002197
PRY,2003,Américas,0.431795040649073,2.10732968527994,0.310560987993686,1.44399885236205,0.221163988113403
PRY,2004,Américas,1.75789624974537,2.13152437712536,0.3099064351116,1.78621533938543,-0.101927988231182
PRY,2005,Américas,1.70166583522439,2.00504212138438,0.300393135354897,1.97087169852378,-0.628692328929901
PRY,2006,Américas,1.42152329651922,1.96120822909557,0.299449085827916,2.43943124694577,1.24447679519653
PRY,2007,Américas,0.352272387863717,1.69370714658624,0.293943163034899,3.21193621659547,4.36238479614258
PRY,2008,Américas,1.3232977436236,1.26131952968423,0.292723956412971,4.38495469437804,0.403544634580612
PRY,2009,Américas,0.512875470975813,1.24501250689148,0.284440243891657,3.94184815479432,1.7743331193924
PRY,2010,Américas,0.636987752999496,1.15812959631895,0.287907777769499,4.75096273669457,-1.0779664516449
PRY,2011,Américas,0.440062186032666,1.55277802547892,0.282475044879896,5.80540154542925,-0.625035405158997
PRY,2012,Américas,0.607665388809633,2.52438770097234,0.275841022222623,5.64216991672847,-1.66626167297363
PRY,2013,Américas,0.619197413869586,2.98002645418299,0.269223964675785,6.43568342733005,0.889912605285645
PRY,2014,Américas,0.565293107470399,2.0576024569595,0.261284411567995,6.65225478942461,-0.750343501567841
PRY,2015,Américas,0.501518542896053,2.12425340093026,0.260384352271918,5.87933792308762,-0.131770998239517
PRY,2016,Américas,0.257668369681835,1.82710291277824,0.252105020804662,5.77515963399595,4.60519409179688
QAT,1997,Ásia e Oceania,2.1713643052891,2.08898334375241,0.315441304319951,20.5228012995179,-30.8589992523193
QAT,1998,Ásia e Oceania,0.939737533834462,3.55494300047994,0.316579627653488,17.6654408438221,-25.4589996337891
QAT,1999,Ásia e Oceania,1.03452352830408,3.17626803122758,0.314596002366116,20.2336846826643,0.813000023365021
QAT,2000,Ásia e Oceania,3.6530404498992,3.50450322096454,0.312729092388421,27.535182940934,9.17500019073486
QAT,2001,Ásia e Oceania,3.18351166688075,3.60156017480807,0.306588646381939,25.8707991864314,23.7280006408691
QAT,2002,Ásia e Oceania,1.53035054380901,4.01272307286882,0.305846414264798,27.2266593510117,19.7779998779297
QAT,2003,Ásia e Oceania,2.05946186150041,2.08600953882441,0.309916507025309,31.602470865136,24.2609996795654
QAT,2004,Ásia e Oceania,1.79104189693113,1.88722725245877,0.309200222740444,41.0355008380177,24.6380004882813
QAT,2005,Ásia e Oceania,1.83354535300054,1.62959681798642,0.299589977016228,53.9496764091146,16.761999130249
QAT,2006,Ásia e Oceania,1.57134606398653,0.562187575017243,0.298539571029119,62.5824453138756,16.132999420166
QAT,2007,Ásia e Oceania,1.44377216125818,0.897132167517275,0.292900123950057,65.9543419525051,15.0790004730225
QAT,2008,Ásia e Oceania,1.91518596275499,0.520021715499017,0.291501308350763,80.7814039187792,23.6140003204346
QAT,2009,Ásia e Oceania,2.84096374745696,0.807692239262222,0.28290592659753,60.7857351551657,7.24399995803833
QAT,2010,Ásia e Oceania,3.42024995994134,0.615349999143954,0.286396348740993,76.4626119486737,20.0090007781982
QAT,2011,Ásia e Oceania,4.08244655624382,1.04802395395314,0.280898929780941,103.261510293068,31.067512512207
QAT,2012,Ásia e Oceania,5.67128653635659,0.767393504310878,0.274182089460336,108.470387023229,33.1847229003906
QAT,2013,Ásia e Oceania,6.47943208118997,0.848250383077862,0.267502811409017,103.697062789143,31.4940223693848
QAT,2014,Ásia e Oceania,6.64264292064219,1.16955514269984,0.259521023106659,95.8406898934237,23.9592456817627
QAT,2015,Ásia e Oceania,6.02657703865944,1.60799985441549,0.258524364925866,68.9852433380101,8.50181674957275
QAT,2016,Ásia e Oceania,7.11927435414799,1.89207010133978,0.250380240617688,61.2536217997092,-5.45006847381592
ROU,1997,Europa,0.952235035867755,4.40683184468233,0.314234832674306,1.57733656023974,-5.91422986984253
ROU,1998,Europa,0.347281930640423,4.64725925163129,0.315542430722642,1.8525549693339,-6.99585962295532
ROU,1999,Europa,0.494969554978937,4.87159015556583,0.313695039607759,1.59990622808339,-4.18129968643189
ROU,2000,Europa,0.90621136023939,4.08046522934005,0.311934966001356,1.65992904910528,-3.84676742553711
ROU,2001,Europa,0.727662870999517,3.96091264067176,0.305713112697905,1.82519299373184,-5.61540269851685
ROU,2002,Europa,2.41682356527507,4.64442376926151,0.304864109330851,2.11985509684554,-3.40116167068481
ROU,2003,Europa,2.20431738104996,3.69979519325065,0.308890339100055,2.67940626016155,-6.15159845352173
ROU,2004,Europa,1.02785775384912,3.03888243353976,0.30813961284384,3.49499056448955,-8.45402050018311
ROU,2005,Europa,0.815791501782481,5.98138291870495,0.298660089677198,4.61800350802913,-8.72615051269531
ROU,2006,Europa,0.494480442281938,4.84461742352739,0.297625611011018,5.75753127301177,-10.5460748672485
ROU,2007,Europa,0.50010829363797,3.84658274937248,0.292164575478898,8.36033775916596,-13.6042308807373
ROU,2008,Europa,0.529670162187632,3.1372854780293,0.290640619227966,10.4351561230787,-11.4372072219849
ROU,2009,Europa,0.744768320641292,2.96471126242559,0.282669859185624,8.54845434092419,-4.65987205505371
ROU,2010,Europa,1.23311048954253,3.05278013703388,0.286346510210752,8.39953742342839,-5.18380880355835
ROU,2011,Europa,1.32186608033317,2.97474408575052,0.280895442814419,9.56067552774579,-4.80957794189453
ROU,2012,Europa,1.56273083083671,3.68551910306688,0.274292977159998,8.92995366231473,-4.72951555252075
ROU,2013,Europa,1.52426755164799,3.40699332695465,0.267657316663407,9.49767411615235,-0.95503044128418
ROU,2014,Europa,1.75765866028769,3.73837611076345,0.25967668121529,10.0317710755404,-0.255054593086243
ROU,2015,Europa,1.71176953683814,4.25733791816517,0.258785174329661,8.97701748158195,-0.803880631923676
ROU,2016,Europa,1.80494445262201,3.93198645303255,0.250479316633797,9.40454005870715,-1.60733103752136
RWA,1997,África,0.505913361098334,3.07368817978743,0.316249038910358,0.238749371368213,-4.97763872146606
RWA,1998,África,1.59652817807852,3.28234673950774,0.317468501663257,0.246154673288384,-3.61100006103516
RWA,1999,África,2.23885444560051,5.37308689255885,0.315502607397455,0.264743686829769,-6.63399982452393
RWA,2000,África,4.08566683391481,8.06038358167738,0.313657248252288,0.25186926386091,-4.60599994659424
RWA,2001,África,2.74130724357972,3.56095660054273,0.30753407832664,0.237308846200901,-5.21000003814697
RWA,2002,África,3.49731900950301,2.09667098471278,0.30668201291836,0.234043016755733,-6.94000005722046
RWA,2003,África,4.72112562590911,1.86361714431189,0.310744971953925,0.249012274982251,-4.91499996185303
RWA,2004,África,4.20985710479293,1.57077875511309,0.310091150156988,0.269540446333402,-1.84599995613098
RWA,2005,África,6.21586444740074,4.47027320269969,0.300535666442649,0.324016863847189,-2.2260000705719
RWA,2006,África,12.6239948465287,6.18524827207267,0.299593416171611,0.356995022901153,-4.18499994277954
RWA,2007,África,9.7318886672734,5.84331725355214,0.294083043334101,0.426234183487629,-2.09599995613098
RWA,2008,África,6.61329640877817,3.23154869878278,0.292870604215029,0.528326391755503,-4.67500019073486
RWA,2009,África,8.7804270463447,6.86832777480145,0.284580899091,0.564039095842449,-6.67199993133545
RWA,2010,África,12.6433064594265,7.40068354653685,0.288070798224623,0.593624927744346,-6.51687002182007
RWA,2011,África,13.2926309243889,6.91347835165769,0.282636706818234,0.651133677964662,-6.92834424972534
RWA,2012,África,11.5733722845767,5.45413732095968,0.275999773970016,0.706817269168561,-9.68045806884766
RWA,2013,África,14.1871996855911,3.37114258281385,0.269381123428522,0.70492421851123,-7.48220348358154
RWA,2014,África,11.9982841472128,6.03479985958739,0.261452765385407,0.724957526520906,-11.3438930511475
RWA,2015,África,8.03587321593815,8.00840581792552,0.260547766201578,0.733998629882493,-12.6837778091431
RWA,2016,África,6.86163828899785,5.17566894420891,0.252270498100295,0.729519133812945,-15.3051261901855
SEN,1997,África,0.0366883157942743,0.993301327661597,0.316195995170931,0.650776321407447,-3.05919122695923
SEN,1998,África,0.0296662921045111,0.938725803390432,0.317398856124205,0.684588105785785,-3.80375170707703
SEN,1999,África,0.0410603132153785,0.815570594354545,0.315433067572011,0.677516338727267,-4.8580060005188
SEN,2000,África,0.185731069592673,0.793324593775293,0.313584494443139,0.603233162455158,-5.54079818725586
SEN,2001,África,0.018921397032371,1.84369631349799,0.307457563670779,0.637213530563724,-3.77513790130615
SEN,2002,África,0.13016733536698,0.40112374359853,0.306608742240828,0.669430447319208,-4.54340076446533
SEN,2003,África,0.837821100508112,0.873122548073464,0.310667406751831,0.817888034221443,-4.98969411849976
SEN,2004,África,0.347126749044201,0.295631937532051,0.310013334084021,0.918102079522152,-5.07447576522827
SEN,2005,África,1.31193783817634,1.37862948744148,0.300469040232222,0.979846101520167,-6.14150333404541
SEN,2006,África,0.832974507831248,1.89930597432437,0.299528488756633,1.01720196747987,-13.9899597167969
SEN,2007,África,1.38023076958973,1.19220420316492,0.294018454326653,1.18893877808175,-18.0858745574951
SEN,2008,África,0.227541382393278,0.863792446399946,0.292806596207702,1.39879218010021,-20.9742469787598
SEN,2009,África,2.0515144429584,0.329140733713225,0.28451437495332,1.30869404336205,-13.4128112792969
SEN,2010,África,2.32468644670631,0.23143480219317,0.288014975446243,1.27588357492357,-3.65650868415833
SEN,2011,África,2.29895852415516,0.240829691192063,0.282578913618172,1.37467591873845,-6.44529914855957
SEN,2012,África,1.58151037369063,0.496279147932819,0.275947602523806,1.32683798848379,-8.65191841125488
SEN,2013,África,1.80288131637955,0.931006783996053,0.269327438662558,1.37983196553924,-8.1922721862793
SEN,2014,África,1.96359512561189,1.00363449357488,0.261395188593491,1.39889137601382,-6.80294513702393
SEN,2015,África,4.05562117387408,2.4533349299311,0.260484043632234,1.21800613555438,-5.31619453430176
SEN,2016,África,6.10346647782477,1.77452549997125,0.252195092781329,1.26643957151587,-4.17875623703003
SGP,1997,Ásia e Oceania,3.21288844725309,22.8341491886217,0.312982894611687,26.3758653668111,15.5698356628418
SGP,1998,Ásia e Oceania,4.45413836080962,23.2653878271385,0.314062954758863,21.8292737831583,21.7915515899658
SGP,1999,Ásia e Oceania,4.21997206759875,21.9268273768952,0.312049566749581,21.7966373891001,17.2038803100586
SGP,2000,Ásia e Oceania,4.72592754645826,17.6172819110844,0.310130207574838,23.8528389514753,11.0715036392212
SGP,2001,Ásia e Oceania,5.59943379849387,16.0645173457872,0.304099234306049,21.6997414868907,14.4329299926758
SGP,2002,Ásia e Oceania,7.02833268225342,15.1628595772791,0.303227449383518,22.1598373710639,14.8770542144775
SGP,2003,Ásia e Oceania,9.08844530137435,13.7018325741749,0.307334464765329,23.7303840054566,24.3020820617676
SGP,2004,Ásia e Oceania,9.69374342870892,11.2241396742101,0.306625740507597,27.608080013423,19.3111209869385
SGP,2005,Ásia e Oceania,10.3551032959535,11.9353353541759,0.295559338361898,29.9613172812731,23.26047706604
SGP,2006,Ásia e Oceania,9.52390877886636,12.4993689526626,0.294293236982777,33.7684528234652,26.8933811187744
SGP,2007,Ásia e Oceania,8.95847604302094,11.7878421400789,0.288838816470331,39.4328860198876,27.1433334350586
SGP,2008,Ásia e Oceania,9.13456348342077,9.8304541984005,0.288226138106885,40.0085720489092,15.0834360122681
SGP,2009,Ásia e Oceania,9.61577900914065,10.8196257129209,0.279385276235378,38.9268054365452,16.3930625915527
SGP,2010,Ásia e Oceania,11.3318965004555,10.545933763375,0.282096224947772,47.2366830849531,22.9333477020264
SGP,2011,Ásia e Oceania,10.5742553430496,9.73639206355422,0.277107566765016,53.8914570264372,22.2184524536133
SGP,2012,Ásia e Oceania,10.7017822198842,10.384696274052,0.270152830331395,55.5475553077785,17.643274307251
SGP,2013,Ásia e Oceania,11.7296077469794,10.1496273216927,0.263266301433286,56.9674257940384,15.7071876525879
SGP,2014,Ásia e Oceania,12.0156650988836,9.94825293292387,0.255209228056803,57.5648023114978,17.9502143859863
SGP,2015,Ásia e Oceania,12.1298269713674,11.0355848958283,0.254814729435675,55.6456068614606,18.693021774292
SGP,2016,Ásia e Oceania,11.6223614338595,10.9834274575365,0.246610563081282,57.0055887176547,17.8112449645996
SLV,1997,Américas,0.000166820062510222,57.1676574295767,0.316090540158564,1.74892111971129,-0.95638382434845
SLV,1998,Américas,0.0272595378130843,57.4607737169325,0.317298642511722,1.85973085887742,-0.82923811674118
SLV,1999,Américas,0.00390191362685737,62.1676276865556,0.315337766931629,1.9080804545224,-2.1206648349762
SLV,2000,Américas,0.0208222810113589,61.8153337681551,0.313495966688767,1.98287093542615,-3.65297102928162
SLV,2001,Américas,0.0290178968562798,61.6505707717296,0.307366703203055,2.05804459070452,-1.22368884086609
SLV,2002,Américas,0.0691138450291332,64.6363803856683,0.306517967449917,2.11541187355626,-3.19917798042297
SLV,2003,Américas,0.0474308610106818,63.0062109343382,0.310592602479,2.20783089518069,-5.30205154418945
SLV,2004,Américas,0.0391174262161647,61.8018824178672,0.309948022577111,2.28568907438892,-4.67674922943115
SLV,2005,Américas,0.304383118384996,59.1206399020801,0.300408186185193,2.44739140845394,-4.22907876968384
SLV,2006,Américas,0.077639296228253,67.9386272028939,0.299480747776692,2.66561807194853,-4.78478288650513
SLV,2007,Américas,0.0619541823062407,61.4621826187249,0.293953826741928,2.83065693770733,-7.15129232406616
SLV,2008,Américas,0.0818442140625975,57.1180092974916,0.292754338118191,2.98324829577976,-8.51826000213623
SLV,2009,Américas,0.0623261686886668,58.7283728736066,0.284479557456501,2.91018651752011,-1.77368032932282
SLV,2010,Américas,0.0988860760776273,58.1982140849986,0.287986614879006,3.04007300952878,-2.88821625709534
SLV,2011,Américas,0.0849939313039934,53.9608918284995,0.28254874765166,3.33060049486653,-5.48105192184448
SLV,2012,Américas,0.0905167542848911,58.1962973140757,0.275909855198855,3.49791256915509,-5.7972149848938
SLV,2013,Américas,0.101489642768222,52.0371679671084,0.269296134797211,3.58226694005169,-6.90474700927734
SLV,2014,Américas,0.126777601103313,53.5027081128748,0.261368950944513,3.66601248913873,-5.3713870048523
SLV,2015,Américas,0.833093047548249,52.1705012995743,0.260461319070391,3.79034089108162,-3.21592926979065
SLV,2016,Américas,0.704408618702824,51.6316618516611,0.252188820732622,3.90134014965811,-2.27403283119202
SUR,1997,Américas,0.0157804870811854,17.091322360736,0.316287613269503,2.06759814938391,-6.96500015258789
SUR,1998,Américas,0.174437494500957,18.9863091517147,0.317479814098744,2.42858641994202,-11.5430002212524
SUR,1999,Américas,0.0186843696287784,21.5932188941039,0.315533475620844,1.8981801816053,-6.87200021743774
SUR,2000,Américas,0.138256816275771,22.3002736766993,0.313682709490297,1.98822172925433,-0.700999975204468
SUR,2001,Américas,0.746536767075168,26.0671020894999,0.307559777378812,1.71464846637242,-24.068000793457
SUR,2002,Américas,0.505612867071472,27.0549690309387,0.306711823449573,2.20234068219601,-13.6379995346069
SUR,2003,Américas,2.72671749626009,25.5185314075349,0.310773013936072,2.51610404020957,-5.05000019073486
SUR,2004,Américas,0.107066079162169,16.6823493324385,0.310117888165214,2.8877721728844,-6.88600015640259
SUR,2005,Américas,0.757954378058093,17.5644667788267,0.300563174737834,3.45342865937764,-8.17994594573975
SUR,2006,Américas,0.324179539085059,13.8971278150729,0.299625479628392,5.00265798695758,8.39939212799072
SUR,2007,Américas,0.208739055780906,9.53910983103646,0.294116724124728,5.53017615638309,11.0501489639282
SUR,2008,Américas,0.216775826508356,7.74703645109713,0.29290697176816,6.57608546307249,9.21887493133545
SUR,2009,Américas,0.855444162967578,10.445247305425,0.284618561676695,7.12957686262909,2.87195420265198
SUR,2010,Américas,0.752383372080683,11.5669408732626,0.288112831924354,7.94360482816914,14.8990516662598
SUR,2011,Américas,1.05525144367887,23.1417939828349,0.282672332013058,7.94988867218384,9.75303268432617
SUR,2012,Américas,0.798812604447933,10.5892154416651,0.276041676063854,8.85124050668908,3.26046705245972
SUR,2013,Américas,1.09857540795086,12.3761477959748,0.269424167239498,9.04319281529222,-3.80907344818115
SUR,2014,Américas,2.17584348009617,19.3350701134004,0.261504342265128,9.10818905406764,-7.94454288482666
SUR,2015,Américas,2.9228065914806,7.99694941451672,0.260598223539913,8.81361705392068,-15.3413677215576
SUR,2016,Américas,1.90623977660325,3.38683173652029,0.252327356957016,5.64420610575319,-4.83755016326904
SVK,1997,Europa,0.0744352820304624,1.95037227749178,0.31530040629038,5.17241757491248,-8.3140344619751
SVK,1998,Europa,0.0372640876370466,1.71217276617997,0.316562617106804,5.56091617750301,-8.66213607788086
SVK,1999,Europa,0.0549477268750594,1.86352396316807,0.314658063082583,5.65162327514236,-4.69872760772705
SVK,2000,Europa,0.13227638252234,1.95022621682182,0.312832292692254,5.42164484418869,-3.38864135742188
SVK,2001,Europa,0.0930178066154377,2.20329723702677,0.306678773590359,5.71247802761654,-8.12758255004883
SVK,2002,Europa,0.290708385610005,2.00003365443269,0.305819321489361,6.55462808369462,-7.72774887084961
SVK,2003,Europa,0.93879282405467,4.54347411467952,0.30985056615544,8.67539633696465,-5.77923774719238
SVK,2004,Europa,0.377773992985847,4.66110352116269,0.309217776748354,10.6501290097126,-7.62012767791748
SVK,2005,Europa,0.487502203536027,3.59835697985158,0.299570091312535,11.6415410321763,-8.27696132659912
SVK,2006,Europa,0.711365682887659,3.57958122760756,0.298603423074011,13.1678954730379,-7.65084934234619
SVK,2007,Europa,1.1406231131269,3.03239598057452,0.293129828345377,16.1104817265237,-5.22851753234863
SVK,2008,Europa,1.34011360084935,2.16271300782734,0.291898624822272,18.7443192278345,-6.21384811401367
SVK,2009,Europa,1.62930902928167,1.73340223915544,0.283704390750079,16.5867527805228,-3.44350981712341
SVK,2010,Europa,2.65953660045512,2.025517617013,0.287194791395838,16.8994486805289,-4.62952089309692
SVK,2011,Europa,4.3247023137214,2.09580929289457,0.281709623396766,18.4694354316836,-4.87142086029053
SVK,2012,Europa,4.46009848383527,2.49818907850731,0.275158088462832,17.5169691054078,0.928304672241211
SVK,2013,Europa,4.22216252649641,2.37508697379309,0.268583272780353,18.3127805149823,1.85102379322052
SVK,2014,Europa,4.09848493324159,2.78506778166072,0.2606655340065,18.7709289896544,1.14001834392548
SVK,2015,Europa,3.09386623020529,3.44499814503183,0.259665271411243,16.4420760860018,-2.08273005485535
SVK,2016,Europa,3.11844400472028,3.55252898991926,0.251380849072533,16.6360769133073,-2.7332558631897
SVN,1997,Europa,0.0642479854710453,3.50495459653518,0.315781935884255,10.4367260661871,0.143099457025528
SVN,1998,Europa,0.0362202112229441,3.30551716643393,0.316964490825921,11.1315666628232,-0.859184443950653
SVN,1999,Europa,0.119973861175192,3.33704765225366,0.315003044535119,11.4014906790909,-4.00137376785278
SVN,2000,Europa,0.151831291368851,3.5286095727611,0.313171341104098,10.1357219109212,-3.23712968826294
SVN,2001,Europa,0.124387335797175,2.84723888148567,0.307026625016165,10.3756255869861,0.0435035452246666
SVN,2002,Europa,0.258834494252276,3.41139666328799,0.306172593712053,11.6391297780477,0.925319850444794
SVN,2003,Europa,0.245789176009985,3.91612543069909,0.310258373200217,14.7116748742531,-0.830038070678711
SVN,2004,Europa,0.19801424550109,3.53571851625574,0.309591690406021,17.1038297783905,-2.69941687583923
SVN,2005,Europa,0.264787663590135,2.5956826053877,0.300063476766334,17.9697095907161,-1.80122232437134
SVN,2006,Europa,0.375137591931996,2.38829412851539,0.299117852512977,19.563005059144,-1.83569669723511
SVN,2007,Europa,0.348233171356073,1.94795059506282,0.293591448091056,23.7251596001515,-4.13760185241699
SVN,2008,Europa,0.419279665184879,1.79849577718498,0.292386009527128,27.4619764165315,-5.31882095336914
SVN,2009,Europa,0.457299987290688,1.90847842727649,0.284153882251929,24.5017897290426,-1.08150815963745
SVN,2010,Europa,0.569031166593761,2.07158834949978,0.287651050030602,23.3298417691156,-0.768344223499298
SVN,2011,Europa,0.559537740541433,2.08418136602244,0.282231575480844,24.9406284841605,-0.836243808269501
SVN,2012,Europa,0.719523585412284,2.07477333263294,0.275648099701816,22.4421417859955,1.29560720920563
SVN,2013,Europa,0.784573704542467,1.97982604137662,0.269051154116017,23.2369655321695,3.30029368400574
SVN,2014,Europa,0.781931842300955,2.28391732283085,0.261116950815841,24.0130682060959,5.09721279144287
SVN,2015,Europa,0.839861524511147,2.53389634361352,0.260208344439512,20.6972748530619,3.81724381446838
SVN,2016,Europa,1.28829638369341,2.67449559300191,0.251932550106394,21.4478377796036,4.7765736579895
SWE,1997,Europa,1.67351538674626,9.10650220141255,0.310539728128119,30.3241845796306,3.79520535469055
SWE,1998,Europa,2.55552583943293,9.51304555477924,0.311575365797417,30.6053669074811,3.50000596046448
SWE,1999,Europa,2.68360176783512,9.85181182824057,0.309594827350474,30.9688710702051,3.82422375679016
SWE,2000,Europa,2.84881711976596,12.4348957451036,0.307729953619218,29.6325890811623,3.81204056739807
SWE,2001,Europa,2.45073998269094,12.2193054147174,0.301698500296028,27.2593174300217,4.60134696960449
SWE,2002,Europa,1.97439309709138,12.9581194840239,0.300869303219378,29.9577776664917,4.35641717910767
SWE,2003,Europa,2.46350676826229,13.2432549109155,0.30506745100556,37.2922419727801,5.79178380966187
SWE,2004,Europa,2.2055101815,12.8132509991627,0.304493903650408,42.7580048564929,5.93852615356445
SWE,2005,Europa,2.0638712633338,11.7355636437101,0.293346173056545,43.3784077394363,5.96051836013794
SWE,2006,Europa,2.25046535452248,10.160588935004,0.292398346218316,46.5313762240484,8.07559108734131
SWE,2007,Europa,2.24996104664252,8.34342167057868,0.286730492330929,53.5683057787833,8.04373264312744
SWE,2008,Europa,2.6134990536213,7.24605327918893,0.28580375972655,55.8171759726485,7.71499061584473
SWE,2009,Europa,3.69106897884683,6.73094557724171,0.278093630116887,46.7076425044751,5.8974084854126
SWE,2010,Europa,3.74622370658183,7.97607184699532,0.282052748568053,52.5425759090299,5.84781885147095
SWE,2011,Europa,3.65914337271289,7.21854411562592,0.276424165370756,60.3794814599322,5.43906259536743
SWE,2012,Europa,3.76356401173914,7.50791912807623,0.26997019359826,57.7495615420853,5.46207332611084
SWE,2013,Europa,3.6633214601222,7.09873320802375,0.263737956220557,60.8439888799369,5.22393560409546
SWE,2014,Europa,3.47549597191383,8.23847148056595,0.255643643026145,59.5834584491715,4.21281051635742
SWE,2015,Europa,4.02156636225134,8.54034186516718,0.254063613373486,51.1881652120492,3.20457220077515
SWE,2016,Europa,4.15125003542735,8.34667836272059,0.246436661052497,51.7035088332851,2.23328638076782
SWZ,1997,África,0,0.674256119607172,0.316290208677067,1.70539874942229,-0.159647509455681
SWZ,1998,África,0,0.00185181755893409,0.317497200361708,1.54651519325372,-5.91886472702026
SWZ,1999,África,0,0,0.315535041378423,1.5016642665319,-2.12921738624573
SWZ,2000,África,0.0144205704785432,5.24374924244699,0.313685040373372,1.62967038842816,-2.63874244689941
SWZ,2001,África,0.794801124691474,7.32280251891069,0.307564702610752,1.42985630359447,0.5835320353508
SWZ,2002,África,0.797986199428087,8.83330606447611,0.306712738874795,1.31573634647994,2.31850457191467
SWZ,2003,África,1.07030388039725,12.8113012660103,0.310773539320985,2.01521743065251,4.06812143325806
SWZ,2004,África,0.842499357009206,12.0106016067215,0.31012092168215,2.5255640452625,2.57392740249634
SWZ,2005,África,1.44622661195038,12.8655701297192,0.300564277530425,2.87106877437449,-3.22978329658508
SWZ,2006,África,1.48787717648932,9.83980655913683,0.299623740901893,2.96495865200682,-5.97401475906372
SWZ,2007,África,0.927454376171504,7.37741142339856,0.294117754391455,3.10911097608864,-1.88916850090027
SWZ,2008,África,0.563197361260812,7.04569035750791,0.292907176852417,2.9468606613746,-7.01973676681519
SWZ,2009,África,0.882572488578738,6.73826875975074,0.284622233578635,3.18979679956638,-11.5716123580933
SWZ,2010,África,0.109491097286876,6.27395496192541,0.28811486358951,3.92274039390733,-8.74814224243164
SWZ,2011,África,0.0197791794822564,4.83785010853359,0.282682824893831,4.22506049411911,-5.84420299530029
SWZ,2012,África,4.42611207580091,3.04978761990964,0.276054752312087,4.22454789174487,4.91018581390381
SWZ,2013,África,4.83381726200025,2.54855254907526,0.269434695338422,3.94994310039907,11.0226707458496
SWZ,2014,África,1.92145469221853,3.52098289910169,0.261512811835311,3.77107228381938,12.0475397109985
SWZ,2015,África,0.0159286462291022,1.11749126599354,0.260607483361734,3.41982276559528,13.7519340515137
SWZ,2016,África,0.0185965767908333,0.924292217850455,0.252333671954084,3.23817611961364,8.02557945251465
TCD,1997,África,1.05678830093731,4.09317808326335,0.316276575279263,0.201384076969355,-8.16800022125244
TCD,1998,África,0,10.3883917420449,0.317483516153282,0.219779530915601,-5.71600008010864
TCD,1999,África,0,11.9368079895737,0.315519594804064,0.186638531146223,-7.15100002288818
TCD,2000,África,0.0145187609365475,4.74236345715345,0.313669342784093,0.163121663683369,-9.97700023651123
TCD,2001,África,0.0135268552411505,7.09673153483271,0.307542730859468,0.194322953311561,-21.8400001525879
TCD,2002,África,2.26791296593069,8.80921232970334,0.306682101088865,0.21906139195135,-61.7239990234375
TCD,2003,África,2.95144951992982,25.2753106225568,0.310737262233391,0.289087621122168,-32.1419982910156
TCD,2004,África,16.1875750172476,59.9989079144419,0.310038107151427,0.445850767157087,-11.1160001754761
TCD,2005,África,8.83817245819306,73.0136394628355,0.300489446294048,0.838092107712556,-5.54300022125244
TCD,2006,África,10.3883968746425,80.376814760487,0.299531989794318,0.906897260572747,-3.14000010490418
TCD,2007,África,3.35621980747151,89.1587618493308,0.29401089786542,0.980483531485102,5.58400011062622
TCD,2008,África,1.06648496449307,88.603387655821,0.292779441565476,1.16636883453841,2.88499999046326
TCD,2009,África,2.86332524196688,89.730998961578,0.284481481712522,1.03563719694254,-3.8510000705719
TCD,2010,África,16.1270868737053,68.4648780589612,0.287987373263572,1.14180069268412,-2.875
TCD,2011,África,6.89678021905799,84.3959170250794,0.282562170349014,1.3081421872538,-0.195999994874001
TCD,2012,África,6.65464383750965,81.8294398417961,0.275912885772663,1.35434344701938,-2.12599992752075
TCD,2013,África,3.23208052575046,78.3332188466081,0.269298249987769,1.30488742971474,-3.96600008010864
TCD,2014,África,3.4137208530874,74.9492473854268,0.261413865454633,1.27878981422494,-2.39199995994568
TCD,2015,África,3.80647941756942,56.503578206928,0.260506710889683,0.993990730610868,-4.84100008010864
TCD,2016,África,6.83099224087467,56.8236073960306,0.252236730352201,0.861831767630746,-4.59700012207031
TGO,1997,África,1.7181649943554,0.35521667044027,0.316264064706764,0.448001096915435,-5.52268505096436
TGO,1998,África,0.845858508863801,0.706716264927246,0.317472758437309,0.461158245854911,-6.25067377090454
TGO,1999,África,0.0435436762541959,1.05110369869857,0.315510166818088,0.445291484100953,-5.71132946014404
TGO,2000,África,0.091607600773572,1.60767860284253,0.313660865755761,0.409889802792768,-6.6445198059082
TGO,2001,África,0.106005401612447,3.39940290210752,0.307539818897569,0.396692654520135,-8.08590221405029
TGO,2002,África,1.61394926684869,0.753815082845022,0.306689562392898,0.445238691488925,-5.81784725189209
TGO,2003,África,2.45196442347315,1.2279524587861,0.310751723982679,0.538165377769289,-5.43138074874878
TGO,2004,África,7.74561340176699,0.38672145304033,0.310100339227848,0.560266308533382,-6.49399518966675
TGO,2005,África,4.34969674655124,1.24930591019066,0.300546356186965,0.551259850017077,-6.33089685440064
TGO,2006,África,3.08195488951426,0.548582170900374,0.299608995310637,0.55250227125256,-12.832218170166
TGO,2007,África,2.19315561823743,0.573275971692002,0.29410337182998,0.607587886721352,-13.2061786651611
TGO,2008,África,1.59404964152071,0.594340893599746,0.29289298023986,0.718948386717473,-11.6443786621094
TGO,2009,África,3.14541954125073,0.59405581509553,0.284606396998486,0.720693768151415,-10.489312171936
TGO,2010,África,6.95468329492584,0.848122920501541,0.288097153235203,0.704986772286079,-4.2116756439209
TGO,2011,África,3.7722513491085,1.73721770689407,0.282647719575763,0.783988944671672,-5.57134246826172
TGO,2012,África,2.98216259780639,1.86584622245505,0.276029129337128,0.76239162379069,-5.433021068573
TGO,2013,África,4.21365918769507,0.30913479089316,0.269407987179566,0.826542799987227,-9.43944072723389
TGO,2014,África,5.93528528018542,0.375717904732122,0.261486477012423,0.855584809246574,-7.1710786819458
TGO,2015,África,8.77294474011438,0.580155858869601,0.260576812440649,0.751051987587248,-8.01021194458008
TGO,2016,África,5.06100953203438,0.544121606840775,0.252306884226234,0.772581357620609,-7.19180250167847
TTO,1997,Américas,0.0073320121521467,47.8127312677245,0.316119281281583,4.39394496943068,-10.694242477417
TTO,1998,Américas,6.29257181920016e-05,45.0783695969221,0.317319632813491,4.61270900312686,-10.6478404998779
TTO,1999,Américas,0.0468010790246424,50.6314491880503,0.315344864592792,5.17908350809274,0.449406355619431
TTO,2000,Américas,0.0224603408819069,52.3624686541615,0.313477875175902,6.17858975559688,6.67497158050537
TTO,2001,Américas,0.011066764426812,49.8039828098146,0.307360888775855,6.65741466937221,4.71396160125732
TTO,2002,Américas,0.108829214000846,59.6409441690917,0.306488619832679,6.76293080808096,0.848106920719147
TTO,2003,Américas,0.151235209265281,68.3918568534961,0.310505608311611,8.445046535183,8.70995044708252
TTO,2004,Américas,0.0514102825743914,71.1648746490946,0.309832534905705,9.87103419820088,13.5001449584961
TTO,2005,Américas,0.146694178857638,67.5121558563367,0.300259172579084,12.3464373094075,24.2851486206055
TTO,2006,Américas,0.0745270678259803,60.9197444323063,0.299295436551951,14.1526607422112,38.7864456176758
TTO,2007,Américas,0.120340300496338,58.154956712114,0.293804388773824,16.606675360681,23.8728008270264
TTO,2008,Américas,0.110947001536317,44.6692477032113,0.292553609731029,21.2989945258063,30.493522644043
TTO,2009,Américas,0.797217024031656,43.8093340144896,0.284310473856158,14.6340565003912,8.51638793945313
TTO,2010,Américas,0.656727811821968,43.9110315318494,0.287822032529463,16.815424737361,18.8299579620361
TTO,2011,Américas,1.5678184436026,39.7896753872212,0.282414762858546,19.1510870229722,18.5128383636475
TTO,2012,Américas,0.641038406318624,40.3518313547851,0.275789282347936,20.3321389531925,14.1451282501221
TTO,2013,Américas,0.551805812437763,31.158656197736,0.269171957338619,21.3049777496629,19.4056587219238
TTO,2014,Américas,0.700076844767797,31.9273547988345,0.261240052440561,21.9083014555643,13.9893198013306
TTO,2015,Américas,0.658234221883275,33.8560598359148,0.260349184029552,19.8872327716498,7.6115345954895
TTO,2016,Américas,1.86157182419509,31.7629909419808,0.252108625809811,17.4491538801956,-3.27274489402771
TUN,1997,África,0.399173530186504,0.957842424200834,0.315739189687509,2.20206090620957,-2.86792635917664
TUN,1998,África,0.760459340135371,0.906816720156652,0.316931519228846,2.28501933541864,-3.09737181663513
TUN,1999,África,0.453950583316177,0.977384831617738,0.314962106366371,2.37606566791596,-1.92535221576691
TUN,2000,África,0.0320665209346434,1.32520690564772,0.313110230209814,2.19904465936314,-3.82558488845825
TUN,2001,África,0.227200067785386,1.54255860370067,0.306974263186192,2.23571981624751,-3.80893707275391
TUN,2002,África,0.474451414877666,1.18226723947408,0.306138635223109,2.3207723805785,-3.22389388084412
TUN,2003,África,0.166592182365149,1.11855868739312,0.310201638750654,2.7258643148859,-2.66077065467834
TUN,2004,África,0.294255876352932,2.10428878191579,0.309540711294161,3.06741936376975,-1.41663599014282
TUN,2005,África,0.388486693670647,2.4930035943068,0.300089904197728,3.1468260743927,-0.927371919155121
TUN,2006,África,0.339408799224175,4.00280433832531,0.299096860829264,3.32256933570096,-1.80172300338745
TUN,2007,África,0.169578468441054,3.01854935572282,0.29363774160214,3.72691672935667,-2.35618472099304
TUN,2008,África,0.440361596773694,3.42048270447787,0.292393264325267,4.25505008019524,-3.81468868255615
TUN,2009,África,0.66533162825396,2.07054925527643,0.284108632856992,4.08009032448781,-2.83909249305725
TUN,2010,África,0.575124024338797,2.37698886803046,0.28760911273276,4.29186120891575,-4.55447149276733
TUN,2011,África,1.08606154070614,2.23952998962884,0.282212815391397,4.42064772206537,-7.0355658531189
TUN,2012,África,0.938020982898154,4.27509117944373,0.275550813454132,4.29726782454272,-7.86572504043579
TUN,2013,África,0.854450519997579,4.72232623135833,0.268945520366813,4.36979345826358,-8.41013431549072
TUN,2014,África,1.12142066393826,2.98383102712018,0.261005496377228,4.45897895464547,-9.13088989257812
TUN,2015,África,1.16845686562144,3.55242495674789,0.260165233165197,4.01494773686432,-8.90650749206543
TUN,2016,África,0.954506440306959,2.8003830811922,0.251898973067148,3.84780354448808,-8.54039764404297
TUR,1997,Ásia e Oceania,0.26474088014428,8.80978697332974,0.310239634886273,4.19737636165643,-0.998992562294006
TUR,1998,Ásia e Oceania,0.162394605117312,8.92003868030266,0.311373210078164,4.33102761275037,0.861266314983368
TUR,1999,Ásia e Oceania,0.171849997552009,9.07615814180517,0.309479763012555,3.97377763854117,-0.563595950603485
TUR,2000,Ásia e Oceania,0.381950273458042,9.04053691497897,0.307265398090344,4.1993798635759,-3.64904570579529
TUR,2001,Ásia e Oceania,0.572956420460566,7.47859157290012,0.301521564615392,3.0522256706793,1.94734644889832
TUR,2002,Ásia e Oceania,0.615895848943116,7.50705586862851,0.300537744600139,3.59108628982587,-0.345302551984787
TUR,2003,Ásia e Oceania,0.827315609404415,6.20191807414808,0.304521147004507,4.64963668068585,-2.39588928222656
TUR,2004,Ásia e Oceania,0.635299861239571,5.6864384996764,0.303881872869409,5.97960542161481,-3.46160650253296
TUR,2005,Ásia e Oceania,0.602973097472137,5.3435911731444,0.293905195989043,7.33185429430256,-4.13972854614258
TUR,2006,Ásia e Oceania,0.633340365266203,5.5161701401627,0.292548570179559,7.99008251407245,-5.60566568374634
TUR,2007,Ásia e Oceania,0.843882328647368,3.76740239013476,0.287382179705141,9.76691734545294,-5.35553884506226
TUR,2008,Ásia e Oceania,1.09319772232118,3.26919587456342,0.286228904340985,10.9134079047769,-4.98844051361084
TUR,2009,Ásia e Oceania,1.24517896090059,3.72045201657624,0.278017228521798,9.07692472236976,-1.70039963722229
TUR,2010,Ásia e Oceania,2.2358157810607,3.98878149274741,0.28130557835988,10.6989699409757,-5.69811010360718
TUR,2011,Ásia e Oceania,1.85369942521458,4.06036853821563,0.27532449371182,11.3736355760885,-8.79747486114502
TUR,2012,Ásia e Oceania,1.9234287691036,4.4242184464677,0.267886623314361,11.7767593362033,-5.43321084976196
TUR,2013,Ásia e Oceania,2.56598041087867,4.97724310278023,0.260695728853493,12.6355570016068,-5.83216714859009
TUR,2014,Ásia e Oceania,2.06656016674013,5.23836400452035,0.252185166530291,12.2093862327674,-4.15212392807007
TUR,2015,Ásia e Oceania,1.7391211669687,5.82950883506021,0.250412841509141,11.0646494504663,-3.14369535446167
TUR,2016,Ásia e Oceania,1.67819324293746,5.63751265911589,0.240690176980281,10.9843643169061,-3.10703778266907
UGA,1997,África,0.464046085705197,6.21707093525261,0.316113146865046,0.286846637912964,-5.03610181808472
UGA,1998,África,0.0229772882969543,2.50029219869061,0.317307238307695,0.292453037058835,-5.5231614112854
UGA,1999,África,1.13100701570393,3.70280110316851,0.31532990455899,0.257921949601357,-4.88783693313599
UGA,2000,África,0.198777884285036,5.11326352045006,0.313479896867952,0.258050338731086,-5.79340696334839
UGA,2001,África,0.306757605887285,4.36103694069478,0.307352524657612,0.236021188853993,-5.2321457862854
UGA,2002,África,0.975947341164778,2.93900390404938,0.306489730382905,0.241984688408334,-2.46011686325073
UGA,2003,África,0.690834704119208,6.77205032614136,0.310545498197791,0.25071543664681,-0.581756174564362
UGA,2004,África,1.92103673367273,3.72225144920214,0.30988698139589,0.29238185796262,-0.0210973341017962
UGA,2005,África,2.21978803522687,3.16882453240665,0.30034735150174,0.330405402707025,0.532773077487946
UGA,2006,África,1.79848938887412,2.37500181057536,0.299400691863814,0.346518255310647,-3.18903613090515
UGA,2007,África,1.56236686650963,2.16613430079328,0.2938887428923,0.40138913086558,-4.72875213623047
UGA,2008,África,1.13520461306468,1.54877414742541,0.292662685194372,0.472842681495852,-8.4751033782959
UGA,2009,África,1.53649936569977,2.2894949041323,0.284353299843742,0.798947089938248,-4.17084932327271
UGA,2010,África,1.9031732711962,3.35010820659611,0.287820215054017,0.823488144282,-6.03511810302734
UGA,2011,África,2.04077541468749,2.60817472406171,0.28237194850988,0.835620060555838,-7.4887843132019
UGA,2012,África,1.72663396365342,1.54954200143265,0.275761531519098,0.795222867553127,-6.06312656402588
UGA,2013,África,2.95498757651663,2.39801937108742,0.269147300329912,0.818285427416712,-6.05719375610352
UGA,2014,África,4.69630787822477,1.9197556783087,0.261212478462649,0.896054795546394,-6.64160823822022
UGA,2015,África,3.73443758900603,1.90943537395693,0.260315787104837,0.862934610355812,-5.09288740158081
UGA,2016,África,1.66936981309278,2.39605982042135,0.252044699352354,0.752696571725655,-2.7256395816803
UKR,1997,Europa,2.42369912544701,3.4172019565304,0.313945499514636,0.987489813398315,-2.66193270683289
UKR,1998,Europa,1.47620918034024,4.51338889984617,0.31527782224122,0.83133677996773,-3.09436941146851
UKR,1999,Europa,3.12387544209537,5.15393262958957,0.313420875429628,0.631910471461492,5.25005197525024
UKR,2000,Europa,3.10538834709845,5.99369323547575,0.311493838324295,0.65329430867262,4.14516305923462
UKR,2001,Europa,3.23624485194339,4.02692884761233,0.305380956031806,0.800490705080344,3.36813569068909
UKR,2002,Europa,3.67002369489865,2.20709394786455,0.304486846714657,0.90301189197571,7.23448038101196
UKR,2003,Europa,5.20411316970575,1.96257987506574,0.308467244338766,1.07648161754209,5.57773542404175
UKR,2004,Europa,2.94116646654461,2.4927731110925,0.307717218682048,1.40101802555655,10.2811431884766
UKR,2005,Europa,2.0398993210615,3.17001772668286,0.298155708715917,1.87533513569803,2.83957004547119
UKR,2006,Europa,1.04229960259433,4.11658481960655,0.297310100801442,2.36649414375211,-1.44702470302582
UKR,2007,Europa,1.216436302201,2.46987881552204,0.291676583747627,3.16032764108371,-3.53046703338623
UKR,2008,Europa,1.53362545890384,3.18036502978026,0.290425374527035,4.01780660721841,-6.79441452026367
UKR,2009,Europa,4.59649548364607,0.851788902866394,0.282465969431313,2.60708765336957,-1.42819356918335
UKR,2010,Europa,3.65045894547293,1.91022666499532,0.285986056847011,3.03963236844188,-2.13583850860596
UKR,2011,Europa,4.26385146516342,1.98072640649069,0.280575633521065,3.65669803783721,-6.04309225082398
UKR,2012,Europa,3.84458691020225,1.77139637232238,0.273891799967258,3.95134240538356,-7.8508472442627
UKR,2013,Europa,4.38880153251031,1.40290377088953,0.267398502642618,4.1298970524064,-8.67092037200928
UKR,2014,Europa,5.42100048792528,1.39192105051155,0.259657762677888,2.90400174760852,-3.44259667396545
UKR,2015,Europa,7.2878627950509,1.80955073245064,0.258923184383032,1.98823139816833,5.5310845375061
UKR,2016,Europa,6.01137115926367,1.44594838311896,0.250593058860146,2.04652241970513,-1.99880313873291
USA,1997,Américas,2.22744520607343,0,0,31.4591389804773,-1.64056122303009
USA,1998,Américas,2.36272926683156,0,0,32.8536769523009,-2.37305903434753
USA,1999,Américas,2.61176100714956,0,0,34.5153902272076,-2.97584772109985
USA,2000,Américas,2.38142492742275,0,0,36.3299560727102,-3.92077732086182
USA,2001,Américas,2.99948789239831,0,0,37.133623113437,-3.72413206100464
USA,2002,Américas,3.1713842447392,0,0,37.9977596573051,-4.17331409454346
USA,2003,Américas,3.67621258030065,0,0,39.4902749557007,-4.55894279479981
USA,2004,Américas,3.77027580577244,0,0,41.7246316287624,-5.20488500595093
USA,2005,Américas,3.8903461981759,0,0,44.1234070679055,-5.7459979057312
USA,2006,Américas,4.26871842067931,0,0,46.3020008800056,-5.91105699539185
USA,2007,Américas,4.43485852316543,0,0,48.0502237771135,-5.08869314193726
USA,2008,Américas,4.9268763618798,0,0,48.5700459804586,-4.71583986282349
USA,2009,Américas,5.66244315782695,0,0,47.1949433547336,-2.6227879524231
USA,2010,Américas,6.64468225599334,0,0,48.6426100179312,-2.87069463729858
USA,2011,Américas,6.82643696904158,0,0,50.024868799398,-2.91865277290344
USA,2012,Américas,7.33781031540906,0,0,51.7084011556577,-2.57279920578003
USA,2013,Américas,8.48534266230069,0,0,53.1790127634561,-2.01127529144287
USA,2014,Américas,8.8264545148198,0,0,54.9734207515713,-2.10161900520325
USA,2015,Américas,9.16436095232332,0,0,56.5729188996063,-2.23259663581848
USA,2016,Américas,9.13207489004011,0,0,57.6381018367192,-2.10698127746582
VEN,1997,Américas,0.150498605226471,51.6777449783307,0.31343865567561,3.71082688355096,4.34774112701416
VEN,1998,Américas,0.069598963273675,44.0341469291471,0.314717794156298,3.86998258848894,-4.85237264633179
VEN,1999,Américas,0.165417830485117,52.6926531207402,0.312916661880392,4.07090619189484,2.15569949150085
VEN,2000,Américas,0.278027640583034,55.7795195755524,0.310924217980427,4.77628167639379,10.1181030273438
VEN,2001,Américas,0.509439665835697,54.644432066015,0.304793543905407,4.92039313600455,1.61336207389832
VEN,2002,Américas,0.471223152292167,56.5144872404801,0.304267561520463,3.65209896501865,8.18032741546631
VEN,2003,Américas,1.55626511848834,54.2226116844302,0.308594477988904,3.22950557082079,14.1065673828125
VEN,2004,Américas,1.71147271276513,65.1190222349147,0.307651724193949,4.26908970872392,13.8006286621094
VEN,2005,Américas,2.03956473124477,60.0887733492522,0.298037195696079,5.43248541846539,17.4877262115479
VEN,2006,Américas,3.74683274235338,55.5888081821215,0.297114334526415,6.73938065342219,14.422474861145
VEN,2007,Américas,4.59950633147677,63.4767841306065,0.291426599870971,8.33162096991844,5.84466314315796
VEN,2008,Américas,5.9129381826176,48.1341794740294,0.290039385289487,11.2624514256759,9.90557479858398
VEN,2009,Américas,7.71933833300395,52.2095731211634,0.28203601285099,11.5966021921731,0.130083709955215
VEN,2010,Américas,9.49870304321893,48.2499878753988,0.28539490854496,13.6463046622664,1.42042434215546
VEN,2011,Américas,12.2787009838842,46.5152965991763,0.279952865898711,10.8439229703167,5.16363954544067
VEN,2012,Américas,13.381716129562,36.5408798645334,0.273244788318661,12.6072361246243,0.6782306432724
VEN,2013,Américas,12.2287575046604,30.504927865979,0.267053613261127,8.65635669723669,1.24095237255096
VEN,2014,Américas,15.8696595350138,43.6313696497929,0.259317839426542,7.09622047105513,1.01977920532227
VEN,2015,Américas,17.483051667943,42.3944687999138,0.258827037982459,4.1031384987005,-12.7950000762939
VEN,2016,Américas,17.736426437263,37.0111673441703,0.250755545472138,3.67015737848209,-3.42700004577637
