pais_iso3,pais_iso2,pais_nome,grupo_unidade,donor_pool,ano,periodo_2009,pos_2009,n_votacoes,n_votos_pais,n_votos_china,n_pares_validos,n_convergentes_china,n_divergentes_china,taxa_convergencia_china,china_principal_destino_paper,donor_nunca_china_principal,abs_distance_china,gpi,abs_distance_usa,perc_trade_with_us,perc_trade_with_china,pci_cur,exachange_rate,distance_us,us_power_gap,hog_left,CA_GDP,latin_america,govdef_GDP,inst_parliamentary,inst_military_exec,us_trade_agreement
ALB,AL,Albania,Donor pool,1,1997,1997-2008,0,88,73,82,70,37,33,0.5285714285714286,0,1,2.357372,-0.1159224311767059,1.8586630000000002,-0.27937344327583463,-0.35992996725897497,-0.3558416230520358,-0.06026123000907139,-0.0163254759487076,0.4153220187958562,1,-0.555586831054343,FALSE,-0.652495884872635,1,0,0
ALB,AL,Albania,Donor pool,1,1998,1997-2008,0,84,72,78,68,36,32,0.5294117647058824,0,1,1.6150521,-0.11587560533026345,1.6238500000000002,-0.27361255559217307,-0.3598567267293705,-0.3528257019857309,-0.059255505790785916,-0.0163254759487076,0.43176405499799686,1,-0.041847399634042506,FALSE,-0.4433665743922211,1,0,0
ALB,AL,Albania,Donor pool,1,1999,1997-2008,0,94,71,89,66,31,35,0.4696969696969697,0,1,1.7112534,-0.11576918718723742,1.636523,-0.3212908724371107,-0.35992996725897497,-0.34620878169803976,-0.06691059255945203,-0.0163254759487076,0.40489064573855704,1,-0.16528777772290543,FALSE,-0.5986326801877053,1,0,0
ALB,AL,Albania,Donor pool,1,2000,1997-2008,0,77,44,76,43,15,28,0.3488372093023256,0,1,2.0868816,-0.11572482373517588,1.313236,-0.3505758661280818,-0.35983331409183006,-0.3431503726368642,-0.06335070834529262,-0.0163254759487076,0.3795824785756729,1,-0.14651826600570805,FALSE,-0.5059995007150728,1,0,0
ALB,AL,Albania,Donor pool,1,2001,1997-2008,0,85,54,83,53,23,30,0.4339622641509434,0,1,1.9600293,-0.11564419013381569,1.265806,-0.3605092896512351,-0.3598687793290481,-0.3382723460311755,-0.06348353984582135,-0.0163254759487076,0.29598291955371503,1,-0.20342275774726712,FALSE,-0.4250143151550039,1,0,0
ALB,AL,Albania,Donor pool,1,2002,1997-2008,0,105,94,101,91,40,51,0.43956043956043955,0,1,1.6693605999999999,-0.11564454098458006,1.582243,-0.36495372961338046,-0.3562361869379104,-0.33376381614279355,-0.06545328113810797,-0.0163254759487076,0.2843813710828332,1,-0.4105612359340005,FALSE,-0.4097795302064698,1,0,0
ALB,AL,Albania,Donor pool,1,2003,1997-2008,0,91,89,89,87,43,44,0.4942528735632184,0,1,2.2254742,-0.11561119429131107,1.630219,-0.3839820311260859,-0.3087607661385797,-0.3211611594281233,-0.07627178782191678,-0.0163254759487076,0.33977478514127746,1,-0.29573969883671636,FALSE,-0.06333318704120271,1,0,0
ALB,AL,Albania,Donor pool,1,2004,1997-2008,0,90,80,88,78,34,44,0.4358974358974359,0,1,2.06137,-0.11559296633999368,1.584797,-0.3539674332887536,-0.18925218766921093,-0.3053450900123684,-0.08755868918886031,-0.0163254759487076,0.33083656581245846,1,-0.17306913025025314,FALSE,-0.08953481224791364,1,0,0
ALB,AL,Albania,Donor pool,1,2005,1997-2008,0,99,82,97,80,30,50,0.375,0,1,2.2595504,-0.11563776540424647,1.35985,-0.2527933912585432,-0.1893572033601619,-0.2966816302663789,-0.089279710326917755,-0.0163254759487076,0.200400702569512,0,-0.28749503945289945,FALSE,-0.13227710595935382,1,0,0
ALB,AL,Albania,Donor pool,1,2006,1997-2008,0,111,110,108,107,61,46,0.5700934579439252,0,1,1.9227010999999998,-0.1155844331911891,1.7420180000000003,-0.3226369884780194,-0.08091504025261823,-0.28739402278917403,-0.09032474323933647,-0.0163254759487076,0.1875525137150277,0,-0.311529247058068,FALSE,-0.11542240994439293,1,0,0
ALB,AL,Albania,Donor pool,1,2007,1997-2008,0,94,80,93,79,46,33,0.5822784810126582,0,1,1.4648910000000002,-0.11546267560517143,1.907871,-0.37731676676218684,0.6222887659268596,-0.2672560296551985,-0.09486446550456352,-0.0163254759487076,0.11228185828839995,0,-0.4865940616934416,FALSE,-0.10813905765101947,1,0,0
ALB,AL,Albania,Donor pool,1,2008,1997-2008,0,99,98,97,96,54,42,0.5625,0,1,1.6480481,-0.11513494936275637,1.7553109999999998,-0.3920248554649858,0.32013104552343835,-0.24505608561380576,-0.09872862882164314,-0.0163254759487076,0.09550681816473354,0,-0.7489553744908657,FALSE,-0.2558392999849317,1,0,0
ALB,AL,Albania,Donor pool,1,2009,2009-2016,1,84,83,83,82,51,31,0.6219512195121951,0,1,1.3650029,-0.11486940833077892,1.8184474000000002,-0.3953519400322909,-0.07325544750806022,-0.25342694278559375,-0.09217320014247013,-0.0163254759487076,-0.01775460165628462,0,-0.7355386909072864,FALSE,-0.4032986054602868,1,0,0
ALB,AL,Albania,Donor pool,1,2010,2009-2016,1,88,87,87,86,47,39,0.5465116279069767,0,1,1.7871679,-0.11511417723853068,1.5963778,-0.3545644077744162,1.011536524855334,-0.25532252364942887,-0.08687460027540522,-0.0163254759487076,0.03012701708153909,0,-0.5183864087674029,FALSE,-0.13767674755537715,1,0,0
ALB,AL,Albania,Donor pool,1,2011,2009-2016,1,99,96,96,94,53,41,0.5638297872340425,0,1,1.774966,-0.11523929674971413,1.4670649999999998,-0.373745502805396,0.7434939988099443,-0.2460198339240817,-0.08867312400612118,-0.0163254759487076,-0.04393644094529497,0,-0.6031587447344774,FALSE,-0.17639273563398794,1,0,0
ALB,AL,Albania,Donor pool,1,2012,2009-2016,1,92,92,90,90,46,44,0.5111111111111111,0,1,1.8236333,-0.11525340659999543,1.5882924000000003,-0.38303959518741787,0.695628716467386,-0.25144973498441514,-0.08436238447506068,-0.0163254759487076,-0.13439510858549664,0,-0.4553338610907084,FALSE,-0.168323250940124,1,0,0
ALB,AL,Albania,Donor pool,1,2013,2009-2016,1,61,60,61,60,29,31,0.48333333333333334,0,1,1.4771241,-0.1151600768246732,1.6826847,-0.3847784416945242,1.0169248155449377,-0.24375061919611732,-0.08584990012847246,-0.0163254759487076,-0.22477508815997596,1,-0.4052468383084345,FALSE,-0.2957160642677556,1,0,0
ALB,AL,Albania,Donor pool,1,2014,2009-2016,1,80,80,78,78,39,39,0.5,0,1,1.7675024000000001,-0.11518058668355653,1.726573,-0.3381368817306185,0.8405216523863231,-0.23638437482283534,-0.08596178417529984,-0.0163254759487076,-0.3328773550951914,1,-0.48644787100912007,FALSE,-0.14696427897537934,1,0,0
ALB,AL,Albania,Donor pool,1,2015,2009-2016,1,78,75,77,74,36,38,0.4864864864864865,0,1,1.2033079,-0.11543837405982807,1.5835493,-0.20459331747777587,0.6408009181619937,-0.2538416127192393,-0.07384774847962218,-0.0163254759487076,-0.3450157220496698,1,-0.36904375218616337,FALSE,-0.08044930760233342,1,0,0
ALB,AL,Albania,Donor pool,1,2016,2009-2016,1,114,113,113,112,55,57,0.49107142857142855,0,1,1.4833669,-0.11543775278236065,1.4983069999999998,-0.26517819634673634,0.5602935228647327,-0.2462571297364177,-0.07492370827796496,-0.0163254759487076,-0.4579050086677283,1,-0.31419320345011925,FALSE,-0.06390826734520799,1,0,0
ARE,AE,United Arab Emirates,Donor pool,1,1997,1997-2008,0,88,83,82,80,65,15,0.8125,0,1,0.41896100000000003,-0.05161056723470366,3.7970740000000003,-0.35771747157253675,-0.31289425203208293,0.44506270462563635,-0.1461774085167483,0.5027645453569757,0.36096769533642953,0,0.7054545277486776,FALSE,0.19666851813800623,0,0,0
ARE,AE,United Arab Emirates,Donor pool,1,1998,1997-2008,0,84,79,78,75,61,14,0.8133333333333334,0,1,0.34299949999999996,-0.04800791878160187,3.5819016,-0.335804110617017,-0.2400029107325237,0.35415972874187784,-0.14617659526266338,0.5027645453569757,0.37440446438753655,0,0.30967545161888443,FALSE,0.16994612236081666,0,0,0
ARE,AE,United Arab Emirates,Donor pool,1,1999,1997-2008,0,94,90,89,85,69,16,0.8117647058823529,0,1,0.04311330000000002,-0.04819411643936678,3.3046631,-0.3419543064775964,-0.23225693718559076,0.38255973372690893,-0.14617659526266338,0.5027645453569757,0.34777836461208056,0,0.4451717637988366,FALSE,0.1723934293756066,0,0,0
ARE,AE,United Arab Emirates,Donor pool,1,2000,1997-2008,0,77,72,76,71,62,9,0.8732394366197183,0,1,0.11587380000000003,-0.03737725999307403,3.2842438,-0.34836875754104263,-0.1766565221994714,0.5003886772044865,-0.14617659526266338,0.5027645453569757,0.3133656320893599,0,0.9784484530557517,FALSE,1.0907014113843123,0,0,0
ARE,AE,United Arab Emirates,Donor pool,1,2001,1997-2008,0,85,70,83,70,64,6,0.9142857142857143,0,1,0.1511576,-0.04078403641254627,3.3769929000000003,-0.3290968904388048,-0.15729859026225426,0.43807976413959326,-0.14617659526266338,0.5027645453569757,0.23271352009644372,0,0.5871048120893421,FALSE,0.2716627795894456,0,0,0
ARE,AE,United Arab Emirates,Donor pool,1,2002,1997-2008,0,105,101,101,98,85,13,0.8673469387755102,0,1,0.5962554,-0.04640870127098218,3.8478589999999997,-0.3443892610769869,-0.15325429768681767,0.43832773081987497,-0.14617659526266338,0.5027645453569757,0.22586546132516053,0,0.27576079908196394,FALSE,0.06002502850987319,0,0,0
ARE,AE,United Arab Emirates,Donor pool,1,2003,1997-2008,0,91,89,89,87,78,9,0.896551724137931,0,1,0.18800280000000003,-0.04377238433110821,4.043696000000001,-0.3489221063084716,-0.09633909833815485,0.4943362690111216,-0.14617659526266338,0.5027645453569757,0.27905892846763963,0,0.40920168519988237,FALSE,0.3709592386850511,0,0,0
ARE,AE,United Arab Emirates,Donor pool,1,2004,1997-2008,0,90,88,88,86,78,8,0.9069767441860465,0,1,0.23845699999999992,-0.0399524516842907,3.8846239999999996,-0.3653666802628967,-0.031107071889545975,0.6035705873414151,-0.14617659526266338,0.5027645453569757,0.2669076303373299,0,0.4441981307461809,FALSE,0.7216677230727125,0,0,0
ARE,AE,United Arab Emirates,Donor pool,1,2005,1997-2008,0,99,98,97,96,83,13,0.8645833333333334,0,1,0.225159,-0.040283279637629316,3.8445594,-0.3709798910532786,0.00876461389182474,0.7605703327927713,-0.14617659526266338,0.5027645453569757,0.13671350953198555,0,0.8084966240745491,FALSE,1.5521321337853164,0,0,0
ARE,AE,United Arab Emirates,Donor pool,1,2006,1997-2008,0,111,111,108,108,92,16,0.8518518518518519,0,1,0.10782460000000005,-0.03754342953707141,3.5568945000000003,-0.37579161099800823,0.07534900445757951,0.9258186177054789,-0.14617659526266338,0.5027645453569757,0.12159476197672396,0,1.0329715944970221,FALSE,1.9127402192604068,0,0,0
ARE,AE,United Arab Emirates,Donor pool,1,2007,1997-2008,0,94,94,93,93,80,13,0.8602150537634409,0,1,0.05092959999999991,-0.026089413282402017,3.4236916,-0.3843944108938563,0.023066789724625135,0.9702546083402579,-0.14617659526266338,0.5027645453569757,0.03674644520665713,0,0.5091606488807752,FALSE,1.6507790278537564,0,0,0
ARE,AE,United Arab Emirates,Donor pool,1,2008,1997-2008,0,99,99,97,97,76,21,0.7835051546391752,0,1,0.18925230000000004,-0.032388948048206724,3.5926114,-0.3919971669142272,0.056552750969979616,1.0936609646790716,-0.14617659526266338,0.5027645453569757,0.025572553400130284,0,0.4782209690321111,FALSE,1.6951310713994607,0,0,0
ARE,AE,United Arab Emirates,Donor pool,1,2009,2009-2016,1,84,83,83,82,67,15,0.8170731707317073,0,1,0.3604589,-0.003993151236828441,3.5439092000000003,-0.37611588919688405,0.02802737584768193,0.7336451175112167,-0.14617659526266338,0.5027645453569757,-0.11146365582846612,0,0.2638068347986491,FALSE,-0.36346479923213454,0,0,0
ARE,AE,United Arab Emirates,Donor pool,1,2010,2009-2016,1,88,88,87,87,80,7,0.9195402298850575,0,1,0.09658649999999991,-0.016580181561585285,3.4801322,-0.3936205974738625,0.054352707116965326,0.9391215505019842,-0.14617659526266338,0.5027645453569757,-0.0531507538380585,0,0.31616629994815804,FALSE,0.2133103187841841,0,0,0
ARE,AE,United Arab Emirates,Donor pool,1,2011,2009-2016,1,99,97,96,95,72,23,0.7578947368421053,0,1,0.06652289999999994,-0.016564792621365558,3.1755081,-0.38574579825757177,0.23540727225528826,1.1485469581956946,-0.14617659526266338,0.5027645453569757,-0.1273329650987164,0,0.7487268155541185,FALSE,0.15823130046910727,0,0,0
ARE,AE,United Arab Emirates,Donor pool,1,2012,2009-2016,1,92,92,90,90,71,19,0.7888888888888889,0,1,0.19804929999999998,-0.008861193067093959,3.6099750000000004,-0.3925802463939182,0.25249066302376816,1.1843897844369982,-0.14617659526266338,0.5027645453569757,-0.22431439304515352,0,1.1244383702130407,FALSE,0.13942127462502343,0,0,0
ARE,AE,United Arab Emirates,Donor pool,1,2013,2009-2016,1,61,61,61,61,52,9,0.8524590163934426,0,1,0.3773546,0.10084793306405898,3.5371634,-0.3907805646590878,0.4423435598755482,1.1874938263628558,-0.14617659526266338,0.5027645453569757,-0.40733812582760265,0,0.372999218092506,FALSE,0.18118422666369843,0,0,0
ARE,AE,United Arab Emirates,Donor pool,1,2014,2009-2016,1,80,79,78,77,68,9,0.8831168831168831,0,1,0.003975599999999968,0.012566112220329311,3.4900998,-0.38467672495198707,0.6050120658314277,1.1721539748570473,-0.14617659526266338,0.5027645453569757,-0.4408447652663162,0,-0.18479974622183865,FALSE,0.1519441542410556,0,0,0
ARE,AE,United Arab Emirates,Donor pool,1,2015,2009-2016,1,78,78,77,77,60,17,0.7792207792207793,0,1,0.5528464,0.05326995896199673,3.3397036,-0.3813883335444746,0.6317048886035725,0.9425021640041853,-0.14617659526266338,0.5027645453569757,-0.4876025908059322,0,0.3612941106930437,FALSE,0.15873834685759125,0,0,0
ARE,AE,United Arab Emirates,Donor pool,1,2016,2009-2016,1,114,113,113,112,78,34,0.6964285714285714,0,1,0.34669530000000004,0.046832963511599886,3.3283692,-0.36847195864817583,0.649563198677801,0.8781684244950203,-0.14617659526266338,0.5027645453569757,-0.5950510103664018,0,0.2962470712330222,FALSE,0.1661451902466991,0,0,0
ARG,AR,Argentina,Donor pool,1,1997,1997-2008,0,88,88,82,82,51,31,0.6219512195121951,0,1,1.7713736,-0.025257110682029852,2.4446614,-0.19825227527699904,0.07196240672771446,-0.13784620057463937,-0.1477575612036454,0.06740408644951894,0.33869459961291337,0,-0.11008592513791968,TRUE,0.18156208457667983,0,0,0
ARG,AR,Argentina,Donor pool,1,1998,1997-2008,0,84,84,78,78,55,23,0.7051282051282052,0,1,0.7773186000000001,-0.024096760074430193,2.4615835,-0.20532857060247628,0.07826116585185455,-0.13572435467654417,-0.1477575612036454,0.06740408644951894,0.35419552042299296,0,-0.14506417422553985,TRUE,0.18253274686363932,0,0,0
ARG,AR,Argentina,Donor pool,1,1999,1997-2008,0,94,94,89,89,61,28,0.6853932584269663,0,1,1.0551301,-0.02754570318394607,2.2926463,-0.13925075350059254,0.053623162728275824,-0.1508127801418291,-0.1477575612036454,0.06740408644951894,0.33032698839289354,0,-0.1131746031246643,TRUE,0.11734586092600588,0,0,0
ARG,AR,Argentina,Donor pool,1,2000,1997-2008,0,77,77,76,76,52,24,0.6842105263157895,0,1,1.0540929,-0.032352149530632625,2.3460247,-0.11676367702674227,0.16076043750676292,-0.1528265711575107,-0.1477575612036454,0.06740408644951894,0.3091185699961013,0,-0.06081124333977558,TRUE,0.10866279373899168,0,0,0
ARG,AR,Argentina,Donor pool,1,2001,1997-2008,0,85,84,83,83,59,24,0.7108433734939759,0,1,0.9048229,-0.03687632830274077,2.3210124,-0.13548562853818372,0.3402141309312734,-0.16738870293772617,-0.1477575612036454,0.06740408644951894,0.2294108506111226,1,0.026216402467706068,TRUE,0.09760576221891533,0,0,0
ARG,AR,Argentina,Donor pool,1,2002,1997-2008,0,105,105,101,101,63,38,0.6237623762376238,0,1,0.8767494,-0.048414604668110685,2.3748542,-0.09829287398032927,0.3194595626522965,-0.3017367298322794,-0.14653693681139904,0.06740408644951894,0.22756078650146422,1,0.5514734378069917,TRUE,-0.14124063451315974,0,0,0
ARG,AR,Argentina,Donor pool,1,2003,1997-2008,0,91,91,89,89,63,26,0.7078651685393258,0,1,1.236554,-0.04373386698358918,2.6191392000000002,-0.13897255600938221,0.9207648731185982,-0.27967406296858016,-0.14663312406862575,0.06740408644951894,0.27902637484164433,1,0.40975673522221806,TRUE,0.029132559282765036,0,0,0
ARG,AR,Argentina,Donor pool,1,2004,1997-2008,0,90,90,88,88,65,23,0.7386363636363636,0,1,1.0073837,-0.04023490795324379,2.6387833,-0.14712281280782613,0.8963226114188114,-0.2525932236932945,-0.1466197147495042,0.06740408644951894,0.2671463533110513,1,0.19617111373701251,TRUE,0.15119057986379175,0,0,0
ARG,AR,Argentina,Donor pool,1,2005,1997-2008,0,99,99,97,97,72,25,0.7422680412371134,0,1,0.8870492000000001,-0.04638348537624419,2.7323512,-0.11001511015118849,0.9129120065499255,-0.22833085787821775,-0.146631332938114,0.06740408644951894,0.14186920764990604,1,0.2331552805912262,TRUE,0.4566324491431794,0,0,0
ARG,AR,Argentina,Donor pool,1,2006,1997-2008,0,111,111,108,108,89,19,0.8240740740740741,0,1,0.9492302,-0.04506540865104543,2.7154889000000004,-0.16367470295980244,0.7227775756170313,-0.20477099059283993,-0.1465422264131195,0.06740408644951894,0.12795209732288487,1,0.25081834187240276,TRUE,0.31018900872270894,0,0,0
ARG,AR,Argentina,Donor pool,1,2007,1997-2008,0,94,94,93,93,76,17,0.8172043010752689,0,1,0.66791789,-0.04354587797494143,2.7048441100000002,-0.18760737368163352,1.1373754429523866,-0.1661022698889556,-0.14651777821156764,0.06740408644951894,0.05150008893889361,1,0.21271319062828417,TRUE,0.2328249496629814,0,0,0
ARG,AR,Argentina,Donor pool,1,2008,1997-2008,0,99,99,97,97,74,23,0.7628865979381443,0,1,0.72181585,-0.04124155123650822,2.68154325,-0.1933293712245731,1.3601529153344571,-0.11441574222048907,-0.14648908322982998,0.06740408644951894,0.03305448951053201,1,0.17661745200568593,TRUE,0.19774185508069722,0,0,0
ARG,AR,Argentina,Donor pool,1,2009,2009-2016,1,84,83,83,82,69,13,0.8414634146341463,0,1,0.57589676,-0.04257083965354778,2.60755354,-0.2069569278922712,0.6715111047490133,-0.13774487126593782,-0.14615435242008742,0.06740408644951894,-0.07885903164263484,1,0.21352536396254665,TRUE,0.00872551096075911,0,0,0
ARG,AR,Argentina,Donor pool,1,2010,2009-2016,1,88,88,87,87,71,16,0.8160919540229885,0,1,0.8889605700000001,-0.038240975867902656,2.49458513,-0.2217242570464229,1.0863785837010311,-0.07574261992383936,-0.14604422993644767,0.06740408644951894,-0.03484374564474294,1,0.07276938861467948,TRUE,0.04654491487138721,0,0,0
ARG,AR,Argentina,Donor pool,1,2011,2009-2016,1,99,98,96,96,79,17,0.8229166666666666,0,1,0.69381446,-0.03862042620884506,2.54821654,-0.23281724920536725,0.7335600440990288,-0.003917792671283823,-0.1459177500458961,0.06740408644951894,-0.1086922514164393,1,0.04085756199391436,TRUE,-0.07058830680537613,0,0,0
ARG,AR,Argentina,Donor pool,1,2012,2009-2016,1,92,92,90,90,69,21,0.7666666666666667,0,1,0.75393945,-0.03654206220491415,2.65798625,-0.2371350477260539,0.7774286246754047,0.0032946382516976284,-0.14566531906301097,0.06740408644951894,-0.2009194108049872,1,0.07687646700471372,TRUE,-0.09418547603015529,0,0,0
ARG,AR,Argentina,Donor pool,1,2013,2009-2016,1,61,61,61,61,51,10,0.8360655737704918,0,1,0.35965339999999996,-0.03854870350451787,2.8001554,-0.23077532907530915,0.7596049594327207,0.0037048220626120496,-0.14511974782369008,0.06740408644951894,-0.2895245622207791,1,-0.025995769377200023,TRUE,-0.1146092015777128,0,0,0
ARG,AR,Argentina,Donor pool,1,2014,2009-2016,1,80,80,78,78,65,13,0.8333333333333334,0,1,0.6889566,-0.04201284148978495,2.8051188,-0.21998866884848586,0.7030718206157306,-0.01776286554516646,-0.14357254030927358,0.06740408644951894,-0.39471638517906,1,0.0043779051751048495,TRUE,-0.1963192630045434,0,0,0
ARG,AR,Argentina,Donor pool,1,2015,2009-2016,1,78,78,77,77,60,17,0.7792207792207793,0,1,0.06657849999999998,-0.04053680848240308,2.7202786999999997,-0.1956209716628869,0.9752952891715136,0.024744037233744094,-0.14288768601346752,0.06740408644951894,-0.4083201214787441,0,-0.05464009041137796,TRUE,-0.2180116762157655,0,0,0
ARG,AR,Argentina,Donor pool,1,2016,2009-2016,1,114,114,113,113,78,35,0.6902654867256637,0,1,0.32663580000000003,-0.046804652364305935,2.6550381,-0.1665781804431103,0.8379782091744494,-0.00404476743712837,-0.13961988940936138,0.06740408644951894,-0.515911502516367,0,-0.05142223175377515,TRUE,-0.5040997220530427,0,0,0
AUT,AT,Austria,Donor pool,1,1997,1997-2008,0,88,88,82,82,41,41,0.5,0,1,2.49304,-0.0435430055774702,1.722995,-0.28835198865126277,-0.27920720870881893,0.403597219015311,-0.14113043104842032,-0.10915763663082231,0.35414925113394813,1,-0.0647631891818908,FALSE,-0.11167392726898781,1,0,0
AUT,AT,Austria,Donor pool,1,1998,1997-2008,0,84,84,78,78,41,37,0.5256410256410257,0,1,1.5675521000000001,-0.04282235913678508,1.6713500000000001,-0.2876044488870839,-0.2788927041119468,0.4224254367233988,-0.1410270319525453,-0.10915763663082231,0.3700217957945891,1,-0.01071131151771637,FALSE,-0.09392122203519218,1,0,0
AUT,AT,Austria,Donor pool,1,1999,1997-2008,0,94,94,89,89,40,49,0.449438202247191,0,1,1.6969143999999998,-0.04217715119264161,1.650862,-0.2767100340638332,-0.23169472017520332,0.4184948254557422,-0.14779376841559996,-0.10915763663082231,0.34269301868648916,1,-0.012528507118258255,FALSE,-0.05192313531511586,1,0,0
AUT,AT,Austria,Donor pool,1,2000,1997-2008,0,77,76,76,75,40,35,0.5333333333333333,0,1,1.7914166,-0.0434010746908138,1.6087010000000002,-0.24851534379266915,-0.21905337103167796,0.34234259140854206,-0.1477083489329035,-0.10915763663082231,0.3184567669511311,0,0.04903717000516694,FALSE,-0.016089426175861152,1,0,0
AUT,AT,Austria,Donor pool,1,2001,1997-2008,0,85,84,83,83,45,38,0.54216867469879515,0,1,1.6044342999999999,-0.042656942073954485,1.621401,-0.24642085511064576,-0.20739865195000418,0.34067340016466446,-0.14768834110548895,-0.10915763663082231,0.23429643985477927,0,0.04348686967203644,FALSE,0.09261045298603307,1,0,0
AUT,AT,Austria,Donor pool,1,2002,1997-2008,0,105,105,101,101,52,49,0.5148514851485149,0,1,1.4404555000000001,-0.043205951081687906,1.8111481,-0.2641442440068091,-0.17836685178099942,0.3966358701190187,-0.14772322177393252,-0.10915763663082231,0.22315859965021978,0,0.26984442236735035,FALSE,0.05501934118926378,1,0,0
AUT,AT,Austria,Donor pool,1,2003,1997-2008,0,91,91,89,89,51,38,0.5730337078651685,0,1,1.8838907,-0.04444043698609647,1.9718025000000001,-0.2740232287970588,-0.17806181054404738,0.5663497933455686,-0.14782584619988048,-0.10915763663082231,0.2796235451319913,0,0.20520185755650486,FALSE,0.020884674744548515,1,0,0
AUT,AT,Austria,Donor pool,1,2004,1997-2008,0,90,90,88,88,49,39,0.5568181818181818,0,1,1.7645871,-0.04667158201578565,1.8815798999999997,-0.2769377613665128,-0.1849767590076873,0.6987101019057406,-0.1478732374901042,-0.10915763663082231,0.2725864236581619,0,0.23813299859474021,FALSE,-0.23047256870134572,1,0,0
AUT,AT,Austria,Donor pool,1,2005,1997-2008,0,99,99,97,97,54,43,0.5567010309278351,0,1,1.6991684,-0.0040308836100330135,1.920232,-0.26538662870891244,-0.16429862876201892,0.7440568327005361,-0.14787330932592352,-0.10915763663082231,0.10607414784842113,0,0.23421302229271257,FALSE,-0.043203373068660414,1,0,0
AUT,AT,Austria,Donor pool,1,2006,1997-2008,0,111,111,108,108,64,44,0.5925925925925926,0,1,1.7091707999999999,-0.043749949942534165,1.9555483000000002,-0.26512813613508884,-0.14441200342548985,0.8094368028490972,-0.14787766686623338,-0.10915763663082231,0.12684031383913416,0,0.2745489613601037,FALSE,-0.022003841576062326,1,0,0
AUT,AT,Austria,Donor pool,1,2007,1997-2008,0,94,94,93,93,59,34,0.6344086021505376,0,1,1.3710113000000002,-0.027445578665285596,2.0017507,-0.2564767269582812,-0.1440063938203056,0.992830116667061,-0.1479171527657711,-0.10915763663082231,0.03789263266519869,1,0.3022388774917957,FALSE,0.07249784805149806,1,0,0
AUT,AT,Austria,Donor pool,1,2008,1997-2008,0,99,99,97,97,54,43,0.5567010309278351,0,1,1.4494457,-0.04740673599330509,1.9539133999999998,-0.28809122575483675,-0.0921666619906428,1.1385407042041293,-0.1479465776115626,-0.10915763663082231,0.03826510580926463,1,0.33933074004156055,FALSE,0.0506988658200329,1,0,0
AUT,AT,Austria,Donor pool,1,2009,2009-2016,1,84,84,83,83,49,34,0.5903614457831325,0,1,1.4869694,-0.04627828099131293,1.6964809,-0.2941790392625472,-0.0020659709430523574,1.02910711081533,-0.1479246729694513,-0.10915763663082231,-0.07572562120593129,1,0.23689691612283376,FALSE,-0.20310370292931007,1,0,0
AUT,AT,Austria,Donor pool,1,2010,2009-2016,1,88,88,87,87,52,35,0.5977011494252874,0,1,1.5959738,-0.05565781257064615,1.7875719,-0.2915335065975637,0.043771752507886647,0.9924826827354719,-0.14790258126936834,-0.10915763663082231,-0.020123594217710795,1,0.25100109312394825,FALSE,-0.11583003644682253,1,0,0
AUT,AT,Austria,Donor pool,1,2011,2009-2016,1,99,98,96,96,57,39,0.59375,0,1,1.5574952,-0.04901774776273526,1.6845358,-0.29845868344413606,-0.03134613101639926,1.124890636142261,-0.1479238116910051,-0.10915763663082231,-0.09990476891769745,1,0.18460779943688987,FALSE,-0.024013349153703206,1,0,0
AUT,AT,Austria,Donor pool,1,2012,2009-2016,1,92,92,90,90,50,40,0.5555555555555556,0,1,1.562272,-0.055705395286559774,1.8496537000000002,-0.2732833012238218,0.04072908231663969,1.040654827749115,-0.14788836905963662,-0.10915763663082231,-0.184723176688373,1,0.17659447107771656,FALSE,-0.01866833450700987,1,0,0
AUT,AT,Austria,Donor pool,1,2013,2009-2016,1,61,61,61,61,33,28,0.5409836065573771,0,1,1.2615191000000001,-0.060575223520759405,1.8982896999999999,-0.27542904187086664,0.036774522337145815,1.1010423734217982,-0.1479033879389956,-0.10915763663082231,-0.27090845439457695,1,0.2015507400571179,FALSE,-0.009329749091263339,1,0,0
AUT,AT,Austria,Donor pool,1,2014,2009-2016,1,80,80,78,78,41,37,0.5256410256410257,0,1,1.6715819,-0.06087408378275173,1.8224935,-0.26615996067963793,0.10205262610924842,1.1307114036528056,-0.14790351624137238,-0.10915763663082231,-0.3787754685021141,1,0.23013691237961573,FALSE,-0.011738002419646903,1,0,0
AUT,AT,Austria,Donor pool,1,2015,2009-2016,1,78,77,77,76,34,42,0.4473684210526316,0,1,0.8916026,-0.06168902848746369,1.8952546,-0.24159378375024929,0.08860604198643565,0.9132595513019833,-0.14781564444716924,-0.10915763663082231,-0.3904429439633043,1,0.18971580073154345,FALSE,0.11002243682225905,1,0,0
AUT,AT,Austria,Donor pool,1,2016,2009-2016,1,114,113,113,112,57,55,0.5089285714285714,0,1,1.1480815,-0.059586430282603894,1.8335924,-0.24503349606052355,0.0952295050838292,0.9469443415927632,-0.14781438759232315,-0.10915763663082231,-0.5051087540221816,1,0.24376862626227555,FALSE,0.0675457034023964,1,0,0
AZE,AZ,Azerbaijan,Donor pool,1,1997,1997-2008,0,88,76,82,73,52,21,0.7123287671232876,0,1,1.4153916,-0.1129562730195745,2.8006434000000002,-0.39017312719881475,-0.029621092334853393,-0.3623956520947648,-0.14787728699137576,0.26265620013744784,0.41281511711361074,0,-1.153703163989235,FALSE,0.0852318339779065,0,0,0
AZE,AZ,Azerbaijan,Donor pool,1,1998,1997-2008,0,84,77,78,71,56,15,0.7887323943661971,0,1,0.487049,-0.11261170773422666,2.7518531000000004,-0.3367534776313117,-0.3513303287130759,-0.360738535196238,-0.1478910533503902,0.26265620013744784,0.42900551349726507,0,-1.5635509656212716,FALSE,0.3085535150350082,0,0,0
AZE,AZ,Azerbaijan,Donor pool,1,1999,1997-2008,0,94,78,89,73,55,18,0.7534246575342466,0,1,0.8889743,-0.11221545771613023,2.4588021,-0.3271138894239852,-0.35522993780872486,-0.36038628860902133,-0.1478613422824997,0.26265620013744784,0.40188714763851696,0,-0.6116661759411361,FALSE,0.07778764714090075,0,0,0
AZE,AZ,Azerbaijan,Donor pool,1,2000,1997-2008,0,77,73,76,72,56,16,0.7777777777777778,0,1,0.7701882900000001,-0.11210709728419747,2.62992931,-0.3768894649762699,-0.3206611436074384,-0.35800000349683925,-0.1478194686182799,0.26265620013744784,0.37652489228208463,0,-0.07571659326462628,FALSE,0.17978931099022805,0,0,0
AZE,AZ,Azerbaijan,Donor pool,1,2001,1997-2008,0,85,71,83,71,61,10,0.8591549295774648,0,1,0.57028799,-0.11173988239742595,2.65554731,-0.3369252314885204,-0.3280729370426637,-0.35657259582529993,-0.14779788874862954,0.26265620013744784,0.2926831239548779,0,0.04734966124912118,FALSE,2.052553817120651,0,0,0
AZE,AZ,Azerbaijan,Donor pool,1,2002,1997-2008,0,105,101,101,98,74,24,0.7551020408163265,0,1,0.501331918,-0.11143608196153586,2.750271682,-0.2669681838505979,-0.3500210473252348,-0.3548259299466454,-0.14777372918773382,0.26265620013744784,0.28082451657756463,0,-0.5700713153314492,FALSE,1.8471705316192453,0,0,0
AZE,AZ,Azerbaijan,Donor pool,1,2003,1997-2008,0,91,85,89,83,72,11,0.8674698795180723,0,1,0.86151765,-0.11117841912914739,2.99417555,-0.27598319113857267,-0.15773918299198422,-0.35128240940395944,-0.14776782535738267,0.26265620013744784,0.33602834583414676,0,-1.4058359778341631,FALSE,0.3062524399877392,0,0,0
AZE,AZ,Azerbaijan,Donor pool,1,2004,1997-2008,0,90,83,88,81,72,9,0.8888888888888888,0,1,0.7366353400000001,-0.11088662812726086,2.90953166,-0.3251453176849342,-0.18770794702232121,-0.34654176426091626,-0.14776750035147748,0.26265620013744784,0.32685891979437687,0,-1.5170231237303635,FALSE,0.3215686903433176,0,0,0
AZE,AZ,Azerbaijan,Donor pool,1,2005,1997-2008,0,99,94,97,93,78,15,0.8387096774193549,0,1,0.5189741,-0.10822909323010298,3.1004263,-0.3494816561410501,-0.29471391435994,-0.3308684185742375,-0.1477895466346676,0.26265620013744784,0.19413913061256452,0,0.1647236611286029,FALSE,0.4046746613649556,0,0,0
AZE,AZ,Azerbaijan,Donor pool,1,2006,1997-2008,0,111,98,108,97,85,12,0.8762886597938144,0,1,0.6743752000000001,-0.1063558659797079,2.9903439,-0.2170814608566922,-0.3282099223425596,-0.30457964015239264,-0.1478202882305331,0.26265620013744784,0.17975282487795313,0,1.0521989193134973,FALSE,0.22468142944676936,0,0,0
AZE,AZ,Azerbaijan,Donor pool,1,2007,1997-2008,0,94,82,93,81,72,9,0.8888888888888888,0,1,0.4623938000000001,-0.10423784225033726,2.9103682,-0.10446157525049779,-0.3575713833355995,-0.26407422140129116,-0.14784117921488085,0.26265620013744784,0.1027949893726267,0,1.572473407043475,FALSE,0.3697034177848771,0,0,0
AZE,AZ,Azerbaijan,Donor pool,1,2008,1997-2008,0,99,96,97,94,81,13,0.8617021276595744,0,1,0.29017540000000003,-0.10226732062612043,3.1131837,-0.05801001711927664,-0.30519495520134854,-0.21343739836373704,-0.1478627699157295,0.26265620013744784,0.08463151131407758,0,1.9181256499955723,FALSE,1.8607150410339168,0,0,0
AZE,AZ,Azerbaijan,Donor pool,1,2009,2009-2016,1,84,76,83,75,67,8,0.8933333333333333,0,1,0.398731,-0.1019640937326007,2.7847193000000003,-0.15600894535254706,-0.2559489346580029,-0.23177652898001877,-0.14787331929720413,0.26265620013744784,-0.02866175938767298,0,1.338963037293655,FALSE,0.8576650347510677,0,0,0
AZE,AZ,Azerbaijan,Donor pool,1,2010,2009-2016,1,88,84,87,83,71,12,0.8554216867469879,0,1,0.6367126000000001,-0.103428556705114,2.7468331,-0.21192581209391761,-0.30757598430822464,-0.20553052683627876,-0.14787398961572257,0.26265620013744784,0.020250705630353593,0,1.6340144235162215,FALSE,1.5060015441645638,0,0,0
AZE,AZ,Azerbaijan,Donor pool,1,2011,2009-2016,1,99,86,96,84,73,11,0.8690476190476191,0,1,0.25150130000000004,-0.10189915597399207,2.9905296999999997,-0.23310335578914346,-0.2726987106304761,-0.1659680580619162,-0.14788165704095219,0.26265620013744784,-0.055211099807177325,0,1.5025171925833947,FALSE,1.281735963120608,0,0,0
AZE,AZ,Azerbaijan,Donor pool,1,2012,2009-2016,1,92,78,90,76,64,12,0.8421052631578947,0,1,0.33429240000000005,-0.10135903688186251,3.0776333,-0.322476374992961,-0.2575510667595064,-0.15697445037342037,-0.14788404714409456,0.26265620013744784,-0.14613818396277556,0,1.258935966340954,FALSE,0.6826765143034509,0,0,0
AZE,AZ,Azerbaijan,Donor pool,1,2013,2009-2016,1,61,56,61,56,50,6,0.8928571428571429,0,1,0.04096169999999999,-0.10196156245051459,3.2007705,-0.31690701605385996,-0.2458687066645112,-0.1458228962354337,-0.14788470027536635,0.26265620013744784,-0.23593004893243674,0,0.9885410782388393,FALSE,0.5775957841256794,0,0,0
AZE,AZ,Azerbaijan,Donor pool,1,2014,2009-2016,1,80,72,78,70,59,11,0.8428571428571429,0,1,0.23211460000000006,-0.10140555585044453,3.2619607999999998,-0.32148030405559813,-0.20528685117475792,-0.1453675564773487,-0.14788481476691404,0.26265620013744784,-0.3445195690767632,0,0.8303143714720309,FALSE,0.5636779939994045,0,0,0
AZE,AZ,Azerbaijan,Donor pool,1,2015,2009-2016,1,78,71,77,71,55,16,0.7746478873239436,0,1,0.5766139,-0.10213509063621308,3.3634711,-0.35553195903077084,-0.17809355682935735,-0.21561094759541047,-0.14774273701977728,0.26265620013744784,-0.3562592302604052,0,0.07372259578782477,FALSE,-0.06517488971778261,0,0,0
AZE,AZ,Azerbaijan,Donor pool,1,2016,2009-2016,1,114,103,113,102,75,27,0.7352941176470589,0,1,0.2579376,-0.10395193880166746,3.2396114999999996,-0.382796008365367,0.06984254016962041,-0.263211581365407,-0.14740492147310888,0.26265620013744784,-0.4676124500328928,0,-0.09835547681620153,FALSE,0.38373647180688375,0,0,0
BGD,BD,Bangladesh,Donor pool,1,1997,1997-2008,0,88,86,82,80,67,13,0.8375,0,1,0.30159020000000003,-0.09381428763926737,3.9144448,0.5052051820990959,-0.1825476484384137,-0.3661051353115179,-0.12238840117666286,0.7329240202736067,0.39663692538906137,1,0.06429649650472898,FALSE,-8.45047950214117e-4,1,0,0
BGD,BD,Bangladesh,Donor pool,1,1998,1997-2008,0,84,81,78,75,57,18,0.76,0,1,0.32135699999999995,-0.09308702649662173,3.5602591,0.5382701608132164,-0.2640017640039516,-0.36591906167634863,-0.12060602275749763,0.7329240202736067,0.4125038795158894,1,0.09259175358891407,FALSE,-0.023028329221247538,1,0,0
BGD,BD,Bangladesh,Donor pool,1,1999,1997-2008,0,94,94,89,89,71,18,0.797752808988764,0,1,0.16079109999999996,-0.09261465654957479,3.5085675,0.5785872739307104,-0.31700606899863876,-0.3658462185913641,-0.11931679422217688,0.7329240202736067,0.3853211795360896,1,0.057957796878139324,FALSE,0.0503398665963169,1,0,0
BGD,BD,Bangladesh,Donor pool,1,2000,1997-2008,0,77,77,76,76,64,12,0.8421052631578947,0,1,0.14235149999999996,-0.0922005674966919,3.5424691,0.5110966013993361,-0.3140674091012501,-0.3655942288506378,-0.11750914233046024,0.7329240202736067,0.3597005321609009,1,0.06540113180853223,FALSE,-0.04894147456850989,1,0,0
BGD,BD,Bangladesh,Donor pool,1,2001,1997-2008,0,85,83,83,83,73,10,0.8795180722891566,0,1,0.0748801,-0.09166066001001966,3.3007154,0.4652214067457028,-0.31974962497145826,-0.36565342247289984,-0.11534145053334129,0.7329240202736067,0.27571280959043803,0,0.04275650302496462,FALSE,0.1182723143663774,1,0,0
BGD,BD,Bangladesh,Donor pool,1,2002,1997-2008,0,105,104,101,101,83,18,0.8217821782178217,0,1,0.4154141,-0.09179557679088314,3.6670176999999997,0.4296381133567732,-0.2807081482925149,-0.3656760496400436,-0.11411043028948403,0.7329240202736067,0.2642249919250851,0,0.1694661470240218,FALSE,0.15420892018015578,1,0,0
BGD,BD,Bangladesh,Donor pool,1,2003,1997-2008,0,91,90,89,88,79,9,0.8977272727272727,0,1,0.0034189000000000025,-0.09180125327571628,3.8591121,0.26783992334457624,-0.2845318208099832,-0.36471034240674394,-0.1139554447619214,0.7329240202736067,0.3196513871213012,0,0.10823306708717705,FALSE,0.15818840695478223,1,0,0
BGD,BD,Bangladesh,Donor pool,1,2004,1997-2008,0,90,89,88,87,79,8,0.9080459770114943,0,1,0.30993500000000007,-0.09146142407012102,3.956102,0.1960808735911847,-0.2627058891083187,-0.36386209778626333,-0.11314951390686807,0.7329240202736067,0.31044136073343426,0,0.07324531112366604,FALSE,0.11301028827890724,1,0,0
BGD,BD,Bangladesh,Donor pool,1,2005,1997-2008,0,99,99,97,97,85,12,0.8762886597938144,0,1,0.25836329999999996,-0.09374330032910294,3.8777637,0.2730937579674633,-0.2522096117674768,-0.36314295866107127,-0.1103017543999199,0.7329240202736067,0.18189620334152087,0,0.08287061068952226,FALSE,0.08375735554680845,1,0,0
BGD,BD,Bangladesh,Donor pool,1,2006,1997-2008,0,111,108,108,105,99,6,0.9428571428571428,0,1,0.10406320000000002,-0.09345133863422216,3.7687823000000003,0.23959400133722797,-0.239150216743948,-0.3628402147913584,-0.10757764401556005,0.7329240202736067,0.16884633250727513,0,0.18650766576624642,FALSE,0.059768746538517416,1,0,0
BGD,BD,Bangladesh,Donor pool,1,2007,1997-2008,0,94,94,93,93,87,6,0.9354838709677419,0,1,0.34759019999999996,-0.09308364743901865,3.7203522,0.21662311755338498,-0.18928261576175134,-0.36144237814819546,-0.10761216049044686,0.7329240202736067,0.09336782188684829,0,0.15461006681595393,FALSE,0.06805604715718623,1,0,0
BGD,BD,Bangladesh,Donor pool,1,2008,1997-2008,0,99,97,97,95,84,11,0.8842105263157894,0,1,0.1700564,-0.09283363255429772,3.5734155,0.125590877323195,-0.2592211217403008,-0.35923526699558556,-0.10777575763944634,0.7329240202736067,0.07665846090873384,0,0.15106692872727834,FALSE,0.09537493804807207,1,0,0
BGD,BD,Bangladesh,Donor pool,1,2009,2009-2016,1,84,79,83,78,70,8,0.8974358974358975,0,1,0.2093895,-0.09147341155450671,3.3928398,0.13804854001147146,-0.24652712914740013,-0.35729137312490106,-0.10751504809508841,0.7329240202736067,-0.03752814728979351,1,0.28410330150758983,FALSE,0.04223940253610325,1,0,0
BGD,BD,Bangladesh,Donor pool,1,2010,2009-2016,1,88,88,87,87,81,6,0.9310344827586207,0,1,0.15222729999999995,-0.09045724603032121,3.535773,0.1414060911095058,-0.18375134400567703,-0.35499412639581596,-0.10715412593222433,0.7329240202736067,0.009287770133006001,1,0.19533375423421795,FALSE,0.0967681576012348,1,0,0
BGD,BD,Bangladesh,Donor pool,1,2011,2009-2016,1,99,97,96,95,84,11,0.8842105263157894,0,1,0.28082299999999993,-0.08957545548055611,3.5228539999999997,0.06374541981324126,-0.15406561435085026,-0.35264463471849705,-0.1044907286619093,0.7329240202736067,-0.06562669596283202,1,0.08959035912036292,FALSE,0.09598245891187322,1,0,0
BGD,BD,Bangladesh,Donor pool,1,2012,2009-2016,1,92,92,90,90,76,14,0.8444444444444444,0,1,0.003837500000000049,-0.08839147266654816,3.4080882,0.04612638049834722,-0.11792794612325917,-0.3519880369712152,-0.09993043841829823,0.7329240202736067,-0.15709795307280658,1,0.20089720218579107,FALSE,0.15535021681696953,1,0,0
BGD,BD,Bangladesh,Donor pool,1,2013,2009-2016,1,61,60,61,60,53,7,0.8833333333333333,0,1,0.4971601,-0.0875573124554341,3.6569689,0.04063881949500621,-0.08357161777414517,-0.3490910534527921,-0.10215397760562815,0.7329240202736067,-0.2481040587563338,1,0.17062675481526562,FALSE,0.17323582611401933,1,0,0
BGD,BD,Bangladesh,Donor pool,1,2014,2009-2016,1,80,80,78,78,70,8,0.8974358974358975,0,1,0.2238196,-0.08682879184489331,3.717895,3.8598632003186104e-4,-0.03418897321944863,-0.34508865479591294,-0.10242712845884075,0.7329240202736067,-0.35683938220586126,1,0.12004333528395608,FALSE,0.10061313067636385,1,0,0
BGD,BD,Bangladesh,Donor pool,1,2015,2009-2016,1,78,77,77,76,60,16,0.7894736842105263,0,1,0.7309467,-0.0855517495584951,3.5178038999999997,0.02682374560961964,-0.021182823251979486,-0.3412706419231652,-0.10224643818762115,0.7329240202736067,-0.3702749379343295,1,0.16789862721245366,FALSE,0.051342307259116565,1,0,0
BGD,BD,Bangladesh,Donor pool,1,2016,2009-2016,1,114,112,113,111,84,27,0.7567567567567568,0,1,0.46945269999999995,-0.0842257216065843,3.4511266,-0.0029445687885258135,-0.022478891941706085,-0.32878443849840394,-0.10193818038776796,0.7329240202736067,-0.4842844157376865,1,0.11539221695422018,FALSE,0.04047456999389245,1,0,0
BGR,BG,Bulgaria,Donor pool,1,1997,1997-2008,0,88,87,82,81,36,45,0.4444444444444444,0,1,2.653172,-0.10374777265227272,1.5628630000000001,-0.31065421778911795,-0.308583326986548,-0.3372440317960999,-0.1473539629165763,0.005197572442128546,0.4050323881292363,0,0.3004526068437064,FALSE,0.27803434717241415,0,0,0
BGR,BG,Bulgaria,Donor pool,1,1998,1997-2008,0,84,83,78,77,38,39,0.4935064935064935,0,1,1.6374191,-0.10318495055781592,1.6014830000000002,-0.29621937483763994,-0.3387445498522997,-0.3237545193870599,-0.1473075458235809,0.005197572442128546,0.4210383208622928,0,0.07411755953106511,FALSE,0.2946682222640342,0,0,0
BGR,BG,Bulgaria,Donor pool,1,1999,1997-2008,0,94,90,89,86,36,50,0.4186046511627907,0,1,1.8222793999999998,-0.10370437406074903,1.525497,-0.27777522374942054,-0.32007617134452415,-0.3284428185307187,-0.14726258026590672,0.005197572442128546,0.39469385287704006,0,-0.1624506519140344,FALSE,0.159296551797181,0,0,0
BGR,BG,Bulgaria,Donor pool,1,2000,1997-2008,0,77,77,76,76,41,35,0.5394736842105263,0,1,1.7789646000000001,-0.10442011262556386,1.621153,-0.2936456143857123,-0.31799255384600245,-0.329607895449461,-0.1470928960333023,0.005197572442128546,0.3700280995450585,0,-0.19095468869767873,FALSE,0.0897903909407627,0,0,0
BGR,BG,Bulgaria,Donor pool,1,2001,1997-2008,0,85,82,83,81,42,39,0.5185185185185185,0,1,1.7077543,-0.10444378801358631,1.518081,-0.26539937207194825,-0.29456195073241637,-0.3252103691661368,-0.14705656082655297,0.005197572442128546,0.28651669913336475,0,-0.2104654707513969,FALSE,0.1832708057415897,0,0,0
BGR,BG,Bulgaria,Donor pool,1,2002,1997-2008,0,105,104,101,100,48,52,0.48,0,1,1.7183126,-0.10412981897509586,1.533291,-0.2861962186602361,-0.3185623422083955,-0.3157457194310685,-0.1471202805163055,0.005197572442128546,0.27464949757947293,0,-0.008808459731106786,FALSE,0.016499018788517828,1,0,0
BGR,BG,Bulgaria,Donor pool,1,2003,1997-2008,0,91,91,89,89,48,41,0.5393258426966292,0,1,2.1546552,-0.10418760598156451,1.701038,-0.2830789767943361,-0.2637563421850581,-0.2973348017127785,-0.14732390356695582,0.005197572442128546,0.33011993491620534,0,-0.1650775447892596,FALSE,0.15143489605489494,1,0,0
BGR,BG,Bulgaria,Donor pool,1,2004,1997-2008,0,90,90,88,88,48,40,0.5454545454545454,0,1,1.845895,-0.10430252522490491,1.8002719999999999,-0.29345346942969247,-0.2959360799880073,-0.2776402394850706,-0.14741711298345253,0.005197572442128546,0.321294247323252,0,-0.24916659148162607,FALSE,0.2850328545186574,1,0,0
BGR,BG,Bulgaria,Donor pool,1,2005,1997-2008,0,99,99,97,97,57,40,0.5876288659793815,0,1,1.6341116,-0.10431116475228583,1.9852888,-0.31262215185273984,-0.286243933768651,-0.26264910403025465,-0.14741768999954777,0.005197572442128546,0.19082782320019984,1,-0.5097241722524701,FALSE,0.33918516897681805,1,0,0
BGR,BG,Bulgaria,Donor pool,1,2006,1997-2008,0,111,111,108,108,62,46,0.5740740740740741,0,1,1.8532451,-0.10346187716644502,1.8114740000000003,-0.32797716603009874,-0.31037722891839425,-0.24433195502032007,-0.1474264830012896,0.005197572442128546,0.17730691840903293,1,-0.8260555882672371,FALSE,0.42235070299349114,1,0,0
BGR,BG,Bulgaria,Donor pool,1,2007,1997-2008,0,94,94,93,93,59,34,0.6344086021505376,0,1,1.5712290000000002,-0.10251732990939408,1.801533,-0.3390805315663307,-0.27533540401569423,-0.2042070501472057,-0.14750350062753284,0.005197572442128546,0.10134086755802806,1,-1.1940290956491602,FALSE,0.1646329225552593,1,0,0
BGR,BG,Bulgaria,Donor pool,1,2008,1997-2008,0,99,98,97,96,53,43,0.5520833333333334,0,1,1.6325346,-0.10265917062384416,1.7708244999999998,-0.3469592586600973,-0.26602225692159437,-0.16357351608762208,-0.14755787528852835,0.005197572442128546,0.08496269035661098,1,-1.0912261969955537,FALSE,0.3001138062603542,1,0,0
BGR,BG,Bulgaria,Donor pool,1,2009,2009-2016,1,84,83,83,82,48,34,0.5853658536585366,0,1,1.5811538,-0.10490392734959454,1.6022965,-0.35506416822097747,-0.28278140747404923,-0.1718907558230506,-0.14751672463183405,0.005197572442128546,-0.026177106361925242,0,-0.3524296503326532,FALSE,-0.17406630913858945,1,0,0
BGR,BG,Bulgaria,Donor pool,1,2010,2009-2016,1,88,87,87,86,49,37,0.5697674418604651,0,1,1.9065786999999998,-0.10680945117569096,1.4769670000000001,-0.3571372036434176,-0.1749085980895336,-0.17583808732119774,-0.14747490858543397,0.005197572442128546,0.023108129134696183,0,0.0033883002485490163,FALSE,-0.05604244100572711,1,0,0
BGR,BG,Bulgaria,Donor pool,1,2011,2009-2016,1,99,97,96,95,55,40,0.5789473684210527,0,1,1.7856610000000002,-0.10718659687021871,1.4563699999999997,-0.3590067799204063,-0.1557139248982932,-0.14658002961878147,-0.14751686263858785,0.005197572442128546,-0.05074232445018822,0,0.11415922794476975,FALSE,0.00795111974011518,1,0,0
BGR,BG,Bulgaria,Donor pool,1,2012,2009-2016,1,92,74,90,74,37,37,0.5,0,1,1.7901828,-0.10760474667862913,1.6217429,-0.3495370297218787,0.04449158770654636,-0.15885245831966993,-0.14744849507852,0.005197572442128546,-0.14085951048453,0,0.050601307803065064,FALSE,0.06757040428383258,1,0,0
BGR,BG,Bulgaria,Donor pool,1,2013,2009-2016,1,61,61,61,61,30,31,0.4918032786885246,0,1,1.4597289999999998,-0.10738641897126304,1.7000798000000001,-0.3493742183493179,0.07199180699229088,-0.14815513166532512,-0.1474771709104337,0.005197572442128546,-0.23134513429964618,1,0.16528145802953428,FALSE,0.07252216685408258,1,0,0
BGR,BG,Bulgaria,Donor pool,1,2014,2009-2016,1,80,80,78,78,38,40,0.48717948717948717,0,1,1.8376689000000002,-0.10793708979604073,1.6564065,-0.3421872222149228,0.06545662918022548,-0.14011444999631778,-0.14747680617829864,0.005197572442128546,-0.33899932620080925,0,0.16310081686081218,FALSE,-0.315408614810727,1,0,0
BGR,BG,Bulgaria,Donor pool,1,2015,2009-2016,1,78,78,77,77,35,42,0.45454545454545453,0,1,1.2176799999999999,-0.1076448232295309,1.5691772,-0.32923722649908627,0.01995515426673722,-0.16365135871999562,-0.14730515534945268,0.005197572442128546,-0.35160258109498516,0,0.09638513212150508,FALSE,0.09042583970332814,1,0,0
BGR,BG,Bulgaria,Donor pool,1,2016,2009-2016,1,114,114,113,113,57,56,0.504424778761062,0,1,1.5200709000000001,-0.1080331736174068,1.4616029999999998,-0.32828071497652644,-0.06898407854302224,-0.14737585391689492,-0.14730300145833092,0.005197572442128546,-0.46416312134466425,0,0.26200490823217887,FALSE,0.18636710692417974,1,0,0
BHR,BH,Bahrain,Donor pool,1,1997,1997-2008,0,88,82,82,79,63,16,0.7974683544303798,0,1,0.5294133000000001,-0.11152050895386087,3.6866217,-0.2112971157467213,-0.27558840514052235,-0.01713041593445539,-0.14812633498573893,0.4468091306861162,0.4116016554028818,0,0.07312318625539778,FALSE,0.3092346686893949,0,0,0
BHR,BH,Bahrain,Donor pool,1,1998,1997-2008,0,84,80,78,74,60,14,0.8108108108108109,0,1,0.43551979999999996,-0.11153763060371148,3.6744219,-0.20474832056495007,-0.22987949621816267,-0.03563303095352577,-0.14812633498721758,0.4468091306861162,0.42809773797663914,0,-0.5016499998875956,FALSE,-0.2984181672124217,0,0,0
BHR,BH,Bahrain,Donor pool,1,1999,1997-2008,0,94,92,89,87,71,16,0.8160919540229885,0,1,0.0010133999999999421,-0.1113223509093326,3.346763,-0.09034051092605032,-0.17554148301939454,-0.020989226157172317,-0.14812633497735997,0.4468091306861162,0.4011323224276618,0,0.06990026586141562,FALSE,-0.024774966548955602,0,0,0
BHR,BH,Bahrain,Donor pool,1,2000,1997-2008,0,77,76,76,75,68,7,0.9066666666666666,0,1,0.18888079999999996,-0.11147322169544145,3.5889984000000004,-0.13362202118887623,0.030700079246978373,0.040461565031925786,-0.1481263349650379,0.4468091306861162,0.37598916097727647,0,0.5918788097117493,FALSE,0.8162364933548755,0,0,0
BHR,BH,Bahrain,Donor pool,1,2001,1997-2008,0,85,81,83,81,75,6,0.9259259259259259,0,1,0.2894597,-0.11148867289562278,3.515295,-0.11140610249641217,0.06258531800295128,0.02161754427959458,-0.1481263349650379,0.4468091306861162,0.2924708097459563,0,0.23254368097902195,FALSE,0.5034807687235222,0,0,0
BHR,BH,Bahrain,Donor pool,1,2002,1997-2008,0,105,99,101,97,84,13,0.865979381443299,0,1,0.6150874,-0.11117653638874173,3.866691,-0.11181237963451868,-0.0674136904224195,0.019508684785060838,-0.1481263349650379,0.4468091306861162,0.2806051569889695,0,0.06841424161757281,FALSE,0.09833079298250871,0,0,0
BHR,BH,Bahrain,Donor pool,1,2003,1997-2008,0,91,89,89,87,78,9,0.896551724137931,0,1,0.32588280000000003,-0.11108114028139099,4.181576,-0.13843428472847252,-0.05348630679538166,0.04844124298483156,-0.1481263349650379,0.4468091306861162,0.33594612887396874,0,0.19429553729420498,FALSE,0.32098234387641644,0,0,0
BHR,BH,Bahrain,Donor pool,1,2004,1997-2008,0,90,87,88,85,77,8,0.9058823529411765,0,1,0.35540700000000003,-0.1112189641288828,4.001574,-0.14555322854279318,0.04967653223737009,0.09187206385337521,-0.1481263349650379,0.4468091306861162,0.3271397995173726,0,0.2903709175904268,FALSE,0.5586364119196513,0,0,0
BHR,BH,Bahrain,Donor pool,1,2005,1997-2008,0,99,97,97,95,81,14,0.8526315789473684,0,1,0.3505795999999999,-0.11152853545750739,3.9699799999999996,-0.23755011882651877,-0.14195232991306192,0.15071000004453713,-0.1481263349650379,0.4468091306861162,0.19692771329500378,0,0.5957489940031766,FALSE,0.7344815324997488,0,0,0
BHR,BH,Bahrain,Donor pool,1,2006,1997-2008,0,111,111,108,108,93,15,0.8611111111111112,0,1,3.1919999999996396e-4,-0.11087936293656551,3.6650383,0.14606229326856862,-0.2240759917714284,0.18894514113685343,-0.1481263349650379,0.4468091306861162,0.18357593933444752,0,0.7357996695831753,FALSE,0.5127472341744066,0,0,1
BHR,BH,Bahrain,Donor pool,1,2007,1997-2008,0,94,94,93,93,84,9,0.9032258064516129,0,1,0.22282639999999998,-0.11143996929286754,3.5955884,0.09034416087193677,-0.16279476721364486,0.23717179990797965,-0.1481263349650379,0.4468091306861162,0.10888199601293509,0,0.8199021798495038,FALSE,0.4586304117436273,0,0,1
BHR,BH,Bahrain,Donor pool,1,2008,1997-2008,0,99,99,97,97,79,18,0.8144329896907216,0,1,0.3958649000000001,-0.11113268614910897,3.7992239999999997,-0.04792150795971164,-0.16844698493205187,0.3074374773463287,-0.1481263349650379,0.4468091306861162,0.09212423374017806,0,0.5711988116909065,FALSE,0.6421808648926032,0,0,1
BHR,BH,Bahrain,Donor pool,1,2009,2009-2016,1,84,82,83,81,68,13,0.8395061728395061,0,1,0.332511,-0.11145114986998866,3.5159613000000003,0.10150027139958401,0.1231790405248093,0.19476457303557984,-0.1481263349650379,0.4468091306861162,-0.020643604006041816,0,0.2284443966958011,FALSE,-0.21190774970514764,0,0,1
BHR,BH,Bahrain,Donor pool,1,2010,2009-2016,1,88,88,87,87,80,7,0.9195402298850575,0,1,0.08796689999999996,-0.11160236991032314,3.4715126,-0.039494479115480666,0.09146973237694463,0.2639406030756905,-0.1481263349650379,0.4468091306861162,0.02715895023128056,0,0.2517858492568287,FALSE,-0.24676841760026857,0,0,1
BHR,BH,Bahrain,Donor pool,1,2011,2009-2016,1,99,98,96,96,70,26,0.7291666666666666,0,1,0.029785799999999973,-0.1108179190435954,3.2122452,-0.24352903219479086,0.23825937499832855,0.35837255894668957,-0.1481263349650379,0.4468091306861162,-0.04767324748835206,0,0.6835663158223378,FALSE,0.12051054260577826,0,0,1
BHR,BH,Bahrain,Donor pool,1,2012,2009-2016,1,92,92,90,90,73,17,0.8111111111111111,0,1,0.1264541,-0.11006652635114852,3.5383798000000004,-0.22942135019838172,0.1825530032931327,0.3996865049784178,-0.1481263349650379,0.4468091306861162,-0.13877889331058793,0,0.5326574999726844,FALSE,-0.0015694901058468486,0,0,1
BHR,BH,Bahrain,Donor pool,1,2013,2009-2016,1,61,61,61,61,51,10,0.8360655737704918,0,1,0.19973800000000008,-0.10882259302060614,3.3595468,-0.10181054230736666,0.42820120582578086,0.41588096248730627,-0.1481263349650379,0.4468091306861162,-0.230131326083911,0,0.49698294940142174,FALSE,-0.1353122370922794,0,0,1
BHR,BH,Bahrain,Donor pool,1,2014,2009-2016,1,80,80,78,78,68,10,0.8717948717948718,0,1,0.009606899999999974,-0.10947529974558273,3.4844685,-0.1538365290349567,-0.1338099266121401,0.4000721498229156,-0.1481263349650379,0.4468091306861162,-0.3376992805168386,0,0.34282804523573385,FALSE,-0.14665564187489255,0,0,1
BHR,BH,Bahrain,Donor pool,1,2015,2009-2016,1,78,78,77,77,60,17,0.7792207792207793,0,1,0.5650841,-0.11066247417015186,3.3519413,0.014329514671363088,-0.17498915109052232,0.3202075094542618,-0.1481263349650379,0.4468091306861162,-0.34905215936467937,0,-0.03413175295854889,FALSE,-0.958470164251302,0,0,1
BHR,BH,Bahrain,Donor pool,1,2016,2009-2016,1,114,114,113,113,79,34,0.6991150442477876,0,1,0.28349080000000004,-0.11059405821682614,3.2651646999999997,0.091192430435166,-0.236393748116109,0.3221454346513214,-0.1481263349650379,0.4468091306861162,-0.4619987438670555,0,-0.15671978622570565,FALSE,-1.00095625860303,0,0,1
BLR,BY,Belarus,Donor pool,1,1997,1997-2008,0,88,87,82,81,52,29,0.6419753086419753,0,1,1.5960636,-0.11054973877796982,2.6199714000000003,-0.31776738202064725,-0.17443543064489772,-0.33621454874360585,-0.1483471839861915,-0.06322862541392872,0.4107811916049001,1,-0.23249523075034711,FALSE,0.10265976702457487,0,0,0
BLR,BY,Belarus,Donor pool,1,1998,1997-2008,0,84,84,78,78,61,17,0.782051282051282,0,1,0.5236376,-0.11054359072405323,2.7152645,-0.36419975585355835,-0.31740980263808627,-0.33283854210729946,-0.1483459947383987,-0.06322862541392872,0.4272576073718218,1,-0.26482454745325856,FALSE,0.0564945786148374,0,0,0
BLR,BY,Belarus,Donor pool,1,1999,1997-2008,0,94,93,89,88,68,20,0.7727272727272727,0,1,0.62448512,-0.11055533200759628,2.72329128,-0.3581183789276423,0.09305419440080347,-0.34167543246032767,-0.14833397823153377,-0.06322862541392872,0.40048406266765774,1,0.010080760439444001,FALSE,-0.06557117777212822,0,0,0
BLR,BY,Belarus,Donor pool,1,2000,1997-2008,0,77,73,76,72,60,12,0.8333333333333334,0,1,0.13641930000000002,-0.1104957518757077,3.2636983,-0.3672318826966371,-0.1831002924346154,-0.3397454419387762,-0.14829686695341565,-0.06322862541392872,0.37516303485532876,1,-0.09857260918669564,FALSE,0.1388630677492233,0,0,0
BLR,BY,Belarus,Donor pool,1,2001,1997-2008,0,85,77,83,77,62,15,0.8051948051948052,0,1,0.47173703,-0.11017504341378638,2.75409827,-0.3657554583182063,-0.0035863994172764292,-0.34068330448882217,-0.14826651039639321,-0.06322862541392872,0.2913605722658866,1,-0.13511547000549276,FALSE,0.12050839470304468,0,0,0
BLR,BY,Belarus,Donor pool,1,2002,1997-2008,0,105,103,101,99,70,29,0.7070707070707071,0,1,0.41896568999999995,-0.11006271750637875,2.83263791,-0.3547794801983061,-0.2263835028223323,-0.3337772804730614,-0.14824279787880357,-0.06322862541392872,0.2796637930151035,1,-0.024310875314277603,FALSE,0.3119379901558041,0,0,0
BLR,BY,Belarus,Donor pool,1,2003,1997-2008,0,91,90,89,88,73,15,0.8295454545454546,0,1,0.8602926200000001,-0.10986939360762531,2.99540058,-0.34103673569968657,-0.20775815321214566,-0.32378161756762863,-0.1482273990359269,-0.06322862541392872,0.33492199947358087,1,-0.04200386854484638,FALSE,0.06773834342881441,0,0,0
BLR,BY,Belarus,Donor pool,1,2004,1997-2008,0,90,84,88,82,71,11,0.8658536585365854,0,1,0.5595535,-0.10941428361358818,3.0866135,-0.3327392214946045,-0.16325244573992725,-0.3073601888488043,-0.14822095293760962,-0.06322862541392872,0.3256145414630001,1,-0.18219364193016377,FALSE,0.12394684104324953,0,0,0
BLR,BY,Belarus,Donor pool,1,2005,1997-2008,0,99,96,97,94,78,16,0.8297872340425532,0,1,0.5096263000000001,-0.10984934275109244,3.1097741,-0.3502278615548008,0.10113786408028735,-0.2853869552122381,-0.14822133368838572,-0.06322862541392872,0.1955085135094475,1,0.17850829103449334,FALSE,0.09991677131632713,0,0,0
BLR,BY,Belarus,Donor pool,1,2006,1997-2008,0,111,110,108,108,94,14,0.8703703703703703,0,1,0.39452960000000004,-0.10937254800319088,3.2701895000000003,-0.3147963128802914,0.026021345903780257,-0.2641655146275519,-0.14822188113160514,-0.06322862541392872,0.18230242771058905,1,-0.10670923757522657,FALSE,0.19585156384961164,0,0,0
BLR,BY,Belarus,Donor pool,1,2007,1997-2008,0,94,94,93,93,85,8,0.9139784946236559,0,1,0.08153430000000006,-0.10885192206305747,3.2912277000000003,-0.27159689031285855,0.09657073170943287,-0.2380922077148462,-0.14822179157507956,-0.06322862541392872,0.10669466155184308,1,-0.26350253797626794,FALSE,0.12262791001059342,0,0,0
BLR,BY,Belarus,Donor pool,1,2008,1997-2008,0,99,97,97,95,89,6,0.9368421052631579,0,1,0.05987500000000001,-0.10831362896204341,3.3434841,-0.29715520769461634,-0.06515397696982406,-0.1898780976327273,-0.14822236415524342,-0.06322862541392872,0.08974165707695851,1,-0.34508937171013654,FALSE,0.25502774793481514,0,0,0
BLR,BY,Belarus,Donor pool,1,2009,2009-2016,1,84,83,83,82,77,5,0.9390243902439024,0,1,0.202241,-0.10791477739547752,2.9812093,-0.3150813223701641,0.10655906663850892,-0.219960592046478,-0.14818352599583218,-0.06322862541392872,-0.023632432529592455,1,-0.5556448637007304,FALSE,0.09413785966453962,0,0,0
BLR,BY,Belarus,Donor pool,1,2010,2009-2016,1,88,85,87,84,73,11,0.8690476190476191,0,1,0.5407487,-0.108237440677415,2.842797,-0.3768568693104763,-0.025621585548143675,-0.19991346074538838,-0.14817255677847668,-0.06322862541392872,0.024315020033447876,1,-0.6861713245247899,FALSE,-0.02423788760100597,0,0,0
BLR,BY,Belarus,Donor pool,1,2011,2009-2016,1,99,93,96,91,76,15,0.8351648351648352,0,1,0.18594650000000001,-0.10717794124661832,3.0560845,-0.3671531969603787,-0.04359237158691637,-0.18542653829566294,-0.14805449456358707,-0.06322862541392872,-0.05074963990547223,1,-0.3460913504865165,FALSE,0.2534357028084199,0,0,0
BLR,BY,Belarus,Donor pool,1,2012,2009-2016,1,92,89,90,87,74,13,0.8505747126436781,0,1,0.5168887,-0.107752005773512,2.8950370000000003,-0.38248089432515087,-0.04924863403217607,-0.17292096211965075,-0.1478556308729939,-0.06322862541392872,-0.14073505182348436,1,-0.05694933837256619,FALSE,0.16249731766201442,0,0,0
BLR,BY,Belarus,Donor pool,1,2013,2009-2016,1,61,55,61,55,47,8,0.8545454545454545,0,1,0.17705579999999999,-0.10772693858184407,2.9827529999999998,-0.38043809124317224,-0.050392033981145674,-0.1422161610581807,-0.14782350561155722,-0.06322862541392872,-0.2310573380529924,1,-0.4455478546188441,FALSE,0.10216229003327562,0,0,0
BLR,BY,Belarus,Donor pool,1,2014,2009-2016,1,80,75,78,73,59,14,0.8082191780821918,0,1,0.5158212,-0.10798821938300959,2.9782542,-0.37356197960479287,0.026363538430988525,-0.13212963479434228,-0.14774401076408333,-0.06322862541392872,-0.33895611311479207,1,-0.2623872536818526,FALSE,0.20144849237700543,0,0,0
BLR,BY,Belarus,Donor pool,1,2015,2009-2016,1,78,71,77,71,54,17,0.7605633802816901,0,1,0.05706899999999998,-0.10882625567614636,2.7297881999999998,-0.3595787559364408,0.2711209186198704,-0.2019006544436318,-0.14740676844078113,-0.06322862541392872,-0.35060407230651813,1,-0.07904346302443177,FALSE,0.39530565421145364,0,0,0
BLR,BY,Belarus,Donor pool,1,2016,2009-2016,1,114,109,113,108,79,29,0.7314814814814815,0,1,0.132716,-0.10879061660605505,2.8489579,-0.3892875329877408,-0.0179796527146014,-0.22915008648591026,-0.14717198109929366,-0.06322862541392872,-0.46352295483908457,1,-0.08628582122827762,FALSE,0.28174514861188255,0,0,0
BOL,BO,Bolivia,Donor pool,1,1997,1997-2008,0,88,88,82,82,63,19,0.7682926829268293,0,1,1.1775979730000001,-0.11243080696450146,3.038437027,0.11422069457968559,-0.34088134640260054,-0.3487358055528475,-0.14524105240749527,-0.28033922929910987,0.41237101006751176,0,-0.28134693193318944,TRUE,0.10518131705892708,0,0,0
BOL,BO,Bolivia,Donor pool,1,1998,1997-2008,0,84,81,78,77,58,19,0.7532467532467533,0,1,0.1790694,-0.11204237629079317,3.0598327000000003,0.12023073182761136,-0.35373820239522447,-0.3472137891616044,-0.14508971321552042,-0.28033922929910987,0.42852433283268504,0,-0.3276051670451257,TRUE,0.10647754537927658,0,0,0
BOL,BO,Bolivia,Donor pool,1,1999,1997-2008,0,94,87,89,82,58,24,0.7073170731707317,0,1,0.5030303,-0.11251527376218796,2.8447461,0.08010234338036618,-0.32334549161952475,-0.3484715438860299,-0.14491093039479078,-0.28033922929910987,0.40214054253872494,0,-0.22220127097272632,TRUE,0.07178864774410938,0,0,0
BOL,BO,Bolivia,Donor pool,1,2000,1997-2008,0,77,77,76,76,58,18,0.7631578947368421,0,1,0.5944769000000001,-0.11258509054612795,2.8056407,0.001795894595573933,-0.29188841976043217,-0.3485763779502806,-0.14469142079525352,-0.28033922929910987,0.37692887684695175,0,-0.19109548879395802,TRUE,2.537178890222709e-4,0,0,0
BOL,BO,Bolivia,Donor pool,1,2001,1997-2008,0,85,84,83,83,68,15,0.8192771084337349,0,1,0.415374,-0.11234753631064885,2.8104613,-0.06620071084060793,-0.24318450772009476,-0.34991665741509886,-0.14444101246930394,-0.28033922929910987,0.29319669354105027,0,-0.08564968025472336,TRUE,-0.20423267365073744,0,0,0
BOL,BO,Bolivia,Donor pool,1,2002,1997-2008,0,105,105,101,101,72,29,0.7128712871287128,0,1,0.35605599999999993,-0.11241095868703528,2.8955476,-0.10425778530149199,-0.2180830565131377,-0.35114932579198527,-0.1441079725995192,-0.28033922929910987,0.28164845109948494,0,-0.14439979069741044,TRUE,-0.56843011112275,0,0,0
BOL,BO,Bolivia,Donor pool,1,2003,1997-2008,0,91,91,89,89,74,15,0.8314606741573034,0,1,0.7534978999999999,-0.11232061785837409,3.1021953,-0.14500988225693998,-0.2968445928373729,-0.35100849348538155,-0.14381865129781188,-0.28033922929910987,0.33699369554379477,0,0.14698804614329855,TRUE,-0.5944401392750434,0,0,0
BOL,BO,Bolivia,Donor pool,1,2004,1997-2008,0,90,89,88,87,71,16,0.8160919540229885,0,1,0.671457,-0.11225624401085385,2.97471,-0.11466028052502202,-0.1611987016436779,-0.3492400747301231,-0.14365475842005426,-0.28033922929910987,0.3280164751844543,0,0.304473379404437,TRUE,-0.2916484321602157,0,0,0
BOL,BO,Bolivia,Donor pool,1,2005,1997-2008,0,99,94,97,92,74,18,0.8043478260869565,0,1,0.5707405,-0.11272199698771926,3.0486599,-0.10541849307177531,-0.1699135675208585,-0.34727320268104933,-0.1435779896988491,-0.28033922929910987,0.19793638867887997,0,0.448973572736676,TRUE,-0.17910318235465758,0,0,0
BOL,BO,Bolivia,Donor pool,1,2006,1997-2008,0,111,106,108,103,88,15,0.8543689320388349,0,1,0.5871915000000001,-0.11262159446754264,3.0775276000000003,-0.15794897865127666,-0.16162215052840473,-0.34190759135076393,-0.14361019209620351,-0.28033922929910987,0.18504841751143467,1,0.7186771501627377,TRUE,1.1580947510579274,0,0,0
BOL,BO,Bolivia,Donor pool,1,2007,1997-2008,0,94,69,93,68,61,7,0.8970588235294118,0,1,0.17019210000000007,-0.11262692882264112,3.2025699000000003,-0.18221130958281745,-0.14565174340993717,-0.3374456320553245,-0.14370504502847728,-0.28033922929910987,0.10988517611470845,1,0.7524211996154231,TRUE,0.21095058430673194,0,0,0
BOL,BO,Bolivia,Donor pool,1,2008,1997-2008,0,99,97,97,95,79,16,0.8315789473684211,0,1,0.16376459999999998,-0.1120972477164054,3.2395945,-0.2094102856091775,-0.0025042875141351546,-0.3275094014627539,-0.1440675638086283,-0.28033922929910987,0.09293945022142718,1,0.7428167708460329,TRUE,0.47645744680375135,0,0,0
BOL,BO,Bolivia,Donor pool,1,2009,2009-2016,1,84,82,83,81,74,7,0.9135802469135802,0,1,0.20674559999999997,-0.11238066720031556,3.3901959,-0.1409847483731994,0.039742060715358914,-0.32637775359076826,-0.14419669122695924,-0.28033922929910987,-0.019858005789213304,1,0.35017276013166326,TRUE,0.16847566826235305,0,0,0
BOL,BO,Bolivia,Donor pool,1,2010,2009-2016,1,88,82,87,81,72,9,0.8888888888888888,0,1,0.0510699,-0.11170612451124638,3.4346156,-0.12347097012765203,0.10730376467046607,-0.32054155527449324,-0.14419866275201348,-0.28033922929910987,0.027246640290210764,1,0.3369156276372182,TRUE,0.3115604239651892,0,0,0
BOL,BO,Bolivia,Donor pool,1,2011,2009-2016,1,99,96,96,94,74,20,0.7872340425531915,0,1,0.625471,-0.11204324818200759,3.867502,-0.1165176273525483,0.17114841830146288,-0.3092061187142978,-0.1442458043804663,-0.28033922929910987,-0.04663763862474356,1,0.217656656474286,TRUE,0.23927094517360514,0,0,0
BOL,BO,Bolivia,Donor pool,1,2012,2009-2016,1,92,92,90,90,76,14,0.8444444444444444,0,1,0.7838743,-0.11154276540653034,4.1958,-0.011325706535395996,0.12690617207962027,-0.3015633813390599,-0.14426175155374865,-0.28033922929910987,-0.13753122343754506,1,0.48983296627448086,TRUE,0.3194361533754465,0,0,0
BOL,BO,Bolivia,Donor pool,1,2013,2009-2016,1,61,58,61,58,51,7,0.8793103448275862,0,1,1.2488552,-0.11095789292294055,4.408664,-0.15986722483179783,-0.010912810453317788,-0.29291128434436536,-0.14426175155374865,-0.28033922929910987,-0.2283266391340973,1,0.2823447059837555,TRUE,0.22410982399502297,0,0,0
BOL,BO,Bolivia,Donor pool,1,2014,2009-2016,1,80,77,78,75,65,10,0.8666666666666667,0,1,0.2431545999999999,-0.11113600150690951,3.73723,-0.032677979899955564,0.24397455541035357,-0.2878741242561946,-0.14426175155374865,-0.28033922929910987,-0.3362957086846461,1,0.18921888652474422,TRUE,-0.12412019749365097,0,0,0
BOL,BO,Bolivia,Donor pool,1,2015,2009-2016,1,78,78,77,77,61,16,0.7922077922077922,0,1,1.2255028000000001,-0.11138136440331958,4.01236,-0.10426955641573223,0.44680269506034626,-0.2892089172906874,-0.14426175155374865,-0.28033922929910987,-0.348444576410768,1,-0.22096525298153807,TRUE,-0.4308268703986472,0,0,0
BOL,BO,Bolivia,Donor pool,1,2016,2009-2016,1,114,110,113,109,71,38,0.6513761467889908,0,1,1.1492901,-0.11167981484588423,4.130964,-0.05726478253241692,0.36071028968426266,-0.2880375583217155,-0.14426175155374865,-0.28033922929910987,-0.4610810972090886,1,-0.2075511744189744,TRUE,-0.4602063383526014,0,0,0
BRA,BR,Brazil,Brasil,0,1997,1997-2008,0,88,88,82,82,65,17,0.7926829268292683,0,0,1.0282104,0.18714608226652837,3.1878246000000003,0.04724724999140186,0.0717086486064508,-0.22152072047234622,-0.14771113671743105,-0.16340961147260846,0.15917823753464466,0,-0.10080549908138177,TRUE,-0.3181866378558609,0,0,0
BRA,BR,Brazil,Brasil,0,1998,1997-2008,0,84,84,78,78,56,22,0.717948717948718,0,0,0.33616982,0.18696756138790685,2.9027322800000004,0.07053055476754129,-0.025301117077316557,-0.22720715014058043,-0.1476623266859011,-0.16340961147260846,0.17581072955681504,0,-0.12291244250002713,TRUE,-0.45822762426511215,0,0,0
BRA,BR,Brazil,Brasil,0,1999,1997-2008,0,94,94,89,89,64,25,0.7191011235955056,0,0,0.6630772469999999,0.18016448300568846,2.684699153,0.14776663938532125,-0.057530247894835594,-0.2745874482862718,-0.14727585877504548,-0.16340961147260846,0.15477700501579034,0,-0.1444154466157914,TRUE,-0.2809915714417341,0,0,0
BRA,BR,Brazil,Brasil,0,2000,1997-2008,0,77,77,76,76,57,19,0.75,0,0,0.7665536500000001,0.17770991868707736,2.63356395,0.14628857680297214,0.04794294650798634,-0.26656566773362883,-0.1472666969351699,-0.16340961147260846,0.13158085140722292,0,-0.1234482772683368,TRUE,-0.25324583135159867,0,0,0
BRA,BR,Brazil,Brasil,0,2001,1997-2008,0,85,84,83,83,67,16,0.8072289156626506,0,0,0.57876749,0.19094857113930816,2.6470678100000002,0.15135883216971144,0.21345892847848386,-0.2839112293953534,-0.14695901565621608,-0.16340961147260846,0.03686055712947438,0,-0.140226650199554,TRUE,-0.3977448724960399,0,0,0
BRA,BR,Brazil,Brasil,0,2002,1997-2008,0,105,105,101,101,74,27,0.7326732673267327,0,0,0.54315967,0.19844692585148935,2.70844393,0.196469800218351,0.32426631975898007,-0.29332515062294834,-0.14662145233407456,-0.16340961147260846,0.018921343370847898,0,0.0120884191854291,TRUE,-0.3648335915549305,0,0,0
BRA,BR,Brazil,Brasil,0,2003,1997-2008,0,91,91,89,89,74,15,0.8314606741573034,0,0,0.88699711,0.17543350330233198,2.9686960900000003,0.13457822707443334,0.6935133034849355,-0.28642914027973254,-0.14652852720120552,-0.16340961147260846,0.0937931471588653,1,0.1165777949035901,TRUE,-0.2443046905532081,0,0,0
BRA,BR,Brazil,Brasil,0,2004,1997-2008,0,90,90,88,88,73,15,0.8295454545454546,0,0,0.7644388,0.18074640365690775,2.8817282,0.08698688406578271,0.8101146904585567,-0.2695843927936884,-0.1466186391067591,-0.16340961147260846,0.08038004063539232,1,0.16920234995776046,TRUE,-0.08935979948094863,0,0,0
BRA,BR,Brazil,Brasil,0,2005,1997-2008,0,99,99,97,97,80,17,0.8247422680412371,0,0,0.5769612000000001,0.15889335138753538,3.0424392,0.0726588961001527,0.7676906451537564,-0.2353798257503139,-0.14690888470669924,-0.16340961147260846,-0.031624186885331376,1,0.16741913569571426,TRUE,-0.07370927143600133,0,0,0
BRA,BR,Brazil,Brasil,0,2006,1997-2008,0,111,111,108,108,88,20,0.8148148148148148,0,0,0.7484159,0.1565618024842937,2.9163032,0.05317540333495433,0.8851320327363997,-0.20286777066074693,-0.14706210968381808,-0.16340961147260846,-0.04245675075770529,1,0.14893697262710376,TRUE,-0.22276052393642484,0,0,0
BRA,BR,Brazil,Brasil,0,2007,1997-2008,0,94,94,93,93,78,15,0.8387096774193549,0,0,0.4232268,0.1644424880478266,2.9495352,-0.015353039420134659,1.1291057498350272,-0.15950683049316092,-0.14719712070529384,-0.16340961147260846,-0.12428500310561959,1,0.08758014371390087,TRUE,-0.23694700843350622,0,0,0
BRA,BR,Brazil,Brasil,0,2008,1997-2008,0,99,98,97,96,73,23,0.7604166666666666,0,0,0.4453566,0.1767755728774251,2.9580024999999996,-0.04529446925963086,1.5629159588231236,-0.11546709599757508,-0.14726412791307428,-0.16340961147260846,-0.15120658702224182,1,-0.015400529891823512,TRUE,-0.07012615661817102,0,0,0
BRA,BR,Brazil,Brasil,0,2009,2009-2016,1,84,84,83,83,72,11,0.8674698795180723,1,0,0.2687603,0.18462462084305886,2.9146900000000002,-0.08525667833824632,2.0051969208280727,-0.12221641507455164,-0.14716614616991197,-0.16340961147260846,-0.27087734352801995,1,0.006133424968680647,TRUE,-0.2205171634486654,0,0,0
BRA,BR,Brazil,Brasil,0,2010,2009-2016,1,88,86,87,85,74,11,0.8705882352941177,1,0,0.38309240000000006,0.21464777060151638,3.0004533,-0.08750659676718009,2.254625671371891,-0.04214947635916317,-0.14730821513035972,-0.16340961147260846,-0.24857719826623212,1,-0.1160550986646021,TRUE,-0.0084847145888866,0,0,0
BRA,BR,Brazil,Brasil,0,2011,2009-2016,1,99,98,96,96,83,13,0.8645833333333334,1,0,0.22588580000000003,0.22060835320318886,3.0161451999999995,-0.08316115325424667,2.4530413123059263,0.016427680363494845,-0.14735931585043008,-0.16340961147260846,-0.327784096411956,1,-0.07646598817164131,TRUE,-0.028305416443991392,0,0,0
BRA,BR,Brazil,Brasil,0,2012,2009-2016,1,92,92,90,90,71,19,0.7888888888888889,1,0,0.27516549999999995,0.22772923655128846,3.1367602000000003,-0.07068465510378302,2.5902431303515896,-0.009282554560289999,-0.14719356588131918,-0.16340961147260846,-0.4242730313218999,1,-0.10733742162815395,TRUE,0.0660902721183757,0,0,0
BRA,BR,Brazil,Brasil,0,2013,2009-2016,1,61,61,61,61,54,7,0.8852459016393442,1,0,0.10051470000000007,0.22301851600451503,3.2603235,-0.08997443465655586,2.9025753215956476,-0.011129005164145547,-0.14707348785689783,-0.16340961147260846,-0.5105927817393136,1,-0.09635212538219273,TRUE,-0.03416665059862555,0,0,0
BRA,BR,Brazil,Brasil,0,2014,2009-2016,1,80,80,78,78,69,9,0.8846153846153846,1,0,0.16190090000000001,0.2254848138691041,3.3321745,-0.05038411603194332,2.79441646806456,-0.016533051973020633,-0.14695705186736055,-0.16340961147260846,-0.6207968187539179,1,-0.14753997588185971,TRUE,-0.250956951848216,0,0,0
BRA,BR,Brazil,Brasil,0,2015,2009-2016,1,78,78,77,77,62,15,0.8051948051948052,1,0,0.34131100000000003,0.19057911634262423,3.1281682,-0.04954304340658017,2.940284858289122,-0.11464832608731193,-0.1463810003880638,-0.16340961147260846,-0.603651883996042,1,-0.08519770910851521,TRUE,-0.4881774430064756,0,0,0
BRA,BR,Brazil,Brasil,0,2016,2009-2016,1,114,113,113,112,78,34,0.6964285714285714,1,0,0.06529859999999998,0.19175827790097577,3.0469725,-0.07556699399585937,3.2101646795953047,-0.11758432520360347,-0.14628375942632096,-0.16340961147260846,-0.717537235036909,0,0.004901017897712052,TRUE,-0.4087865795562286,0,0,0
BRB,BB,Barbados,Donor pool,1,1997,1997-2008,0,88,74,82,71,56,15,0.7887323943661971,0,1,0.9625085,-0.1165222647723789,3.2535265,-0.02078492123565693,-0.3591682797907379,-0.09744624141453344,-0.14716580795862014,-0.6610181048361679,0.41582897890061127,1,-0.07713070699950542,TRUE,0.6701047569921604,1,0,0
BRB,BB,Barbados,Donor pool,1,1998,1997-2008,0,84,83,78,77,56,21,0.7272727272727273,0,1,0.2448743,-0.11653974396911962,2.9940278,-0.05528040124543613,-0.3594432331380302,-0.0618066360037367,-0.14716580795862014,-0.6610181048361679,0.4323253636615255,1,-0.10747939527350463,TRUE,0.7238732061218818,1,0,0
BRB,BB,Barbados,Donor pool,1,1999,1997-2008,0,94,83,89,80,57,23,0.7125,0,1,0.4130751,-0.11650849903925464,2.9347013,0.17256493447577687,-0.34593942750851764,-0.04682118644066133,-0.14716580795862014,-0.6610181048361679,0.4055154883893346,1,-0.1460003052924857,TRUE,0.668605355660834,1,0,0
BRB,BB,Barbados,Donor pool,1,2000,1997-2008,0,77,76,76,75,61,14,0.8133333333333334,0,1,0.37838430000000006,-0.11651889354014222,3.0217333,-0.2566090136397191,-0.35626443632797106,-0.034174311444577055,-0.14716580795862014,-0.6610181048361679,0.38025360089094945,1,-0.0842610235073928,TRUE,0.6308155680244363,1,0,0
BRB,BB,Barbados,Donor pool,1,2001,1997-2008,0,85,68,83,68,55,13,0.8088235294117647,0,1,0.14978780000000003,-0.11655053770430233,3.0760475,-0.1712278055942311,-0.3484026210898539,-0.03520746663236417,-0.14716580795862014,-0.6610181048361679,0.296748935433108,1,-0.10059536931688508,TRUE,0.5468861860981336,1,0,0
BRB,BB,Barbados,Donor pool,1,2002,1997-2008,0,105,98,101,95,67,28,0.7052631578947368,0,1,0.20612969999999997,-0.11657215928692613,3.0454739,-0.20848657791213213,-0.341434638430474,-0.03165358044439109,-0.14716580795862014,-0.6610181048361679,0.2851653643021568,1,-0.1557211604466725,TRUE,-0.3242249707214609,1,0,0
BRB,BB,Barbados,Donor pool,1,2003,1997-2008,0,91,81,89,79,66,13,0.8354430379746836,0,1,0.46067600000000003,-0.11659031483474432,3.3950172000000003,-0.1527551995636187,-0.34277989146703747,-0.022381987863261687,-0.14716580795862014,-0.6610181048361679,0.34060230640191974,1,-0.22078733778385817,TRUE,0.1249650579483628,1,0,0
BRB,BB,Barbados,Donor pool,1,2004,1997-2008,0,90,83,88,81,71,10,0.8765432098765432,0,1,0.34907980000000005,-0.11661754958736831,3.2970872,-0.2595366487991687,-0.3497641834414873,0.0014329815480234318,-0.14716580795862014,-0.6610181048361679,0.33170251069144946,1,-0.5902111712720061,TRUE,0.42958227843923874,1,0,0
BRB,BB,Barbados,Donor pool,1,2005,1997-2008,0,99,99,97,97,81,16,0.8350515463917526,0,1,0.09128610000000004,-0.11656538867350887,3.5281143,-0.23457583385307448,-0.3523924053793401,0.04045970009517849,-0.14716580795862014,-0.6610181048361679,0.20118469998671407,1,-0.6056550254669002,TRUE,-0.04004500601639565,1,0,0
BRB,BB,Barbados,Donor pool,1,2006,1997-2008,0,111,109,108,106,92,14,0.8679245283018868,0,1,0.29594980000000004,-0.11664786444706737,3.3687693000000003,-0.16856463398800747,-0.3243383585432773,0.0817528941993427,-0.14716580795862014,-0.6610181048361679,0.18845129168406613,1,-0.4709762643131091,TRUE,0.013489869017504213,1,0,0
BRB,BB,Barbados,Donor pool,1,2007,1997-2008,0,94,90,93,89,79,10,0.8876404494382022,0,1,0.016625,-0.11667450246306973,3.3561370000000004,-0.24729968963061297,-0.33493697072333733,0.12923658858656753,-0.14716580795862014,-0.6610181048361679,0.11330605545784347,1,-0.30544972123024416,TRUE,-0.4918047963594533,1,0,0
BRB,BB,Barbados,Donor pool,1,2008,1997-2008,0,99,97,97,95,78,17,0.8210526315789474,0,1,0.048588500000000034,-0.11659958505973746,3.3547705999999997,-0.23390265090377108,-0.3338939383148491,0.1389415461019189,-0.14716580795862014,-0.6610181048361679,0.09674468125163996,1,-0.39129032215201665,TRUE,-0.20616797531951528,1,0,0
BRB,BB,Barbados,Donor pool,1,2009,2009-2016,1,84,80,83,79,71,8,0.8987341772151899,0,1,0.015172300000000027,-0.11650427306510551,3.1986226,-0.2717264884511796,-0.3276601991867388,0.10159780573668874,-0.14716580795862014,-0.6610181048361679,-0.01637286645013112,1,-0.36503232932957297,TRUE,-0.343362040572871,1,0,0
BRB,BB,Barbados,Donor pool,1,2010,2009-2016,1,88,86,87,85,75,10,0.8823529411764706,0,1,0.27388180000000006,-0.11653922576181164,3.1096639,-0.3480823723407724,-0.3344222921107011,0.22841790890048258,-0.14716580795862014,-0.6610181048361679,0.03133142235969458,1,-0.18738495876081407,TRUE,-0.5094939732393211,1,0,0
BRB,BB,Barbados,Donor pool,1,2011,2009-2016,1,99,95,96,93,76,17,0.8172043010752689,0,1,0.38699089999999997,-0.11658440126705591,2.8550400999999996,-0.3426112903417553,-0.3153577348521118,0.2254097643354493,-0.14716580795862014,-0.6610181048361679,-0.04279960177533634,1,-0.07938683574503377,TRUE,-0.20467567858953842,1,0,0
BRB,BB,Barbados,Donor pool,1,2012,2009-2016,1,92,91,90,89,72,17,0.8089887640449438,0,1,0.4405341,-0.11654456290996629,2.9713916,-0.3011457938746812,-0.2829206608913252,0.23410711404882462,-0.14716580795862014,-0.6610181048361679,-0.1333038647090612,1,-0.36382256788683903,TRUE,-0.6345859283752482,1,0,0
BRB,BB,Barbados,Donor pool,1,2013,2009-2016,1,61,59,61,59,52,7,0.8813559322033898,0,1,0.041151599999999955,-0.11674900866991886,3.1186572,-0.32238601896646873,-0.26032015341407533,0.22253156214325046,-0.14716580795862014,-0.6610181048361679,-0.22343217395756088,1,-0.1583429464490156,TRUE,-0.8022307280709313,1,0,0
BRB,BB,Barbados,Donor pool,1,2014,2009-2016,1,80,78,78,76,65,11,0.8552631578947368,0,1,0.3810437,-0.11642425102383648,3.1130317,-0.33176981435858893,-0.26068184500871777,0.21614007468815366,-0.14716580795862014,-0.6610181048361679,-0.33182624990739146,1,-0.5543454998519745,TRUE,-0.549457934111964,1,0,0
BRB,BB,Barbados,Donor pool,1,2015,2009-2016,1,78,70,77,69,52,17,0.7536231884057971,0,1,0.2185524,-0.11652280862380368,3.0054096,-0.17343699340395155,-0.13002058729921043,0.2229430366775764,-0.14716580795862014,-0.6610181048361679,-0.3440991927586818,1,-0.004593980644807095,TRUE,-0.5879321592155815,1,0,0
BRB,BB,Barbados,Donor pool,1,2016,2009-2016,1,114,112,113,111,79,32,0.7117117117117117,0,1,0.1005163,-0.11654559331199373,2.8811576,-0.17249859873703863,-0.19212582575621223,0.21916272461371528,-0.14716580795862014,-0.6610181048361679,-0.4569686974057282,1,-0.3626356584106381,TRUE,-0.2553438366524452,1,0,0
BTN,BT,Bhutan,Donor pool,1,1997,1997-2008,0,88,79,82,74,59,15,0.7972972972972973,0,1,0.5060648000000001,-0.11721466274931747,3.7099702,-0.2582619467864441,-0.35992996725897497,-0.358724373565607,-0.1268709571446735,0.6697125366190358,0.4164141714497665,0,-0.7572895846961301,FALSE,0.1857010557108885,0,0,0
BTN,BT,Bhutan,Donor pool,1,1998,1997-2008,0,84,64,78,59,33,26,0.559322033898305,0,1,0.2745315,-0.1172078197764251,3.5134336,-0.2568915973851849,-0.35992996725897497,-0.3584942324324728,-0.12394556144549633,0.6697125366190358,0.4328899998934726,0,0.6228044843484186,FALSE,0.38701016471361305,0,0,0
BTN,BT,Bhutan,Donor pool,1,1999,1997-2008,0,94,93,89,88,65,23,0.7386363636363636,0,1,0.06623129999999999,-0.11719980171140448,3.4140077,-0.34455894122929204,-0.3497995973936787,-0.35710893196753507,-0.12288326628730453,0.6697125366190358,0.40609975522203356,0,0.21317826425643221,FALSE,-0.023446674584434144,0,0,0
BTN,BT,Bhutan,Donor pool,1,2000,1997-2008,0,77,64,76,63,49,14,0.7777777777777778,0,1,0.1846279999999999,-0.117200839083595,3.5847456,-0.32164913823300334,-0.35992996725897497,-0.35456685896585466,-0.12176767292079693,0.6697125366190358,0.38082995937877034,0,0.5088288311048761,FALSE,-0.055583492019711474,0,0,0
BTN,BT,Bhutan,Donor pool,1,2001,1997-2008,0,85,68,83,67,53,14,0.7910447761194029,0,1,0.06963279999999994,-0.1171933875548126,3.2954681,-0.31953026639143894,-0.35152836342729676,-0.35338219618086103,-0.12043996366658662,0.6697125366190358,0.29729225149594174,0,0.15190956275282236,FALSE,-0.6921423691989259,0,0,0
BTN,BT,Bhutan,Donor pool,1,2002,1997-2008,0,105,75,101,72,50,22,0.6944444444444444,0,1,0.035854300000000006,-0.117183014160629,3.2874578999999997,-0.33080268169783195,-0.34923942977557,-0.35092663091445836,-0.1195977843518863,0.6697125366190358,0.2856816392373995,0,0.3456674149735985,FALSE,-0.18360380273921206,0,0,0
BTN,BT,Bhutan,Donor pool,1,2003,1997-2008,0,91,72,89,70,51,19,0.7285714285714285,0,1,0.7342983000000001,-0.11717751278638706,3.1213949000000003,-0.3807794863688801,-0.35851753149931653,-0.3472068146544442,-0.12079668943837278,0.6697125366190358,0.34109858726585324,0,0.5488097135455259,FALSE,-0.7564865131072925,0,0,0
BTN,BT,Bhutan,Donor pool,1,2004,1997-2008,0,90,64,88,63,50,13,0.7936507936507936,0,1,0.26689110000000005,-0.11717123723602944,3.3792758999999997,-0.4005722576266041,-0.30871287358991056,-0.3440337608983472,-0.12154595817048656,0.6697125366190358,0.33217046972273984,0,0.15634025858341757,FALSE,0.3557695596939222,0,0,0
BTN,BT,Bhutan,Donor pool,1,2005,1997-2008,0,99,79,97,77,64,13,0.8311688311688312,0,1,0.24856080000000003,-0.11717208500320887,3.3708396,-0.39718241559029643,-0.3597852404546165,-0.3390501199674615,-0.12226546131021282,0.6697125366190358,0.20169746025402513,0,-0.033064184395607585,FALSE,0.07381093947359725,0,0,0
BTN,BT,Bhutan,Donor pool,1,2006,1997-2008,0,111,107,108,105,86,19,0.819047619047619,0,1,0.33358469999999996,-0.11716767209003862,3.3311344000000003,-0.3971642510437124,-0.3599089324559694,-0.335945218180874,-0.1215515523728279,0.6697125366190358,0.18889061642185037,0,-0.12103698212251236,FALSE,0.2918544800094992,0,0,0
BTN,BT,Bhutan,Donor pool,1,2007,1997-2008,0,94,78,93,77,59,18,0.7662337662337663,0,1,0.26894330000000005,-0.11713334396520196,3.1038187,-0.4032318467189589,-0.3580891088168893,-0.32287389593448346,-0.12389282216453333,0.6697125366190358,0.1136938535699609,0,0.46225451151228353,FALSE,0.4071272151872193,0,0,0
BTN,BT,Bhutan,Donor pool,1,2008,1997-2008,0,99,87,97,85,66,19,0.7764705882352941,0,1,0.2136076,-0.11715243467010258,3.1897515,-0.3993805523662034,-0.3351299536651506,-0.3208408846215639,-0.12261725531207589,0.6697125366190358,0.0972119319998577,0,-0.3654167375792426,FALSE,0.03804118207294381,0,0,0
BTN,BT,Bhutan,Donor pool,1,2009,2009-2016,1,84,78,83,77,65,12,0.8441558441558441,0,1,0.09232949999999995,-0.11712704537635336,3.0911208,-0.4016481390457291,-0.3522797427374253,-0.32087619993048033,-0.11971906419424072,0.6697125366190358,-0.015846519279138296,0,-0.17150905796163804,FALSE,0.21416542674385222,0,0,0
BTN,BT,Bhutan,Donor pool,1,2010,2009-2016,1,88,81,87,80,61,19,0.7625,0,1,0.4170092000000001,-0.11708893994805893,2.9665365,-0.4027172892294159,-0.3591817618827629,-0.30567802893911483,-0.12130384772464585,0.6697125366190358,0.03179602314807258,0,-0.9262858610180624,FALSE,0.3549722540686349,0,0,0
BTN,BT,Bhutan,Donor pool,1,2011,2009-2016,1,99,89,96,87,71,16,0.8160919540229885,0,1,0.17668830000000002,-0.1171015494253187,3.0653426999999995,-0.4025271730091718,-0.3501654388634025,-0.29532226499684006,-0.12074512469346084,0.6697125366190358,-0.04236252474867727,0,-1.3427856998787495,FALSE,0.017551036763932493,0,0,0
BTN,BT,Bhutan,Donor pool,1,2012,2009-2016,1,92,90,90,88,66,22,0.75,0,1,0.3326703,-0.11709747963114757,3.0792554,-0.3991761371801798,-0.3569950020397597,-0.2964027086251055,-0.11674286968763516,0.6697125366190358,-0.13283655724093535,0,-0.9370568233566998,FALSE,0.0048010241786657915,0,0,0
BTN,BT,Bhutan,Donor pool,1,2013,2009-2016,1,61,60,61,60,53,7,0.8833333333333333,0,1,0.12671880000000002,-0.11709595299364187,3.2865276,-0.39875828716215733,-0.3591811143946568,-0.29849680456206823,-0.11369058688240877,0.6697125366190358,-0.2231389477495471,0,-1.2176462677612456,FALSE,-0.3009419942302006,0,0,0
BTN,BT,Bhutan,Donor pool,1,2014,2009-2016,1,80,77,78,75,63,12,0.84,0,1,0.2605417,-0.11700782711527598,3.2335336999999997,-0.40371463768225335,-0.3517192567186623,-0.29351440447955035,-0.11225235794919136,0.6697125366190358,-0.33133303012346604,0,-1.1730386100740016,FALSE,0.5789219901461999,0,0,0
BTN,BT,Bhutan,Donor pool,1,2015,2009-2016,1,78,78,77,77,62,15,0.8051948051948052,0,1,0.1919161,-0.11703279353315903,2.9787733,-0.3752235903887232,-0.33890575274545015,-0.290442325639561,-0.11040557325519817,0.6697125366190358,-0.34366816988011095,0,-1.2592538697608506,FALSE,0.08532911951470007,0,0,0
BTN,BT,Bhutan,Donor pool,1,2016,2009-2016,1,114,112,113,111,72,39,0.6486486486486487,0,1,0.05451859999999997,-0.11701707904795469,3.0361925,-0.3346294602615083,-0.34626211254175926,-0.2846159358484414,-0.10860555017330446,0.6697125366190358,-0.45657021279296595,0,-1.3322970083321402,FALSE,0.051558853029901104,0,0,0
BWA,BW,Botswana,Donor pool,1,1997,1997-2008,0,88,86,82,81,65,16,0.8024691358024691,0,1,0.6733994000000001,-0.11477014846797813,3.5426356,-0.36020597947293,4.963559873104988,-0.28338546815593113,-0.146189451577542,0.7059689320604031,0.4143481464303561,0,0.8736966891750222,FALSE,0.618051656030134,1,0,0
BWA,BW,Botswana,Donor pool,1,1998,1997-2008,0,84,83,78,78,61,17,0.782051282051282,0,1,0.12387940000000003,-0.11465208067847094,3.3627815,-0.2969598521281622,-0.35992996725897497,-0.2896443209347939,-0.14584929450231152,0.7059689320604031,0.43072997122856865,0,0.2880150113815432,FALSE,-0.14492868677127202,1,0,0
BWA,BW,Botswana,Donor pool,1,1999,1997-2008,0,94,93,89,89,68,21,0.7640449438202247,0,1,0.11580979999999996,-0.11459971981789191,3.2319666,-0.370246874934775,-0.35992996725897497,-0.2791004930501491,-0.14561358966235194,0.7059689320604031,0.4039022494494062,0,0.6718470226648697,FALSE,0.4242135335979215,1,0,0
BWA,BW,Botswana,Donor pool,1,2000,1997-2008,0,77,71,76,70,56,14,0.8,0,1,0.1618332,-0.11460096052353687,3.2382844000000004,-0.3764753561300275,-0.359772261103995,-0.2758440141536164,-0.14533096380759314,0.7059689320604031,0.3786326254570532,0,0.6058227908165474,FALSE,0.6461030592015866,1,0,0
BWA,BW,Botswana,Donor pool,1,2001,1997-2008,0,85,66,83,66,55,11,0.8333333333333334,0,1,0.09494970000000003,-0.11448204360082907,3.1308856,-0.38617162593365717,-0.35992996725897497,-0.2830360586912166,-0.1448937731980064,0.7059689320604031,0.2950007106005091,0,0.6828723485406946,FALSE,0.8790382365714223,1,0,0
BWA,BW,Botswana,Donor pool,1,2002,1997-2008,0,105,93,101,90,66,24,0.7333333333333333,0,1,0.02615999999999996,-0.11442424285679278,3.2254436,-0.36605412551967165,-0.35988643569547546,-0.2856461695656135,-0.144606103048532,0.7059689320604031,0.2833500142679454,0,0.3583067448107477,FALSE,-0.06234376803872538,1,0,0
BWA,BW,Botswana,Donor pool,1,2003,1997-2008,0,91,90,89,88,74,14,0.8409090909090909,0,1,0.4897558,-0.11454827965213477,3.3659374,-0.39168236000975365,-0.34531749231197567,-0.25294285491822444,-0.14542120543813758,0.7059689320604031,0.33887644380009596,0,0.6125515858921528,FALSE,-0.14587225631155176,1,0,0
BWA,BW,Botswana,Donor pool,1,2004,1997-2008,0,90,75,88,74,65,9,0.8783783783783784,0,1,0.3477466,-0.11467130316507906,3.2984204,-0.3425191478071691,-0.344347934346534,-0.23159158897773457,-0.14557251998604928,0.7059689320604031,0.3300576056757235,0,0.2877030407707085,FALSE,0.1511671362283066,1,0,0
BWA,BW,Botswana,Donor pool,1,2005,1997-2008,0,99,82,97,80,69,11,0.8625,0,1,0.23611530000000003,-0.11497424477256614,3.3832851,-0.3060502341651914,-0.3449241680634868,-0.2188267861040184,-0.14532238274479464,0.7059689320604031,0.19983991622581507,0,0.9675607032402957,FALSE,0.26835778719624764,1,0,0
BWA,BW,Botswana,Donor pool,1,2006,1997-2008,0,111,59,108,56,45,11,0.8035714285714286,0,1,0.4125108,-0.11501662731784996,3.2522083000000004,-0.23139091221392566,-0.3146015585334978,-0.22175035024891018,-0.14490034823406225,0.7059689320604031,0.18707262241333175,0,1.1600717562937992,FALSE,1.2740034306680745,1,0,0
BWA,BW,Botswana,Donor pool,1,2007,1997-2008,0,94,91,93,90,78,12,0.8666666666666667,0,1,0.18608700000000006,-0.11501066052436648,3.186675,-0.2572625443168448,-0.13969277738447516,-0.21476984708308833,-0.14471752378697145,0.7059689320604031,0.11189982964850877,0,0.943184928374635,FALSE,0.6349998064669166,1,0,0
BWA,BW,Botswana,Donor pool,1,2008,1997-2008,0,99,93,97,91,70,21,0.7692307692307693,0,1,0.4876562,-0.11491976393121084,2.9157029,-0.23606587843452,0.5684721862885327,-0.21553541552710467,-0.14431092631741363,0.7059689320604031,0.09532495034388315,0,0.1717698754357314,FALSE,-0.41126459841763174,1,0,0
BWA,BW,Botswana,Donor pool,1,2009,2009-2016,1,84,82,83,81,70,11,0.8641975308641975,0,1,0.3679901,-0.1152241632962153,2.8154602000000004,-0.27386009782459547,0.050349384203187866,-0.22788182014005584,-0.14411676067244839,0.7059689320604031,-0.017454774144558816,0,-0.2501022840796881,FALSE,-0.8984539617394566,1,0,0
BWA,BW,Botswana,Donor pool,1,2010,2009-2016,1,88,84,87,83,73,10,0.8795180722891566,0,1,0.47074940000000004,-0.11522443107872543,2.9127963,-0.27245319972312954,-0.09109382277555803,-0.1945929555851053,-0.14433058242220423,0.7059689320604031,0.030220200088922837,0,-0.22210852190765573,FALSE,-0.4938127136629549,1,0,0
BWA,BW,Botswana,Donor pool,1,2011,2009-2016,1,99,91,96,89,72,17,0.8089887640449438,0,1,0.44495979999999996,-0.11520422454097062,2.7970712,-0.28324885484353446,-0.08848424046964509,-0.16310099554769134,-0.14430419848816609,0.7059689320604031,-0.04396608285056154,0,0.04917716086843273,FALSE,0.1314138002961362,1,0,0
BWA,BW,Botswana,Donor pool,1,2012,2009-2016,1,92,90,90,88,70,18,0.7954545454545454,0,1,0.40139389999999997,-0.11522533379432734,3.0105318000000003,-0.31231734911487646,-0.045212888369349676,-0.18343181562245559,-0.14382967705167762,0.7059689320604031,-0.13441883481991357,0,-0.22284362788751585,FALSE,0.2707692210729098,1,0,0
BWA,BW,Botswana,Donor pool,1,2013,2009-2016,1,61,53,61,53,45,8,0.8490566037735849,0,1,0.08801289999999995,-0.11512289004492024,3.0717959,-0.3124042139602211,0.07125182402827016,-0.18133439810335442,-0.1433811255289659,0.7059689320604031,-0.2248065172327969,0,0.3414660577134541,FALSE,0.6587858878676962,1,0,0
BWA,BW,Botswana,Donor pool,1,2014,2009-2016,1,80,78,78,76,65,11,0.8552631578947368,0,1,0.3632482,-0.11481838610073052,3.1308271999999997,-0.28999186011348227,0.11885526220933,-0.1679503018183791,-0.14303975103701444,0.7059689320604031,-0.33318347540378385,0,0.6954494415886293,FALSE,0.4947177386287317,1,0,0
BWA,BW,Botswana,Donor pool,1,2015,2009-2016,1,78,73,77,72,54,18,0.75,0,1,0.25845969999999996,-0.1150844083523653,3.0453169,-0.2999840032983048,0.06215272411141354,-0.1967830715612082,-0.14235785473769744,0.7059689320604031,-0.3453148825058861,0,0.21681221698863218,FALSE,-0.12222892783091152,1,0,0
BWA,BW,Botswana,Donor pool,1,2016,2009-2016,1,114,97,113,96,69,27,0.71875,0,1,0.027770300000000026,-0.11488496110252627,2.9539036,-0.26356324575082796,-0.23116651034645574,-0.1789203714436352,-0.14190115095888656,0.7059689320604031,-0.4583722104549211,0,0.5276593931660729,FALSE,0.19751280397236284,1,0,0
CAN,CA,Canada,Donor pool,1,1997,1997-2008,0,88,88,82,82,42,40,0.5121951219512195,0,1,2.3998470000000003,0.190496398078193,1.8161880000000001,1.5235756027011487,-0.2077748785290935,0.26635715689167744,-0.147529792080288,-1.0378722454599145,0.1563466581314625,0,0.02405217808983978,FALSE,0.22755065574643674,1,0,1
CAN,CA,Canada,Donor pool,1,1998,1997-2008,0,84,84,78,78,41,37,0.5256410256410257,0,1,1.6735621,0.19477368767466324,1.5653400000000002,1.5740984512696734,-0.19090203105222817,0.24058593590613256,-0.1474712926300615,-1.0378722454599145,0.16921324213928152,0,0.02402163357362458,FALSE,0.23611561409924264,1,0,1
CAN,CA,Canada,Donor pool,1,1999,1997-2008,0,94,94,89,89,40,49,0.449438202247191,0,1,1.8685863999999999,0.19891900808844248,1.47919,1.6262884999752991,-0.19916744528686678,0.27851383550828684,-0.14746999170890396,-1.0378722454599145,0.13892628230006818,0,0.1060622664820625,FALSE,0.24408567051680716,1,0,1
CAN,CA,Canada,Donor pool,1,2000,1997-2008,0,77,77,76,76,41,35,0.5394736842105263,0,1,1.8736246,0.19883398590535797,1.526493,1.5506893160980397,-0.14025287101299222,0.33598644766756786,-0.14747017548904784,-1.0378722454599145,0.11372746772366907,0,0.23433340779360717,FALSE,0.3264480954402301,1,0,1
CAN,CA,Canada,Donor pool,1,2001,1997-2008,0,85,84,83,83,44,39,0.5301204819277109,0,1,1.8017322999999998,0.19701403541232015,1.4241030000000001,1.5549491115943246,-0.10929998575951831,0.3227947204337613,-0.1474326499582748,-1.0378722454599145,0.031734221383332636,0,0.21609566855947235,FALSE,0.26668713192773996,1,0,1
CAN,CA,Canada,Donor pool,1,2002,1997-2008,0,105,105,101,101,47,54,0.46534653465346537,0,1,1.7127736,0.1994899563217139,1.53883,1.5543213881705076,-0.13078131610517416,0.33554615643105384,-0.14741993191877029,-1.0378722454599145,0.018039807491126224,0,0.19025941187446901,FALSE,0.2341314837858699,1,0,1
CAN,CA,Canada,Donor pool,1,2003,1997-2008,0,91,91,89,89,46,43,0.5168539325842697,0,1,2.1179062,0.19038154506366492,1.7377870000000002,1.5493243903885223,-0.10373044031176089,0.45443899099882035,-0.14752008240663592,-1.0378722454599145,0.08115954198590347,0,0.16298270752927033,FALSE,0.197594328756526,1,0,1
CAN,CA,Canada,Donor pool,1,2004,1997-2008,0,90,88,88,86,42,44,0.4883720930232558,0,1,2.177963,0.18613794056722585,1.4682039999999998,1.5377706021981168,-0.03235536996986492,0.5673908152996214,-0.14757907021101155,-1.0378722454599145,0.07582328666801987,0,0.22324356251114327,FALSE,0.23484740145252875,1,0,1
CAN,CA,Canada,Donor pool,1,2005,1997-2008,0,99,99,97,97,53,44,0.5463917525773195,0,1,2.0366214,0.19751149424947173,1.582779,1.5697457861571091,-0.05691324232381551,0.6919338726743056,-0.14763222831930692,-1.0378722454599145,-0.0642630018699659,0,0.20064818410014307,FALSE,0.1695861605178317,1,0,1
CAN,CA,Canada,Donor pool,1,2006,1997-2008,0,111,111,108,108,54,54,0.5,0,1,2.2966521,0.20167877075703056,1.3680670000000001,1.5231054315468733,-0.07232424943951704,0.8130169265828909,-0.1476778062770223,-1.0378722454599145,-0.08058816441439116,0,0.17455079340254037,FALSE,0.23560953517055364,1,0,1
CAN,CA,Canada,Donor pool,1,2007,1997-2008,0,94,94,93,93,45,48,0.4838709677419355,0,1,2.22354,0.20526398688779904,1.1492220000000002,1.4402387337464762,0.01538935901909858,0.9351481846170593,-0.14771347063540582,-1.0378722454599145,-0.15878602385114546,0,0.14093019228486448,FALSE,0.24809188086733103,1,0,1
CAN,CA,Canada,Donor pool,1,2008,1997-2008,0,99,98,97,96,44,52,0.4583333333333333,0,1,2.2891161,0.1894927953165694,1.1142429999999999,1.4125122043392289,0.0412351716188371,0.9953952672298365,-0.1477175864127958,-1.0378722454599145,-0.16195477529720906,0,0.10435877214996396,FALSE,0.16503581905704023,1,0,1
CAN,CA,Canada,Donor pool,1,2009,2009-2016,1,84,83,83,82,38,44,0.4634146341463415,0,1,2.2379733,0.17347611993582887,0.9454770000000001,1.3630361781012845,0.17159781373577146,0.8239147586946126,-0.14767355329524226,-1.0378722454599145,-0.2614549883472436,0,-0.06096501695655835,FALSE,0.00413394548305729,1,0,1
CAN,CA,Canada,Donor pool,1,2010,2009-2016,1,88,88,87,87,43,44,0.4942528735632184,0,1,2.4089707000000002,0.1655016886395777,0.974575,1.386213482712477,0.19014929624263174,1.0203858716283312,-0.14773945507133207,-1.0378722454599145,-0.20704050702475704,0,-0.09628679351850425,FALSE,-0.07503993848527626,1,0,1
CAN,CA,Canada,Donor pool,1,2011,2009-2016,1,99,98,96,96,39,57,0.40625,0,1,2.646794,0.16376507303116092,0.5952369999999998,1.3446373304617067,0.3192674453600925,1.157420309201443,-0.1477636188177003,-1.0378722454599145,-0.27974198026754565,0,-0.05029401262728728,FALSE,0.037647238123985335,1,0,1
CAN,CA,Canada,Donor pool,1,2012,2009-2016,1,92,89,90,87,28,59,0.3218390804597701,0,1,2.7979697,0.16731687428206568,0.6139560000000002,1.3700886425061043,0.3571562157672697,1.1705409227621226,-0.1477576412020639,-1.0378722454599145,-0.37321444153058775,0,-0.09476907216560826,FALSE,0.07168185154184645,1,0,1
CAN,CA,Canada,Donor pool,1,2013,2009-2016,1,61,61,61,61,15,46,0.2459016393442623,0,1,2.4263988000000003,0.16345928152200798,0.7334099999999999,1.3545922620612112,0.3758497205452255,1.1695939163056441,-0.14773944050458857,-1.0378722454599145,-0.46025522817411973,0,-0.073533044015513,FALSE,0.11411402114321503,1,0,1
CAN,CA,Canada,Donor pool,1,2014,2009-2016,1,80,80,78,78,23,55,0.2948717948717949,0,1,2.7431314,0.1654707479526739,0.7509439999999998,1.3822660968402412,0.2652978468489295,1.1203048225785572,-0.14769531199613434,-1.0378722454599145,-0.5700748562575619,0,-0.029087968011158805,FALSE,0.2004275725221782,1,0,1
CAN,CA,Canada,Donor pool,1,2015,2009-2016,1,78,77,77,76,19,57,0.25,0,1,2.0116092,0.15900049275227382,0.7752479999999999,1.3470889922522176,0.5313639026228211,0.9038255198680286,-0.14759237527932134,-1.0378722454599145,-0.5769626447822434,1,-0.09265422067367395,FALSE,0.20173348189451196,1,0,1
CAN,CA,Canada,Donor pool,1,2016,2009-2016,1,114,114,113,113,46,67,0.40707964601769914,0,1,2.0177639000000003,0.14733412337870003,0.9639099999999998,1.343340802709933,0.3143471487803871,0.8662070320820197,-0.14756467793887781,-1.0378722454599145,-0.6799913653278166,1,-0.07064840881346623,FALSE,0.1565051850353955,1,0,1
CIV,CI,Côte d’Ivoire,Donor pool,1,1997,1997-2008,0,88,87,82,81,68,13,0.8395061728395061,0,1,0.46953920000000005,-0.1112618384905617,3.7464958,-0.2381796689464211,-0.24051373499005746,-0.3442013397125645,0.19686691430216682,0.03982364961654192,0.4113830354287473,0,0.11465804272073817,FALSE,0.014756047352494483,0,0,0
CIV,CI,Côte d’Ivoire,Donor pool,1,1998,1997-2008,0,84,81,78,75,60,15,0.8,0,1,0.27649660000000004,-0.11113338510079425,3.5153987000000004,-0.17457024673593427,-0.28087429368825134,-0.34265224764207086,0.20058268831181233,0.03982364961654192,0.42775608265092213,0,0.0063367842577654885,FALSE,0.02508854377883905,0,0,0
CIV,CI,Côte d’Ivoire,Donor pool,1,1999,1997-2008,0,94,92,89,88,70,18,0.7954545454545454,0,1,0.10008649999999997,-0.11118397943916228,3.4478629,-0.1976645636782156,-0.342197020397209,-0.3450394852095887,0.2156776155257562,0.03982364961654192,0.4010153753017949,0,0.0586421468606619,FALSE,-0.03833155791650359,0,0,0
CIV,CI,Côte d’Ivoire,Donor pool,1,2000,1997-2008,0,77,65,76,64,51,13,0.796875,0,1,0.19319070000000005,-0.11151665335774198,3.2069269,-0.17403769012919365,-0.333326235747952,-0.3497265769414549,0.27170912313690493,0.03982364961654192,0.37602586802441185,1,0.008500396068808803,FALSE,0.06615489507658122,0,1,0
CIV,CI,Côte d’Ivoire,Donor pool,1,2001,1997-2008,0,85,71,83,71,53,18,0.7464788732394366,0,1,0.16931620000000003,-0.11172089723172218,3.3951515,-0.1866052471196097,-0.3294407529971014,-0.35007654683266104,0.284833397584299,0.03982364961654192,0.29266707830211086,1,0.07497743247662206,FALSE,0.18970730994884805,0,0,0
CIV,CI,Côte d’Ivoire,Donor pool,1,2002,1997-2008,0,105,89,101,86,66,20,0.7674418604651163,0,1,0.0740419,-0.11186867646567658,3.3256455,-0.21683091578892819,-0.31798558025494655,-0.34881032884754826,0.26195317895403236,0.03982364961654192,0.2811901315693191,1,0.33872196468481386,FALSE,0.048413166864928824,0,0,0
CIV,CI,Côte d’Ivoire,Donor pool,1,2003,1997-2008,0,91,84,89,83,72,11,0.8674698795180723,0,1,0.19124830000000004,-0.11197012641894817,3.6644449000000003,-0.1648268677628449,-0.25425820423427015,-0.3445976270214188,0.19463596838250072,0.03982364961654192,0.3366974714274255,0,0.17142051890447968,FALSE,0.029887980804747485,0,0,0
CIV,CI,Côte d’Ivoire,Donor pool,1,2004,1997-2008,0,90,82,88,81,60,21,0.7407407407407407,0,1,0.5883864000000001,-0.11181408133242576,3.0577806,-0.1000644521163664,-0.09550960287505249,-0.3419924081206627,0.16354931982120494,0.03982364961654192,0.32764277347886156,0,0.1532461642163435,FALSE,0.0863510668518446,0,0,0
CIV,CI,Côte d’Ivoire,Donor pool,1,2005,1997-2008,0,99,68,97,66,54,12,0.8181818181818182,0,1,0.36898250000000005,-0.11252269542708866,3.2504179,0.06586138620570084,-0.16471442035854697,-0.3420535046669828,0.16350219861265525,0.03982364961654192,0.19776794539596937,0,0.10532876204204088,FALSE,0.08422157618833126,0,0,0
CIV,CI,Côte d’Ivoire,Donor pool,1,2006,1997-2008,0,111,94,108,93,72,21,0.7741935483870968,0,1,0.6551412,-0.11254533822592375,3.0095779,-0.16011853788430033,-0.10929337985841471,-0.34109302782001677,0.16064383954363803,0.03982364961654192,0.1849839681832905,0,0.4745996287283926,FALSE,0.14465726513669053,0,0,0
CIV,CI,Côte d’Ivoire,Donor pool,1,2007,1997-2008,0,94,78,93,77,55,22,0.7142857142857143,0,1,0.60585968,-0.11267696962044585,2.7669023200000002,-0.20113208770768462,-0.2875659493740397,-0.33706392863185786,0.13474278734056527,0.03982364961654192,0.10992746899106591,0,0.2913790478273238,FALSE,0.1680879175243752,0,0,0
CIV,CI,Côte d’Ivoire,Donor pool,1,2008,1997-2008,0,99,94,97,92,69,23,0.75,0,1,0.4930683,-0.11266293906684186,2.9102908,-0.10757457494260018,-0.2464664930587617,-0.33070375667422486,0.11544135376970947,0.03982364961654192,0.093417554396226607,0,0.3686469759517546,FALSE,0.18730387778435265,0,0,0
CIV,CI,Côte d’Ivoire,Donor pool,1,2009,2009-2016,1,84,79,83,78,61,17,0.782051282051282,0,1,0.53142952,-0.11229294487212856,2.65202078,-0.1837021476367014,-0.2511358728393939,-0.33198255679560684,0.12980985709510423,0.03982364961654192,-0.019932145885746485,0,0.5241031268031702,FALSE,0.2694805723708605,0,0,0
CIV,CI,Côte d’Ivoire,Donor pool,1,2010,2009-2016,1,88,70,87,69,51,18,0.7391304347826086,0,1,0.9601257000000001,-0.11251885186324785,2.42342,-0.09801302252646014,-0.19639162113358039,-0.33159774378952717,0.14430106240644577,0.03982364961654192,0.027933531365469562,1,0.16838889990527747,FALSE,0.1266132402681976,0,0,0
CIV,CI,Côte d’Ivoire,Donor pool,1,2011,2009-2016,1,99,93,96,91,67,24,0.7362637362637363,0,1,0.6510129,-0.11289662378640042,2.5910181,-0.10853810193116369,-0.1475513541656316,-0.33033179540335067,0.13037481872085588,0.03982364961654192,-0.045916392951077745,0,0.48942457119763777,FALSE,-0.04648937511028602,0,0,0
CIV,CI,Côte d’Ivoire,Donor pool,1,2012,2009-2016,1,92,89,90,87,68,19,0.7816091954022989,0,1,0.4417791,-0.11251168674636887,2.9701466,-0.14705806879124886,-0.15915976994517672,-0.33179177784709607,0.15362366086542564,0.03982364961654192,-0.13671232221646118,0,0.04863767326743657,FALSE,-0.009016960755685675,0,0,0
CIV,CI,Côte d’Ivoire,Donor pool,1,2013,2009-2016,1,61,60,61,60,49,11,0.8166666666666667,0,1,0.22270419999999996,-0.11237719361330868,2.9371046,-0.20862180045188608,-0.06574503772237737,-0.324762180379502,0.1437719218177484,0.03982364961654192,-0.22712709173985557,0,0.0163368538179372,FALSE,0.025521449444210025,0,0,0
CIV,CI,Côte d’Ivoire,Donor pool,1,2014,2009-2016,1,80,70,78,69,48,21,0.6956521739130435,0,1,0.77737433,-0.11204845439957077,2.71670107,-0.15761476703489424,-0.10244184976096722,-0.318731891811131,0.14368776097557656,0.03982364961654192,-0.33552453278288813,0,0.15295538196951203,FALSE,0.05060089873717964,0,0,0
CIV,CI,Côte d’Ivoire,Donor pool,1,2015,2009-2016,1,78,71,77,70,41,29,0.5857142857142857,0,1,0.08036459999999998,-0.11172182023141183,2.7064926,-0.18022101468548674,-0.1761218745310904,-0.32392290680426566,0.2013278794856994,0.03982364961654192,-0.3481568340710273,0,0.07262261921591205,FALSE,-0.04296927232361104,0,0,0
CIV,CI,Côte d’Ivoire,Donor pool,1,2016,2009-2016,1,114,99,113,99,64,35,0.6464646464646465,0,1,0.2659994,-0.11146167014632172,2.7156745,-0.14835634776711706,-0.22027875069391314,-0.32251596173814084,0.20215232221996224,0.03982364961654192,-0.46126546610829605,0,0.05010676648669589,FALSE,-0.11388312784211899,0,0,0
COL,CO,Colombia,Donor pool,1,1997,1997-2008,0,88,88,82,82,68,14,0.8292682926829268,0,1,0.4069941,-0.0757470930940774,3.8090409000000003,0.5770882620966149,-0.34741856965117,-0.29281555329130615,0.5265733064465151,-0.5923621621922206,0.3813671123853637,0,-0.17715057916681762,TRUE,-0.08884368323756231,0,0,0
COL,CO,Colombia,Donor pool,1,1998,1997-2008,0,84,83,78,77,59,18,0.7662337662337663,0,1,0.2171076,-0.07387342624460648,3.4560097,0.588597005861848,-0.34824096340013916,-0.30070315032152556,0.695320571768893,-0.5923621621922206,0.3962651612000911,0,-0.14168708688239387,TRUE,-0.20119578702038537,0,0,0
COL,CO,Colombia,Donor pool,1,1999,1997-2008,0,94,94,89,89,68,21,0.7640449438202247,0,1,0.245896,-0.07488316978813632,3.1018803999999998,0.8273805584719044,-0.33266614658467153,-0.3113892962020246,0.890656316853791,-0.5923621621922206,0.37033509597743375,0,0.13661775086742706,TRUE,-0.3317890993385173,0,0,0
COL,CO,Colombia,Donor pool,1,2000,1997-2008,0,77,77,76,76,59,17,0.7763157894736842,0,1,0.4703297000000001,-0.07495858707517544,2.9297879,0.7943244839545683,-0.3256845063504548,-0.3021684785045225,1.0865662686107356,-0.5923621621922206,0.3451281636511441,0,0.14464286307785293,TRUE,-0.19540318248867128,0,0,0
COL,CO,Colombia,Donor pool,1,2001,1997-2008,0,85,84,83,83,68,15,0.8192771084337349,0,1,0.2631201,-0.07395450341282969,2.9627152,0.6464635540644978,-0.33742110455060165,-0.3045786532678423,1.2119404756214556,-0.5923621621922206,0.2607481342736905,0,0.03555776925102249,TRUE,-0.3417374826014917,0,0,0
COL,CO,Colombia,Donor pool,1,2002,1997-2008,0,105,103,101,99,69,30,0.696969696969697,0,1,0.30235769999999995,-0.07438464086360554,2.9492459,0.6499968735022709,-0.33685972645454404,-0.30587345167878016,1.333063581734006,-0.5923621621922206,0.24950982764410545,0,0.018419174787535506,TRUE,-0.527996998726107,0,0,0
COL,CO,Colombia,Donor pool,1,2003,1997-2008,0,91,89,89,87,71,16,0.8160919540229885,0,1,0.6202017,-0.07452921808483347,3.2354915,0.6882228352007483,-0.3032342103678678,-0.30931129357550285,1.5535959098931504,-0.5923621621922206,0.30505361728501623,0,0.04257568941900126,TRUE,-0.17262471530487158,0,0,0
COL,CO,Colombia,Donor pool,1,2004,1997-2008,0,90,90,88,88,76,12,0.8636363636363636,0,1,0.3828108,-0.07424320007314505,3.2633562,0.5847183140076049,-0.23244076904355238,-0.2944232680434291,1.4062194832772938,-0.5923621621922206,0.29588907039128953,0,0.05935260831002286,TRUE,-0.5496281967094221,0,0,0
COL,CO,Colombia,Donor pool,1,2005,1997-2008,0,99,94,97,92,79,13,0.8586956521739131,0,1,0.2361089,-0.07262293224831064,3.3832915,0.5412922455407713,-0.23417429563603576,-0.27568960911236534,1.2245020475044457,-0.5923621621922206,0.16404594605025644,0,0.024202695430353045,TRUE,-8.350519413386076e-4,0,0,0
COL,CO,Colombia,Donor pool,1,2006,1997-2008,0,111,109,108,107,85,22,0.794392523364486,0,1,0.5751633,-0.0743100469277863,3.0895558000000003,0.576124858960167,-0.2186265651956375,-0.26588079565211153,1.2466597841187927,-0.5923621621922206,0.15266872705362006,0,-0.004032579271727898,TRUE,-0.11498828575727886,0,0,0
COL,CO,Colombia,Donor pool,1,2007,1997-2008,0,94,94,93,93,74,19,0.7956989247311828,0,1,0.42099870000000006,-0.07395392666335988,2.9517633,0.4291903043290825,0.13371899892914363,-0.23707999102365931,1.0805881856972552,-0.5923621621922206,0.07719999581254293,0,-0.06593431377827438,TRUE,0.011150162700397126,0,0,0
COL,CO,Colombia,Donor pool,1,2008,1997-2008,0,99,98,97,96,69,27,0.71875,0,1,0.463549,-0.0709017257005326,2.9398101,0.38947532439955307,0.00358727005064031,-0.2143963297526892,1.0139466218821986,-0.5923621621922206,0.05812231709106127,0,-0.052066587570829125,TRUE,-0.4179861295757976,0,0,0
COL,CO,Colombia,Donor pool,1,2009,2009-2016,1,84,83,83,82,67,15,0.8170731707317073,0,1,0.4920474,-0.06927161897208813,2.6914029000000004,0.4984880125600168,0.04428877314660534,-0.2229437574792168,1.1277790283442277,-0.5923621621922206,-0.056292389863949244,0,-0.0058104803225937415,TRUE,-0.2057922988702477,0,0,0
COL,CO,Colombia,Donor pool,1,2010,2009-2016,1,88,88,87,87,68,19,0.7816091954022989,0,1,0.7361617,-0.07112458931710208,2.647384,0.6186088184703923,0.34347971358312596,-0.1892280659414825,0.9748276217562921,-0.5923621621922206,-0.007051570882953872,0,-0.06458515791891813,TRUE,-0.19140073096793117,0,0,0
COL,CO,Colombia,Donor pool,1,2011,2009-2016,1,99,98,96,96,74,22,0.7708333333333334,0,1,0.69081529,-0.0683227578785409,2.5512157099999997,0.6056649301317851,0.17895019966716455,-0.15976237371626995,0.9446746246957335,-0.5923621621922206,-0.08358879391861627,0,-0.06110769988980933,TRUE,0.19392789751451198,0,0,0
COL,CO,Colombia,Donor pool,1,2012,2009-2016,1,92,92,90,90,64,26,0.7111111111111111,0,1,0.8170875,-0.06581826255694806,2.5948382000000003,0.5730494848222705,0.36566314146059853,-0.13896842955286126,0.9150987915947967,-0.5923621621922206,-0.1761761058211282,0,-0.07331547317613508,TRUE,0.40959639460275726,0,0,1
COL,CO,Colombia,Donor pool,1,2013,2009-2016,1,61,61,61,61,48,13,0.7868852459016393,0,1,0.38289839999999997,-0.06345961464657601,2.7769104000000002,0.46869488945241716,0.4823788533151682,-0.13395792550559588,0.9570232718728615,-0.5923621621922206,-0.268470659583071,0,-0.07847278287600241,TRUE,-0.27871248141811794,0,0,1
COL,CO,Colombia,Donor pool,1,2014,2009-2016,1,80,78,78,76,60,16,0.7894736842105263,0,1,0.6987222,-0.062198311058171966,2.7953532,0.38209525332544975,1.4176989297357963,-0.13665836848611893,1.0352198700985358,-0.5923621621922206,-0.3776562741070195,0,-0.1873129724870065,TRUE,-0.21707779289069778,0,0,1
COL,CO,Colombia,Donor pool,1,2015,2009-2016,1,78,77,77,77,55,22,0.7142857142857143,0,1,0.048308500000000004,-0.0661731261332844,2.7385487,0.5335607442590267,0.8422177680464712,-0.1936295887038922,1.4732986517222049,-0.5923621621922206,-0.3866531285400657,0,-0.2454596465764145,TRUE,0.02840860247053845,0,0,1
COL,CO,Colombia,Donor pool,1,2016,2009-2016,1,114,112,113,111,73,38,0.6576576576576577,0,1,0.2775046,-0.0657863017266102,2.7041692999999998,0.5993370190777139,0.5677351306745722,-0.20211263168795504,1.658704810871507,-0.5923621621922206,-0.49986882164861085,0,-0.14492383839043166,TRUE,-0.10955128304543776,0,0,1
COM,KM,Comoros,Donor pool,1,1997,1997-2008,0,88,23,82,23,17,6,0.7391304347826086,0,1,0.16601,-0.11727912542284821,4.050025,0.08073920016863849,-0.35914226863083687,-0.35625378363859217,0.1105600821177532,0.8024580226639534,0.41646865323265037,0,-0.23982839070157366,FALSE,-0.04930911703543746,0,0,0
COM,KM,Comoros,Donor pool,1,1998,1997-2008,0,84,55,78,51,38,13,0.7450980392156863,0,1,0.1988257,-0.11728031567618676,3.0400764000000002,-0.23383701851023353,-0.35992996725897497,-0.35654882755092066,0.11334688116438735,0.8024580226639534,0.43295127110135867,0,-0.27412166111966874,FALSE,-0.16192107574320194,0,0,0
COM,KM,Comoros,Donor pool,1,1999,1997-2008,0,94,29,89,29,26,3,0.896551724137931,0,1,0.061944600000000016,-0.11728166083005503,3.4097210000000002,-0.20867999219093472,-0.35992996725897497,-0.3564680455310632,0.12478221690940942,0.8024580226639534,0.40616893992203357,0,-0.10141119225979814,FALSE,0.09795267948975495,0,0,0
COM,KM,Comoros,Donor pool,1,2000,1997-2008,0,77,47,76,47,41,6,0.8723404255319149,0,1,0.09732229999999997,-0.1172796206170584,3.4974399000000003,0.11148966194842341,-0.3551199494604575,-0.3586402807752447,0.1666946616048929,0.8024580226639534,0.38089654300253806,0,0.08893274203760047,FALSE,0.03731546976329075,0,1,0
COM,KM,Comoros,Donor pool,1,2001,1997-2008,0,85,66,83,66,59,7,0.8939393939393939,0,1,0.4126474,-0.11727784900228057,3.6384827,0.24338251526164473,-0.3440096552381892,-0.3572339996974678,0.17653786744041908,0.8024580226639534,0.29736363560074147,0,0.19630208052376508,FALSE,-0.14459615425287412,0,1,0
COM,KM,Comoros,Donor pool,1,2002,1997-2008,0,105,79,101,76,62,14,0.8157894736842105,0,1,0.4487067,-0.11727762102284804,3.7003103,0.02581377655371885,-0.35992996725897497,-0.3547817150834372,0.15937770346773425,0.8024580226639534,0.28576159792115313,1,0.11733017365584023,FALSE,-0.15325862532449347,0,1,0
COM,KM,Comoros,Donor pool,1,2003,1997-2008,0,91,84,89,82,75,7,0.9146341463414634,0,1,0.14652179999999992,-0.11727851696627506,4.002215,-0.0980653614679855,-0.35962724585053363,-0.3490490879218588,0.1088897955390778,0.8024580226639534,0.34118395275719327,1,-0.08598626960376987,FALSE,-0.13593370383416567,0,1,0
COM,KM,Comoros,Donor pool,1,2004,1997-2008,0,90,73,88,71,64,7,0.9014084507042254,0,1,0.22299500000000005,-0.11728091453823089,3.869162,0.7886163134764483,-0.35992996725897497,-0.34574038365886467,0.08557480911811867,0.8024580226639534,0.33226316545871504,1,-0.08059262517552605,FALSE,0.019990548272962923,0,1,0
COM,KM,Comoros,Donor pool,1,2005,1997-2008,0,99,55,97,54,50,4,0.9259259259259259,0,1,0.3440696000000001,-0.11730233205465783,3.96347,-0.26968171204610064,-0.3595837565607278,-0.34475582525038456,0.08553946821171028,0.8024580226639534,0.20180754088192385,1,-0.1257305336008831,FALSE,0.17591480877033655,0,1,0
COM,KM,Comoros,Donor pool,1,2006,1997-2008,0,111,107,108,104,85,19,0.8173076923076923,0,1,0.20020820000000006,-0.11730279886398623,3.4645109,-0.3254945845818458,-0.35971081123452947,-0.3437951510213133,0.08339569890994168,0.8024580226639534,0.18900482123460205,1,-0.07815321643656287,FALSE,-0.05797156745414592,0,1,0
COM,KM,Comoros,Donor pool,1,2007,1997-2008,0,94,82,93,81,75,6,0.9259259259259259,0,1,0.030547299999999944,-0.1173026481246376,3.4033093,-0.3554190425073285,-0.358899738311407,-0.33935024549241477,0.06396990975763343,0.8024580226639534,0.1138369440120805,1,-0.11855014136723527,FALSE,-0.10994633192512938,0,0,0
COM,KM,Comoros,Donor pool,1,2008,1997-2008,0,99,84,97,82,68,14,0.8292682926829268,0,1,0.21253160000000004,-0.11730118320874673,3.6158907,-0.31771226761501753,-0.35992996725897497,-0.3344929268355616,0.04949383457949351,0.8024580226639534,0.0973376494909713,1,-0.3111571159371452,FALSE,-0.05797156745414592,0,0,0
COM,KM,Comoros,Donor pool,1,2009,2009-2016,1,84,71,83,70,62,8,0.8857142857142857,0,1,0.1857433,-0.11729060203441956,2.997707,-0.2705007196098383,-0.35804955646005043,-0.3358071606398772,0.060270212073539886,0.8024580226639534,-0.015708286440723307,1,-0.13891217207045006,FALSE,0.21922710410591104,0,0,0
COM,KM,Comoros,Donor pool,1,2010,2009-2016,1,88,83,87,82,75,7,0.9146341463414634,0,1,0.010174799999999928,-0.11727118453736322,3.3937205,-0.2628513374974857,-0.34746445409419857,-0.33650452717198387,0.07113861605704086,0.8024580226639534,0.03195005042622307,1,-0.1379342317058181,FALSE,0.7909493583898973,0,0,0
COM,KM,Comoros,Donor pool,1,2011,2009-2016,1,99,82,96,80,60,20,0.75,0,1,0.11077970000000004,-0.11726486165218034,3.3528107,-0.2684940193557033,-0.35665013563809717,-0.33224750582123325,0.06069393329285168,0.8024580226639534,-0.04222449849567192,1,-0.19702833388400198,FALSE,0.2972758587942446,0,0,0
COM,KM,Comoros,Donor pool,1,2012,2009-2016,1,92,82,90,80,69,11,0.8625,0,1,0.018795200000000012,-0.1172667758662761,3.4307209000000003,-0.3120855113989167,-0.3576264898387616,-0.33345595633532815,0.07813056490128048,0.8024580226639534,-0.13269347349618596,1,-0.12265268837479745,FALSE,0.475549255699843,0,0,0
COM,KM,Comoros,Donor pool,1,2013,2009-2016,1,61,37,61,37,35,2,0.9459459459459459,0,1,0.08888590000000007,-0.11726575376998773,3.2486947,-0.2651081211789699,-0.35752832497823916,-0.3301349151727818,0.07074176061552107,0.8024580226639534,-0.22299543758275284,1,-0.19158482006829597,FALSE,1.1764901335731033,0,0,0
COM,KM,Comoros,Donor pool,1,2014,2009-2016,1,80,35,78,34,29,5,0.8529411764705882,0,1,0.03959709999999994,-0.11725743835742508,3.5336724999999998,-0.32899521304380913,-0.3576713251924117,-0.3297708392459902,0.07067863998389677,0.8024580226639534,-0.3311220667123121,1,-0.16613943904899858,FALSE,0.1399858709951332,0,0,0
COM,KM,Comoros,Donor pool,1,2015,2009-2016,1,78,62,77,62,47,15,0.7580645161290323,0,1,0.6188701999999999,-0.11723169679153705,3.4057274,-0.3470397405708979,-0.35303425195715904,-0.33818553982245475,0.11390872886648569,0.8024580226639534,-0.34350006322948173,1,-0.1663574096688294,FALSE,0.39232595549138316,0,0,0
COM,KM,Comoros,Donor pool,1,2016,2009-2016,1,114,98,113,97,74,23,0.7628865979381443,0,1,0.35324069999999996,-0.11722843504679877,3.3349146,-0.32930599490304674,-0.3543683020372072,-0.3371242924954723,0.1145270609171757,0.8024580226639534,-0.4563915814857373,1,-0.06148099166365991,FALSE,-0.5075437601688736,0,0,0
CPV,CV,Cape Verde,Donor pool,1,1997,1997-2008,0,88,45,82,45,34,11,0.7555555555555555,0,1,0.6053609000000001,-0.11721920006383692,3.6106741,-0.38030901270458184,-0.35992996725897497,-0.34393928714303595,-0.09323868315043948,-0.2976768077319264,0.4164180062423836,0,-0.23128915760469473,FALSE,-0.8280949466722721,0,0,0
CPV,CV,Cape Verde,Donor pool,1,1998,1997-2008,0,84,75,78,69,54,15,0.782608695652174,0,1,0.2785988,-0.11720789710551975,3.5175009,-0.38592383837235245,-0.35992996725897497,-0.34237684976400723,-0.09029273183816575,-0.2976768077319264,0.4328900652495411,0,-0.5100167599594114,FALSE,-0.14150934953687722,0,0,0
CPV,CV,Cape Verde,Donor pool,1,1999,1997-2008,0,94,87,89,84,66,18,0.7857142857142857,0,1,0.06539040000000007,-0.11719851901684208,3.4131668,-0.33449122208568965,-0.35992996725897497,-0.3382627030138083,-0.08760603607052242,-0.2976768077319264,0.40609867112975523,0,-0.5862223940436503,FALSE,-0.8256831823490355,0,0,0
CPV,CV,Cape Verde,Donor pool,1,2000,1997-2008,0,77,69,76,68,55,13,0.8088235294117647,0,1,0.25971190000000005,-0.11717647321356432,3.1404057,-0.055078042116770635,-0.35992996725897497,-0.34229539519363533,-0.07981266559807886,-0.2976768077319264,0.38080936612738825,0,-0.5069525846455859,FALSE,-1.378167632208698,0,0,0
CPV,CV,Cape Verde,Donor pool,1,2001,1997-2008,0,85,73,83,73,63,10,0.863013698630137,0,1,0.1110354,-0.11718411732355757,3.3368707,-0.1626983813500162,-0.35992996725897497,-0.34130167171073406,-0.07547327088683002,-0.2976768077319264,0.2972844165939923,1,-0.43906857413041706,FALSE,-0.39279994603929774,0,0,0
CPV,CV,Cape Verde,Donor pool,1,2002,1997-2008,0,105,101,101,98,73,25,0.7448979591836735,0,1,0.10781990000000008,-0.11717783341281213,3.3594235,-0.17659343390782384,-0.35973979199461287,-0.3382088062014762,-0.07899687903999132,-0.2976768077319264,0.28567726063560905,1,-0.5264365427205294,FALSE,-0.5116711204947357,0,0,0
CPV,CV,Cape Verde,Donor pool,1,2003,1997-2008,0,91,85,89,83,74,9,0.891566265060241,0,1,0.2771344,-0.11717928142260432,3.5785588,0.16378962925590945,-0.359636946751633,-0.32676583238518525,-0.09051157111918459,-0.2976768077319264,0.3411000820604238,1,-0.5053861158697245,FALSE,-0.20038487112681513,0,0,0
CPV,CV,Cape Verde,Donor pool,1,2004,1997-2008,0,90,74,88,74,66,8,0.8918918918918919,0,1,0.28214360000000005,-0.11717150722119112,3.3640233999999998,0.03279790993587569,-0.35992996725897497,-0.3205501630240218,-0.09585809575459636,-0.2976768077319264,0.332170697905534,1,-0.6643072541793473,FALSE,-0.13632187529452763,0,0,0
CPV,CV,Cape Verde,Donor pool,1,2005,1997-2008,0,99,82,97,81,71,10,0.8765432098765432,0,1,0.23652430000000002,-0.11716587435985336,3.3828761,-0.23712641022090458,-0.3593465465257609,-0.3183562921718706,-0.09591828032808768,-0.2976768077319264,0.20169221121757738,1,-0.12981182776372388,FALSE,-0.2005405114633561,0,0,0
CPV,CV,Cape Verde,Donor pool,1,2006,1997-2008,0,111,107,108,105,85,20,0.8095238095238095,0,1,0.5861434,-0.11714896723561541,3.0785757,-0.38104526112509507,-0.3595419204863025,-0.3109259448325437,-0.09634419102355782,-0.2976768077319264,0.18887480767918235,1,-0.3076300722357343,FALSE,-0.16956182665969666,0,0,0
CPV,CV,Cape Verde,Donor pool,1,2007,1997-2008,0,94,79,93,78,68,10,0.8717948717948718,0,1,0.19122240000000007,-0.11714875716876806,3.1815396000000002,-0.3542550508776412,-0.3576404474663256,-0.2795536080873455,-0.10066835925475827,-0.2976768077319264,0.11370688031496354,1,-0.5533699323777725,FALSE,0.11062532110756322,0,0,0
CPV,CV,Cape Verde,Donor pool,1,2008,1997-2008,0,99,81,97,79,63,16,0.7974683544303798,0,1,0.41086849999999997,-0.1171205930965092,2.9924906,-0.3868276290029444,-0.35992996725897497,-0.26238983090188445,-0.10379067727513626,-0.2976768077319264,0.09718502052374073,1,-0.47016215655730037,FALSE,0.018688537137561478,0,0,0
CPV,CV,Cape Verde,Donor pool,1,2009,2009-2016,1,84,77,83,76,69,7,0.9078947368421053,0,1,0.1556055,-0.1171259956567762,3.0278448,-0.38551696853551215,-0.2580475092149001,-0.269704940552874,-0.10101117360847851,-0.2976768077319264,-0.01584740646843691,1,-0.6188173970978665,FALSE,-0.13945574799446522,0,0,0
CPV,CV,Cape Verde,Donor pool,1,2010,2009-2016,1,88,74,87,73,62,11,0.8493150684931506,0,1,0.49398060000000005,-0.11714858098213186,2.8895651,-0.38416634553936413,-0.19100914624000737,-0.27206350492607834,-0.09909291621490346,-0.2976768077319264,0.03184642983602644,1,-0.5639483294995531,FALSE,-0.5394215281427346,0,0,0
CPV,CV,Cape Verde,Donor pool,1,2011,2009-2016,1,99,83,96,81,69,12,0.8518518518518519,0,1,0.4404322,-0.11716227409087675,2.8015988,-0.38408443084926924,-0.34600371681042336,-0.2596461692491812,-0.10145981557588755,-0.2976768077319264,-0.04231120221016911,1,-0.7083911220964432,FALSE,-0.28858060746933567,0,0,0
CPV,CV,Cape Verde,Donor pool,1,2012,2009-2016,1,92,77,90,75,62,13,0.8266666666666667,0,1,0.43363999999999997,-0.11714826969318731,2.9782857000000003,-0.3354270682352369,-0.33456846101270743,-0.2674394045845748,-0.09729472874229497,-0.2976768077319264,-0.13279363111049164,1,-0.5922402505125799,FALSE,-0.4878348112146477,0,0,0
CPV,CV,Cape Verde,Donor pool,1,2013,2009-2016,1,61,59,61,59,52,7,0.8813559322033898,0,1,0.024440100000000076,-0.11717051683869406,3.1842489,-0.3620231164108345,-0.359911072777092,-0.26085212546781716,-0.09921486847105507,-0.2976768077319264,-0.22307592878066715,1,-0.18981954434205528,FALSE,-0.3734600646028515,0,0,0
CPV,CV,Cape Verde,Donor pool,1,2014,2009-2016,1,80,70,78,69,57,12,0.8260869565217391,0,1,0.4367552,-0.117102133542781,3.0573202,-0.36413331622212286,-0.3594617628553574,-0.26012830615497395,-0.09923734385667322,-0.2976768077319264,-0.3312533253574914,1,-0.3511762483398361,FALSE,-0.22009373746939742,0,0,0
CPV,CV,Cape Verde,Donor pool,1,2015,2009-2016,1,78,74,77,74,58,16,0.7837837837837838,0,1,0.25822219999999996,-0.11715903734169227,3.0450793999999997,-0.348580643569829,-0.35791341040787383,-0.27689455268917756,-0.08956630753598288,-0.2976768077319264,-0.3435614726646492,1,-0.059993047506432445,FALSE,0.04420178017107076,0,0,0
CPV,CV,Cape Verde,Donor pool,1,2016,2009-2016,1,114,102,113,101,73,28,0.7227722772277227,0,1,0.019185200000000013,-0.11714490095555186,2.9624886999999998,-0.303229587994908,-0.3469848418625788,-0.2711964300403373,-0.08938743889843757,-0.2976768077319264,-0.4564621818188207,0,-0.0911426765735823,FALSE,0.15895903805483547,0,0,0
CRI,CR,Costa Rica,Donor pool,1,1997,1997-2008,0,88,67,82,62,45,17,0.7258064516129032,0,1,1.0755241,-0.11237987055218805,3.1405109,0.9205821036781885,-0.339866388076981,-0.2771086778270596,-0.010777183351215821,-0.6639230100208154,0.4123279602465142,1,-0.10979834113471136,TRUE,0.13433440071166686,0,0,0
CRI,CR,Costa Rica,Donor pool,1,1998,1997-2008,0,84,68,78,62,40,22,0.6451612903225806,0,1,0.283825,-0.11214276605016311,2.9550771,0.8561082654638574,-0.3034367426226446,-0.2709468949945739,0.003791401036970363,-0.6639230100208154,0.4286091790355218,0,-0.1094418788283131,TRUE,0.19201310418625764,0,0,0
CRI,CR,Costa Rica,Donor pool,1,1999,1997-2008,0,94,85,89,80,57,23,0.7125,0,1,0.4433737,-0.11211832683170588,2.9044027,1.0354401877226236,-0.33976130771196267,-0.2687868775225246,0.020621637050495356,-0.6639230100208154,0.40180505573219866,0,-0.2089735158934969,TRUE,0.13464313591348046,0,0,0
CRI,CR,Costa Rica,Donor pool,1,2000,1997-2008,0,77,70,76,69,51,18,0.7391304347826086,0,1,0.65946424,-0.11220099142497332,2.74065336,0.8616314259364896,-0.3233190190794255,-0.2652078391124732,0.03393059742215148,-0.6639230100208154,0.37660424859654756,0,-0.14984010626949332,TRUE,0.13917033917597685,0,0,0
CRI,CR,Costa Rica,Donor pool,1,2001,1997-2008,0,85,74,83,73,60,13,0.821917808219178,0,1,0.279187,-0.11215779451658851,2.9466483,0.7995437041938447,-0.2725729243572035,-0.2601423299456307,0.046164403264872644,-0.6639230100208154,0.29303632986604605,0,-0.07809437133312612,TRUE,0.18357457391833187,0,0,0
CRI,CR,Costa Rica,Donor pool,1,2002,1997-2008,0,105,101,101,97,67,30,0.6907216494845361,0,1,0.3524149999999999,-0.11211096789924732,2.8991886,0.6369138585210878,0.04088681242408847,-0.2577153461847541,0.06446805776768096,-0.6639230100208154,0.2813949085131751,0,-0.18100995648987325,TRUE,-0.17983749660170043,0,0,0
CRI,CR,Costa Rica,Donor pool,1,2003,1997-2008,0,91,90,89,88,65,23,0.7386363636363636,0,1,1.00085275,-0.11206200069061367,2.85484045,0.42090834852685977,0.49062286973652,-0.25461713645068185,0.08744304479392674,-0.6639230100208154,0.3367751206133394,0,-0.17850575752525452,TRUE,-0.05932453964719265,0,0,0
CRI,CR,Costa Rica,Donor pool,1,2004,1997-2008,0,90,86,88,84,63,21,0.75,0,1,0.84578443,-0.1120412569917669,2.80038257,0.3129891168587549,0.5000835210848541,-0.247039466299184,0.11067122439528138,-0.6639230100208154,0.3278347750554459,0,-0.09617998765686428,TRUE,-0.002604324859392866,0,0,0
CRI,CR,Costa Rica,Donor pool,1,2005,1997-2008,0,99,96,97,94,72,22,0.7659574468085106,0,1,0.6976730600000001,-0.11202685842625555,2.92172734,0.27851133369356545,0.7925924639971406,-0.2390464975230982,0.13424183643437035,-0.6639230100208154,0.1973488798756365,0,-0.13056436932978746,TRUE,0.0129564766141502,0,0,0
CRI,CR,Costa Rica,Donor pool,1,2006,1997-2008,0,111,111,108,108,90,18,0.8333333333333334,0,1,0.5984839,-0.11205430610520535,3.0662352000000004,0.42777582093572725,1.3933812873921894,-0.22277850351523737,0.15406458031070064,-0.6639230100208154,0.1845689635934288,1,-0.12261173022259164,TRUE,0.13046174757270435,0,0,0
CRI,CR,Costa Rica,Donor pool,1,2007,1997-2008,0,94,94,93,93,81,12,0.8709677419354839,0,1,0.4852700000000001,-0.11203502028700557,2.887492,0.3862171790271374,1.6935532159011262,-0.1968856873460979,0.1572085154964361,-0.6639230100208154,0.10938491401635923,1,-0.19810400122515023,TRUE,0.23732032937139508,0,0,0
CRI,CR,Costa Rica,Donor pool,1,2008,1997-2008,0,99,98,97,96,74,22,0.7708333333333334,0,1,0.55227212,-0.11172611122191976,2.85108698,0.34807868031444233,1.512456140486506,-0.1733903599460372,0.16289722676012278,-0.6639230100208154,0.09262577756707731,1,-0.35240731421186594,TRUE,0.0863819171375012,0,0,0
CRI,CR,Costa Rica,Donor pool,1,2009,2009-2016,1,84,83,83,82,71,11,0.8658536585365854,0,1,0.46068410000000004,-0.1117036904591131,2.7227662,0.4758549272268071,1.6361951801665264,-0.17646254117063515,0.19072674800412745,-0.6639230100208154,-0.020430164804834557,1,0.003000171461438741,TRUE,-0.14663503026981453,0,0,1
CRI,CR,Costa Rica,Donor pool,1,2010,2009-2016,1,88,88,87,87,74,13,0.8505747126436781,0,1,0.5964005000000001,-0.1117573557241922,2.7871452,0.5359876607546866,1.3837356124708144,-0.1343491864431441,0.16265691004554972,-0.6639230100208154,0.02728993926724246,1,-0.07503919752756244,TRUE,-0.20991965919610986,0,0,1
CRI,CR,Costa Rica,Donor pool,1,2011,2009-2016,1,99,98,96,96,76,20,0.7916666666666666,0,1,0.6045531,-0.11158880361955234,2.6374779,0.5150144049080024,1.498113094816743,-0.10465120507585647,0.1507301924166421,-0.6639230100208154,-0.047021720584556524,1,-0.1908968365973024,TRUE,-0.14940495737387563,0,0,1
CRI,CR,Costa Rica,Donor pool,1,2012,2009-2016,1,92,92,90,90,69,21,0.7666666666666667,0,1,0.6359653,-0.11136046232972703,2.7759604,0.49780299016081125,1.8062793931190866,-0.07965489640040836,0.14909612663956046,-0.6639230100208154,-0.1376853001474534,1,-0.18189728854927914,TRUE,-0.23083106192874467,0,0,1
CRI,CR,Costa Rica,Donor pool,1,2013,2009-2016,1,61,61,61,61,51,10,0.8360655737704918,0,1,0.29815309999999995,-0.11123314973946469,2.8616557,0.4952133680881367,1.5880003388662733,-0.05978260437277764,0.1472421265105879,-0.6639230100208154,-0.2280940009065177,1,-0.16395323319429514,TRUE,-0.27173229320384285,0,0,1
CRI,CR,Costa Rica,Donor pool,1,2014,2009-2016,1,80,80,78,78,62,16,0.7948717948717948,0,1,0.6440918,-0.11123689913685654,2.8499836,0.41165645101175724,1.51132101116131,-0.05660130070314935,0.1700430312497604,-0.6639230100208154,-0.3362104332458968,1,-0.15919677432724055,TRUE,-0.362396465457109,0,0,1
CRI,CR,Costa Rica,Donor pool,1,2015,2009-2016,1,78,78,77,77,57,20,0.7402597402597403,0,1,0.007565100000000019,-0.11170657603332018,2.7944223,0.6656080726599987,0.46033879352730317,-0.032997769546411815,0.16782421959628874,-0.6639230100208154,-0.3481697179780262,1,-0.08730336565003304,TRUE,-0.37123764616674443,0,0,1
CRI,CR,Costa Rica,Donor pool,1,2016,2009-2016,1,114,112,113,111,75,36,0.6756756756756757,0,1,0.28861400000000004,-0.11176284733643478,2.6930598999999997,0.7083160568965573,0.34671900653211124,-0.021939091937024195,0.17384147016303758,-0.6639230100208154,-0.46101092081281536,1,-0.01720127001307868,TRUE,-0.37109291056715854,0,0,1
CYP,CY,Cyprus,Donor pool,1,1997,1997-2008,0,88,88,82,82,47,35,0.573170731707317,0,1,1.9321053,-0.11239462457945769,2.2839297000000003,-0.3759515942369886,-0.3400935982161954,-0.06465518078605872,-0.14804477455076473,0.1795530359725261,0.41234042987686503,0,-0.14045137839865302,FALSE,-0.5196696211338371,0,0,0
CYP,CY,Cyprus,Donor pool,1,1998,1997-2008,0,84,84,78,78,46,32,0.5897435897435898,0,1,0.9409926,-0.11253007023718216,2.2979095000000003,-0.3442237940424891,-0.35148489678618267,-0.0479407131157377,-0.14804245115777648,0.1795530359725261,0.4289365161047346,0,0.25020204806391294,FALSE,-0.4407585661096145,0,0,0
CYP,CY,Cyprus,Donor pool,1,1999,1997-2008,0,94,94,89,89,44,45,0.4943820224719101,0,1,1.3135678,-0.11328474192815659,2.0342086,-0.3501100405106831,-0.3520164540592215,-0.04597469846896588,-0.14802759246347655,0.1795530359725261,0.40279087233825417,0,0.008684985020823254,FALSE,-0.4448122368493862,0,0,0
CYP,CY,Cyprus,Donor pool,1,2000,1997-2008,0,77,77,76,76,48,28,0.631578947368421,0,1,1.3123282,-0.11322685318035786,2.0877894,-0.38638311973378825,-0.3553895255109143,-0.06759775881031636,-0.1479805944409087,0.1795530359725261,0.3774712740294769,0,-0.1679680090482324,FALSE,-0.2786660123685934,0,0,0
CYP,CY,Cyprus,Donor pool,1,2001,1997-2008,0,85,84,83,83,50,33,0.6024096385542169,0,1,1.2603495,-0.11297860266436888,1.9654858000000002,-0.3891168754046097,-0.35192784907773206,-0.06032504286866335,-0.14796835250676882,0.1795530359725261,0.29373005057056234,0,-0.07123787864318143,FALSE,-0.2879157902674707,0,0,0
CYP,CY,Cyprus,Donor pool,1,2002,1997-2008,0,105,105,101,101,58,43,0.5742574257425742,0,1,1.1437761,-0.11348204870205535,2.1078275,-0.162176361078538,-0.3494809439497459,-0.03530501173802022,-0.1479875435503824,0.1795530359725261,0.28255370200596014,0,-0.08318950872449715,FALSE,-0.40017989199694964,0,0,0
CYP,CY,Cyprus,Donor pool,1,2003,1997-2008,0,91,91,89,89,53,36,0.5955056179775281,0,1,1.6528749999999999,-0.1136103913786829,2.2028182000000003,-0.1302472285834273,-0.3427202493225597,0.05041805169599733,-0.14804267728479983,0.1795530359725261,0.33808377073078555,0,-0.012198430321750772,FALSE,-0.5429975383592154,0,0,0
CYP,CY,Cyprus,Donor pool,1,2004,1997-2008,0,90,90,88,88,54,34,0.6136363636363636,0,1,1.5507883,-0.11359839463731344,2.0953787,-0.15742977506272474,-0.3498130677215681,0.12279931385610002,-0.14807156567239918,0.1795530359725261,0.32915081782063776,0,-0.1617908852053287,FALSE,-0.38813523827764423,0,0,0
CYP,CY,Cyprus,Donor pool,1,2005,1997-2008,0,99,99,97,97,60,37,0.6185567010309279,0,1,1.4469406,-0.11307332507701248,2.1724598,-0.20641271036952324,-0.34671429704503154,0.1455412392058041,-0.1480742450016157,0.1795530359725261,0.19823331990486712,0,-0.18848724374243864,FALSE,-0.24616683961157884,0,0,0
CYP,CY,Cyprus,Donor pool,1,2006,1997-2008,0,111,109,108,107,64,43,0.5981308411214953,0,1,1.6399295999999999,-0.11294922289612164,2.0247895000000002,-0.2833245223533514,-0.3466484160009938,0.18217237653122026,-0.14807729370501566,0.1795530359725261,0.18532531854477294,0,-0.24804728359039457,FALSE,-0.11844457104927343,0,0,0
CYP,CY,Cyprus,Donor pool,1,2007,1997-2008,0,94,94,93,93,59,34,0.6344086021505376,0,1,1.376929,-0.1130475060998174,1.9958330000000002,-0.2717316245615246,-0.3283718956264912,0.27935894181308696,-0.14809668815703503,0.1795530359725261,0.11024063453189767,0,-0.3166740861870339,FALSE,0.2207264538049602,0,0,0
CYP,CY,Cyprus,Donor pool,1,2008,1997-2008,0,99,99,97,97,58,39,0.5979381443298969,0,1,1.2573482999999999,-0.10947027143908748,2.1460108,-0.3424420767498513,-0.3356874907840597,0.37273478747013133,-0.1479465776115626,0.1795530359725261,0.09071921417872249,1,-0.6848855790037195,FALSE,-0.0275545385624069,0,0,0
CYP,CY,Cyprus,Donor pool,1,2009,2009-2016,1,84,84,83,83,52,31,0.6265060240963856,0,1,1.2886715,-0.07729249150058745,1.8947788,-0.2979596805593273,-0.3299372403868294,0.31274568739417186,-0.1479246729694513,0.1795530359725261,-0.049513405814691866,1,-0.2644257213149976,FALSE,-0.5099088076076548,0,0,0
CYP,CY,Cyprus,Donor pool,1,2010,2009-2016,1,88,88,87,87,56,31,0.6436781609195402,0,1,1.4346217000000001,-0.09970457483892581,1.948924,-0.3308001237991964,-0.33448952768310775,0.2949929116861815,-0.14790258126936834,0.1795530359725261,0.017103315669857986,1,-0.49032218206651274,FALSE,-0.4248447960623382,0,0,0
CYP,CY,Cyprus,Donor pool,1,2011,2009-2016,1,99,98,96,96,60,36,0.625,0,1,1.4260918,-0.09955799667814602,1.8159391999999999,-0.3553109524457438,-0.33310778436369515,0.33124500276800334,-0.1479238116910051,0.1795530359725261,-0.057189772509794616,1,-0.022280867551361563,FALSE,-0.4763435315899919,0,0,0
CYP,CY,Cyprus,Donor pool,1,2012,2009-2016,1,92,92,90,90,52,38,0.5777777777777777,0,1,1.4334202,-0.08542441636536548,1.9785055000000003,-0.3464459497717476,-0.23848890887507157,0.2543398511970865,-0.14788836905963662,0.1795530359725261,-0.15960561383758032,1,-0.11921429276477914,FALSE,-1.200102034566118,0,0,0
CYP,CY,Cyprus,Donor pool,1,2013,2009-2016,1,61,61,61,61,34,27,0.5573770491803278,0,1,1.1886958,-0.10426221823383015,1.971113,-0.3347876402927026,-0.30655049955849223,0.21747216967223496,-0.1479033879389956,0.1795530359725261,-0.23398560849874217,0,0.017412011761411595,FALSE,-0.28228526978049834,0,0,0
CYP,CY,Cyprus,Donor pool,1,2014,2009-2016,1,80,80,78,78,44,34,0.5641025641025641,0,1,1.6030901,-0.09252540781168371,1.8909853,-0.3513346901666518,-0.08132370196697203,0.1906684852651581,-0.14790351624137238,0.1795530359725261,-0.3520247852107826,0,-0.12669691902081218,FALSE,-0.5779069884298816,0,0,0
CYP,CY,Cyprus,Donor pool,1,2015,2009-2016,1,78,76,77,75,37,38,0.49333333333333335,0,1,0.8656817,-0.10557158771159386,1.9211755,-0.34436064479393513,-0.15940295699837082,0.10250393059152926,-0.14781564444716924,0.1795530359725261,-0.35335481321892354,0,0.07370877756991276,FALSE,0.08064707363434617,0,0,0
CYP,CY,Cyprus,Donor pool,1,2016,2009-2016,1,114,114,113,113,62,51,0.5486725663716814,0,1,1.0754705,-0.11204825298077639,1.9062033999999999,-0.3365342995715215,-0.17831505511957643,0.12268743672056741,-0.14781438759232315,0.1795530359725261,-0.4607697051216688,0,-0.12555220572660666,FALSE,0.18324357229695443,0,0,0
CZE,CZ,Czechia,Donor pool,1,1997,1997-2008,0,88,88,82,82,41,41,0.5,0,1,2.650481,-0.07451427447888001,1.5655540000000001,-0.33212119300951193,-0.3384618591590112,-0.19889349485514962,-0.12960045619988778,-0.14194310064848362,0.3803251736563345,0,-0.21414053638952638,FALSE,-0.05767445467794121,1,0,0
CZE,CZ,Czechia,Donor pool,1,1998,1997-2008,0,84,83,78,77,40,37,0.5194805194805194,0,1,1.6250001,-0.07446662181154733,1.6139020000000002,-0.3397002177271748,-0.34269513878315383,-0.18545777560127416,-0.12925578433228313,-0.14194310064848362,0.39676651105599386,1,-0.005264360879729875,FALSE,-0.22735992719381315,1,0,0
CZE,CZ,Czechia,Donor pool,1,1999,1997-2008,0,94,94,89,89,41,48,0.4606741573033708,0,1,1.7819753999999999,-0.07482018397157231,1.565801,-0.3313733072352752,-0.31529796732058957,-0.18983562205539375,-0.12790248024693765,-0.14194310064848362,0.37028186238666205,1,-0.025363510142881896,FALSE,-0.11391675078106388,1,0,0
CZE,CZ,Czechia,Donor pool,1,2000,1997-2008,0,77,77,76,76,41,35,0.5394736842105263,0,1,1.9184786,-0.07408849048068063,1.4816390000000002,-0.28279392985970897,-0.3180877803093057,-0.1990835101208384,-0.12551939933764475,-0.14194310064848362,0.344392785933267,1,-0.14120789197695824,FALSE,-0.10898105617549393,1,0,0
CZE,CZ,Czechia,Donor pool,1,2001,1997-2008,0,85,84,83,83,44,39,0.5301204819277109,0,1,1.7390073,-0.074090835156228,1.486828,-0.31289309018319295,-0.3205016323204669,-0.18127084258677686,-0.1258524421647171,-0.14194310064848362,0.2608633574879506,1,-0.16455463195687883,FALSE,-0.2852951424033935,1,0,0
CZE,CZ,Czechia,Donor pool,1,2002,1997-2008,0,105,104,101,100,50,50,0.5,0,1,1.6294385999999998,-0.07450534036469221,1.622165,-0.30985713565890705,-0.3031181083603589,-0.1391840727404124,-0.12898528025145586,-0.14194310064848362,0.249611838988845,1,-0.17779889409996957,FALSE,-0.33042968343726986,1,0,0
CZE,CZ,Czechia,Donor pool,1,2003,1997-2008,0,91,91,89,89,45,44,0.5056179775280899,0,1,2.1426642,-0.0732669900890637,1.7130290000000001,-0.3262120442119727,-0.2724811329917487,-0.08772270722383237,-0.13166429791477552,-0.14194310064848362,0.3039868226913546,1,-0.21140064750371323,FALSE,-0.378545513465356,1,0,0
CZE,CZ,Czechia,Donor pool,1,2004,1997-2008,0,90,89,88,87,47,40,0.5402298850574713,0,1,1.853778,-0.0736744789657586,1.792389,-0.30926431312894637,-0.26216483072625746,-0.03100407650620486,-0.13314841268746877,-0.14194310064848362,0.29540840556314946,1,-0.10491424913403558,FALSE,-0.03093533746506265,1,0,0
CZE,CZ,Czechia,Donor pool,1,2005,1997-2008,0,99,99,97,97,55,42,0.5670103092783505,0,1,1.7335794,-0.07030091892356011,1.885821,-0.3071164893532267,-0.28238064856214906,0.01777549683725751,-0.13417892883331148,-0.14194310064848362,0.1620834549079628,1,-0.016863029957646044,FALSE,-0.09028808586716251,1,0,0
CZE,CZ,Czechia,Donor pool,1,2006,1997-2008,0,111,110,108,107,61,46,0.5700934579439252,0,1,1.9730661,-0.07475346998261267,1.6916530000000003,-0.3233119617638105,-0.2707364520199115,0.0711584565834275,-0.13498439539421458,-0.14194310064848362,0.1530434939888955,0,-0.036240311132386085,FALSE,-0.023040679661965626,1,0,0
CZE,CZ,Czechia,Donor pool,1,2007,1997-2008,0,94,93,93,92,56,36,0.6086956521739131,0,1,1.7387540000000001,-0.07358201317876685,1.6340080000000001,-0.3357560570730182,-0.2482836586612094,0.16500611677849977,-0.1363458813085351,-0.14194310064848362,0.07688566647108987,0,-0.15171824904488554,FALSE,0.0479361156025095,1,0,0
CZE,CZ,Czechia,Donor pool,1,2008,1997-2008,0,99,99,97,97,53,44,0.5463917525773195,0,1,1.7135331,-0.0761596263182844,1.6898259999999998,-0.3467680271946963,-0.24510294330243673,0.29201564772379657,-0.1382515574259477,-0.14194310064848362,0.06256612595271296,0,-0.004387016883574418,FALSE,-0.010943670813529207,1,0,0
CZE,CZ,Czechia,Donor pool,1,2009,2009-2016,1,84,84,83,83,48,35,0.5783132530120482,0,1,1.7835402999999999,-0.07689712674282556,1.3999100000000002,-0.34737944852737657,-0.2001257564551341,0.20511174553240058,-0.1370737683585545,-0.14194310064848362,-0.04984755541961073,0,-0.02557605148623958,FALSE,-0.227729366463989,1,0,0
CZE,CZ,Czechia,Donor pool,1,2010,2009-2016,1,88,88,87,87,47,40,0.5402298850574713,0,1,1.9602547000000001,-0.07649995441833603,1.423291,-0.34514393328322096,-0.16003132143697707,0.2151916902899357,-0.13705291948110607,-0.14194310064848362,-0.0025084848096212247,0,-0.09584996244493135,FALSE,-0.14038349740499573,1,0,0
CZE,CZ,Czechia,Donor pool,1,2011,2009-2016,1,99,98,96,96,55,41,0.5729166666666666,0,1,1.7877290000000001,-0.0799281064190307,1.4543019999999998,-0.34022463892437244,-0.13628576670523698,0.2706929800264594,-0.13788234007141795,-0.14194310064848362,-0.07378032577970446,0,-0.016622516878729673,FALSE,-0.02917488333996261,1,0,0
CZE,CZ,Czechia,Donor pool,1,2012,2009-2016,1,92,92,90,90,45,45,0.5,0,1,2.0327897,-0.07847278226183495,1.3791360000000001,-0.3269877829856896,-0.10283272202476472,0.21088951804730088,-0.13676946346643507,-0.14194310064848362,-0.16548091188485176,0,0.012620578552800904,FALSE,-0.15333795315525967,1,0,0
CZE,CZ,Czechia,Donor pool,1,2013,2009-2016,1,61,61,61,61,31,30,0.5081967213114754,0,1,1.6872798,-0.08079465959895117,1.472529,-0.33052558995779124,-0.09266718362962428,0.2181320933564461,-0.1367735543809226,-0.14194310064848362,-0.2538196359185283,1,0.06794802023264065,FALSE,0.027653945106259292,1,0,0
CZE,CZ,Czechia,Donor pool,1,2014,2009-2016,1,80,80,78,78,38,40,0.48717948717948717,0,1,1.9627184,-0.08044205456135078,1.5313569999999999,-0.3268267416538416,-0.055637367841902693,0.21160598543920595,-0.13607154359723989,-0.14194310064848362,-0.3622372475899701,1,0.10621111860802804,FALSE,-0.02395134911518197,1,0,0
CZE,CZ,Czechia,Donor pool,1,2015,2009-2016,1,78,77,77,77,33,44,0.42857142857142855,0,1,1.4823962,-0.08234691527044385,1.3044609999999999,-0.31455960827905943,-0.04926492776471941,0.14969419982712978,-0.13379960741287886,-0.14194310064848362,-0.37298356102265584,1,0.12064782589697787,FALSE,0.057622774852106026,1,0,0
CZE,CZ,Czechia,Donor pool,1,2016,2009-2016,1,114,114,113,113,54,59,0.4778761061946903,0,1,1.7407089,-0.08002063255154483,1.2409649999999999,-0.3160088064610153,-0.04186845255928745,0.17386069170617627,-0.1338935505817126,-0.14194310064848362,-0.48783842205414857,1,0.19248305523416412,FALSE,0.1289843028672783,1,0,0
DEU,DE,Germany,Donor pool,1,1997,1997-2008,0,88,88,82,82,39,43,0.47560975609756095,0,1,2.726608,0.8715714938012624,1.489427,-0.1831507372409285,-0.1555916901942278,0.4175617597675285,-0.14732310263490253,-0.1690570652385987,-0.4192761552031994,0,0.06940540052943746,FALSE,0.030189296448320305,1,0,0
DEU,DE,Germany,Donor pool,1,1998,1997-2008,0,84,84,78,78,41,37,0.5256410256410257,0,1,1.7150981,0.8794052359791082,1.5238040000000002,-0.16128071851145223,-0.13818095475723724,0.4278172468465791,-0.14730795436300265,-0.1690570652385987,-0.4094153707808278,1,0.055145496145778454,FALSE,0.009330207538994727,1,0,0
DEU,DE,Germany,Donor pool,1,1999,1997-2008,0,94,94,89,89,40,49,0.449438202247191,0,1,2.0845514,0.872290928579812,1.263225,-0.13853625187778493,-0.09964980939960603,0.41516781808126774,-0.14779376841559996,-0.1690570652385987,-0.4301860545448121,1,0.01795970453379974,FALSE,0.04303945499854019,1,0,0
DEU,DE,Germany,Donor pool,1,2000,1997-2008,0,77,77,76,76,41,35,0.5394736842105263,0,1,1.9944646000000001,0.8455231841304398,1.405653,-0.08732855032625716,-0.07650902286110876,0.3258438469261074,-0.1477083489329035,-0.1690570652385987,-0.43283348858358994,1,-0.0020978353218925666,FALSE,0.07042477081410756,1,0,0
DEU,DE,Germany,Donor pool,1,2001,1997-2008,0,85,84,83,83,43,40,0.5180722891566265,0,1,1.8064722999999998,0.832010107831496,1.4193630000000002,-0.09759382874466278,0.004968927854191356,0.32444823257738425,-0.14768834110548895,-0.1690570652385987,-0.5049440802572978,1,0.0792656114118157,FALSE,0.06945134749112213,1,0,0
DEU,DE,Germany,Donor pool,1,2002,1997-2008,0,105,103,101,99,47,52,0.47474747474747475,0,1,1.7428375999999999,0.8110159389013504,1.508766,-0.0725369978259214,0.0392846065675223,0.3717083260085072,-0.14772322177393252,-0.1690570652385987,-0.49880232743677183,1,0.20094947670404242,FALSE,0.018272835346970048,1,0,0
DEU,DE,Germany,Donor pool,1,2003,1997-2008,0,91,91,89,89,44,45,0.4943820224719101,0,1,2.2304421999999997,0.7682234605540826,1.6252510000000002,-0.12240017353940558,0.11517516530739269,0.525237815161692,-0.14782584619988048,-0.1690570652385987,-0.40721390045241745,1,0.17143783197731857,FALSE,0.04614160482733567,1,0,0
DEU,DE,Germany,Donor pool,1,2004,1997-2008,0,90,89,88,87,47,40,0.5402298850574713,0,1,1.868874,0.7304698747132737,1.777293,-0.14603087595227882,0.13510723385393886,0.6385410125124684,-0.1478732374901042,-0.1690570652385987,-0.38422859496538003,1,0.33534100849857534,FALSE,0.010284382349021525,1,0,0
DEU,DE,Germany,Donor pool,1,2005,1997-2008,0,99,99,97,97,54,43,0.5567010309278351,0,1,1.7337844,0.6753822335154431,1.885616,-0.15195802818437032,0.11659109034335127,0.65375436530318,-0.14787330932592352,-0.1690570652385987,-0.46814401451301285,0,0.34598262251648715,FALSE,-0.007579063793018911,1,0,0
DEU,DE,Germany,Donor pool,1,2006,1997-2008,0,111,111,108,108,62,46,0.5740740740740741,0,1,1.8575930999999999,0.6848436897914136,1.8071260000000002,-0.17548752001999454,0.1589977806598751,0.709468003204884,-0.14787766686623338,-0.1690570652385987,-0.48894364789292916,0,0.4077062225909118,FALSE,0.047108037139981504,1,0,0
DEU,DE,Germany,Donor pool,1,2007,1997-2008,0,94,94,93,93,57,36,0.6129032258064516,0,1,1.5463178000000002,0.6647060339733708,1.8264442,-0.19520377020023402,0.16551441210636864,0.8672902189240888,-0.1479171527657711,-0.1690570652385987,-0.5470916972906669,0,0.4693029246119029,FALSE,0.11762300750059819,1,0,0
DEU,DE,Germany,Donor pool,1,2008,1997-2008,0,99,99,97,97,53,44,0.5463917525773195,0,1,1.5455288,0.6502791307027425,1.8578302999999998,-0.2064750644527346,0.23235456335452132,0.9856657856601886,-0.1479465776115626,-0.1690570652385987,-0.5513965980664949,0,0.40146103290186763,FALSE,0.11962970111912898,1,0,0
DEU,DE,Germany,Donor pool,1,2009,2009-2016,1,84,84,83,83,48,35,0.5783132530120482,0,1,1.7508352999999999,0.655736170177541,1.4326150000000002,-0.20968359142809798,0.36493838722948246,0.870844949088498,-0.1479246729694513,-0.1690570652385987,-0.6690457057619414,0,0.4089908848359163,FALSE,0.03766980142914338,1,0,0
DEU,DE,Germany,Donor pool,1,2010,2009-2016,1,88,88,87,87,50,37,0.5747126436781609,0,1,1.8807847,0.6452667812721725,1.502761,-0.19846056180025826,0.5380597982677007,0.8686433121332796,-0.14790258126936834,-0.1690570652385987,-0.6125225663382713,0,0.39761135347883053,FALSE,-0.12285388491473985,1,0,0
DEU,DE,Germany,Donor pool,1,2011,2009-2016,1,99,98,96,96,55,41,0.5729166666666666,0,1,1.7290529000000001,0.6487109340852033,1.5129780999999998,-0.19546103487642624,0.6025491482865551,1.0224520173658433,-0.1479238116910051,-0.1690570652385987,-0.689602658785779,0,0.42984706997119104,FALSE,0.08624267521221467,1,0,0
DEU,DE,Germany,Donor pool,1,2012,2009-2016,1,92,92,90,90,46,44,0.5111111111111111,0,1,1.8091739,0.6327117349725712,1.6027518,-0.1692662702119782,0.6393236145996376,0.9368505985516249,-0.14788836905963662,-0.1690570652385987,-0.7665512419868602,0,0.4856750948106961,FALSE,0.11744378670303735,1,0,0
DEU,DE,Germany,Donor pool,1,2013,2009-2016,1,61,60,61,60,29,31,0.48333333333333334,0,1,1.6583417999999999,0.6001874053746582,1.501467,-0.1652402422410871,0.643688695062577,1.0099880446057452,-0.1479033879389956,-0.1690570652385987,-0.8293638226493589,0,0.4553479302004348,FALSE,0.16765114064834202,1,0,0
DEU,DE,Germany,Donor pool,1,2014,2009-2016,1,80,80,78,78,37,41,0.47435897435897434,0,1,2.0935104,0.5935311659019994,1.4005649999999998,-0.15391901949060208,0.7317332071680172,1.061495463764656,-0.14790351624137238,-0.1690570652385987,-0.9318577838738008,0,0.48945309746737303,FALSE,0.21665021976003052,1,0,0
DEU,DE,Germany,Donor pool,1,2015,2009-2016,1,78,76,77,75,32,43,0.4266666666666667,0,1,1.4258262,0.6083219574561535,1.3610309999999999,-0.12794527833099065,0.6867843517209826,0.8549136421100948,-0.14781564444716924,-0.1690570652385987,-0.9567147267900444,0,0.5646949253604112,FALSE,0.21766089060782373,1,0,0
DEU,DE,Germany,Donor pool,1,2016,2009-2016,1,114,114,113,113,54,59,0.4778761061946903,0,1,1.6830969,0.6354395366723583,1.2985769999999999,-0.1437465342145605,0.6814143618072296,0.8848637708425937,-0.14781438759232315,-0.1690570652385987,-1.092522396000264,0,0.5564299932387897,FALSE,0.20790433674451453,1,0,0
DNK,DK,Denmark,Donor pool,1,1997,1997-2008,0,88,88,82,82,41,41,0.5,0,1,2.6296049999999997,-0.043206278684693976,1.5864300000000002,-0.27310285265243117,-0.2220330600569979,0.5860317198364589,-0.14444246597615015,-0.19806256420460058,0.35386466037066494,1,0.11728199205117715,FALSE,0.0842749071675023,1,0,0
DNK,DK,Denmark,Donor pool,1,1998,1997-2008,0,84,84,78,78,42,36,0.5384615384615384,0,1,1.6100351000000002,-0.04250775943631537,1.628867,-0.2605361595912796,-0.23578612299952023,0.602682330483436,-0.14438546869395127,-0.19806256420460058,0.36975590622412097,1,0.05116534321348306,FALSE,0.15479824453864727,1,0,0
DNK,DK,Denmark,Donor pool,1,1999,1997-2008,0,94,94,89,89,41,48,0.4606741573033708,0,1,1.9111854,-0.042227018098573675,1.436591,-0.23678638242570887,-0.20643128391753346,0.6050258865047591,-0.14422257340787112,-0.19806256420460058,0.3427351645950169,1,0.19720061288392374,FALSE,0.19511087559794235,1,0,0
DNK,DK,Denmark,Donor pool,1,2000,1997-2008,0,77,77,76,76,41,35,0.5394736842105263,0,1,1.9160206,-0.04431658031421512,1.4840970000000002,-0.22052783351976232,-0.058180607587342434,0.5255588008410378,-0.14356788661870873,-0.19806256420460058,0.31923052292293963,1,0.18027484992702636,FALSE,0.2785657155905,1,0,0
DNK,DK,Denmark,Donor pool,1,2001,1997-2008,0,85,84,83,83,44,39,0.5301204819277109,0,1,1.8464483,-0.0437019221433605,1.3793870000000001,-0.21415132235205128,-0.026080827054509276,0.5269238686229553,-0.14342613002425994,-0.19806256420460058,0.23517962347316027,0,0.2310091430548173,FALSE,0.2278015731241863,1,0,0
DNK,DK,Denmark,Donor pool,1,2002,1997-2008,0,105,104,101,100,49,51,0.49,0,1,1.6942055999999999,-0.04749138363598747,1.557398,-0.2364141413452985,-0.02489531641661181,0.600057355785855,-0.14367933495849894,-0.19806256420460058,0.2267805097138126,0,0.2466327436997885,FALSE,0.21193077145803704,1,0,0
DNK,DK,Denmark,Donor pool,1,2003,1997-2008,0,91,91,89,89,48,41,0.5393258426966292,0,1,2.0621962,-0.05116094422418215,1.7934970000000001,-0.23162189870084263,0.017093657716902817,0.8134594973268903,-0.14445239408344196,-0.19806256420460058,0.28530350217008515,0,0.2776282380581336,FALSE,0.22427591470447927,1,0,0
DNK,DK,Denmark,Donor pool,1,2004,1997-2008,0,90,90,88,88,48,40,0.5454545454545454,0,1,1.885658,-0.0522014823007918,1.7605089999999999,-0.1904910919689253,0.06728390870644987,0.992891469790632,-0.1448052674952722,-0.19806256420460058,0.27726011790936017,0,0.21949790338271954,FALSE,0.3474990808711813,1,0,0
DNK,DK,Denmark,Donor pool,1,2005,1997-2008,0,99,99,97,97,55,42,0.5670103092783505,0,1,1.7955734,-0.03966933608071041,1.8238269999999999,-0.10682156351101398,0.029657012189653675,1.0605024546481823,-0.14480180549727698,-0.19806256420460058,0.1361946241408128,0,0.32315580346362244,FALSE,0.6529252113416564,1,0,0
DNK,DK,Denmark,Donor pool,1,2006,1997-2008,0,111,111,108,108,62,46,0.5740740740740741,0,1,1.8687030999999998,-0.04463620803051975,1.7960160000000003,-0.09250247663530696,0.1209772900028857,1.1543441395162004,-0.14483145624832997,-0.19806256420460058,0.12758935073264324,0,0.2762332235119877,FALSE,0.6394144900892169,1,0,0
DNK,DK,Denmark,Donor pool,1,2007,1997-2008,0,94,94,93,93,58,35,0.6236559139784946,0,1,1.6266950000000002,-0.0449540652607286,1.746067,-0.11598416596505097,0.2527669164453648,1.3457224256698492,-0.14512900521696984,-0.19806256420460058,0.05269024364024308,0,0.17466209357023946,FALSE,0.646023628106266,1,0,0
DNK,DK,Denmark,Donor pool,1,2008,1997-2008,0,99,98,97,96,53,43,0.5520833333333334,0,1,1.7008421,-0.05055522013021265,1.7025169999999998,-0.10822162269208602,0.2922133242586125,1.5216003041541428,-0.14533339519086627,-0.19806256420460058,0.040926103558275174,0,0.25418369372483485,FALSE,0.4989895041076054,1,0,0
DNK,DK,Denmark,Donor pool,1,2009,2009-2016,1,84,84,83,83,48,35,0.5783132530120482,0,1,1.7180683,-0.05060245395990019,1.4653820000000002,-0.08159272555564248,0.24569094374173858,1.3392894660145338,-0.14517799810744855,-0.19806256420460058,-0.07207096898746848,0,0.2838498922850318,FALSE,-0.010411362687997432,1,0,0
DNK,DK,Denmark,Donor pool,1,2010,2009-2016,1,88,87,87,86,50,36,0.5813953488372093,0,1,1.9239907,-0.05413490945731976,1.459555,-0.1503218462234963,0.24942804746149558,1.3302324985448766,-0.1450223215603544,-0.19806256420460058,-0.021410703054951054,0,0.45138628645830103,FALSE,-0.045952874443841586,1,0,0
DNK,DK,Denmark,Donor pool,1,2011,2009-2016,1,99,98,96,96,56,40,0.5833333333333334,0,1,1.792288,-0.05128203400626979,1.4497429999999998,-0.1616883040131548,0.1930239091741981,1.4391147961767021,-0.1451733582010568,-0.19806256420460058,-0.0979910668518267,1,0.4526092019675494,FALSE,6.932841181584355e-4,1,0,0
DNK,DK,Denmark,Donor pool,1,2012,2009-2016,1,92,92,90,90,47,43,0.5222222222222223,0,1,1.826895,-0.057564316135096626,1.5850307000000001,-0.14916065178278942,0.29582669905726805,1.340201251826876,-0.14492271979697918,-0.19806256420460058,-0.18315207644506545,1,0.4361667993704839,FALSE,-0.11698901584778733,1,0,0
DNK,DK,Denmark,Donor pool,1,2013,2009-2016,1,61,61,61,61,30,31,0.4918032786885246,0,1,1.5048458,-0.06132421006158551,1.654963,-0.1731425544856,0.3606273757473399,1.426415643982483,-0.14502691323066663,-0.19806256420460058,-0.2702754350073064,1,0.5160768507157806,FALSE,0.06481407712159902,1,0,0
DNK,DK,Denmark,Donor pool,1,2014,2009-2016,1,80,80,78,78,38,40,0.48717948717948717,0,1,1.9155524000000002,-0.05902675978199298,1.578523,-0.15753985667153242,0.37995380720354993,1.4600000957143175,-0.14502918739635576,-0.19806256420460058,-0.380336767461854,1,0.5791350469033901,FALSE,0.2738039907798946,1,0,0
DNK,DK,Denmark,Donor pool,1,2015,2009-2016,1,78,78,77,77,34,43,0.44155844155844154,0,1,1.3228012,-0.06384144719933231,1.4640559999999998,-0.14359383013907662,0.38118915043350704,1.1829910189780604,-0.14436945192703934,-0.19806256420460058,-0.38862378874506115,0,0.5423620544013081,FALSE,0.06662868317907837,1,0,0
DNK,DK,Denmark,Donor pool,1,2016,2009-2016,1,114,113,113,112,54,58,0.48214285714285715,0,1,1.6334379,-0.06401151508020961,1.3482359999999998,-0.14586442847400385,0.38606648369247654,1.224335119323252,-0.14436719763051348,-0.19806256420460058,-0.5013688143643704,0,0.5168958332138859,FALSE,0.16003473717421063,1,0,0
DOM,DO,Dominican Republic,Donor pool,1,1997,1997-2008,0,88,58,82,53,37,16,0.6981132075471698,0,1,1.0759688,-0.11038080364683603,3.1400662,1.7514791763567426,-0.3597976883862621,-0.30528677458375497,-0.14006481571233168,-0.8014537506646737,0.4106384130536579,0,0.0523520076629548,TRUE,0.29934455761452433,0,0,0
DOM,DO,Dominican Republic,Donor pool,1,1998,1997-2008,0,84,55,78,51,34,17,0.6666666666666666,0,1,0.06372339999999999,-0.11007873135406399,3.1751787,1.8256524504385658,-0.35894888287120397,-0.30061549351931716,-0.13965245756968445,-0.8014537506646737,0.4268647231509213,0,0.011938037254424069,TRUE,0.31917547233406907,0,0,0
DOM,DO,Dominican Republic,Donor pool,1,1999,1997-2008,0,94,65,89,62,42,20,0.6774193548387096,0,1,0.3395975,-0.109940549052046,3.0081789,1.8481571346302481,-0.3582005061064869,-0.30023243859207216,-0.1389833304070929,-0.8014537506646737,0.39996446784370027,0,-0.008477061079876034,TRUE,0.2203238562863347,0,0,0
DOM,DO,Dominican Republic,Donor pool,1,2000,1997-2008,0,77,74,76,73,55,18,0.7534246575342466,0,1,0.42686810000000003,-0.10972844530142076,2.9732495,1.7946326007487061,-0.35703554954122724,-0.29404456895261116,-0.13877807822317365,-0.8014537506646737,0.3745145319637167,0,-0.1320412099073395,TRUE,0.2964327966448588,0,0,0
DOM,DO,Dominican Republic,Donor pool,1,2001,1997-2008,0,85,78,83,77,64,13,0.8311688311688312,0,1,0.24073830000000002,-0.1096367994760783,2.985097,1.7449742667355,-0.3584443294001459,-0.2909756049504079,-0.1384767283445764,-0.8014537506646737,0.29090566576346205,0,-0.0601155866633152,TRUE,0.27053488281938504,0,0,0
DOM,DO,Dominican Republic,Donor pool,1,2002,1997-2008,0,105,105,101,101,74,27,0.7326732673267327,0,1,0.16990519999999998,-0.10971224660341448,3.0816984,1.6697773678206809,-0.3506222859711648,-0.2871639059674527,-0.13794318506741726,-0.8014537506646737,0.27936758625549246,0,-0.06264021311946227,TRUE,0.22784983897695915,0,0,0
DOM,DO,Dominican Republic,Donor pool,1,2003,1997-2008,0,91,91,89,89,69,20,0.7752808988764045,0,1,0.929485769,-0.11029193626463564,2.9262074310000004,1.6102055393192645,-0.35060158671071145,-0.30721546925423143,-0.13097761596542912,-0.8014537506646737,0.3352791189667317,0,0.3582618920231621,TRUE,0.263674760302626,0,0,0
DOM,DO,Dominican Republic,Donor pool,1,2004,1997-2008,0,90,88,88,86,61,25,0.7093023255813954,0,1,0.86487187,-0.11051697715175854,2.7812951299999997,1.5130662859412602,-0.32734871804096616,-0.3052045608132417,-0.12354872327754553,-0.8014537506646737,0.32654650265299734,0,0.34876274737046215,TRUE,0.04313004899220223,0,0,0
DOM,DO,Dominican Republic,Donor pool,1,2005,1997-2008,0,99,98,97,96,71,25,0.7395833333333334,0,1,0.7392055200000001,-0.11060436758944517,2.88019488,1.4356208515307518,-0.29117029307830866,-0.2632813200067961,-0.13043772848118784,-0.8014537506646737,0.1961466362720028,0,0.024900254288000558,TRUE,0.11439286641972886,0,0,0
DOM,DO,Dominican Republic,Donor pool,1,2006,1997-2008,0,111,107,108,105,80,25,0.7619047619047619,0,1,0.92216703,-0.11053784518260809,2.7425520700000003,1.4360587577419646,-0.20653639875547924,-0.25808490400567813,-0.12865316687913603,-0.8014537506646737,0.18328729948904515,0,-0.08743797559736435,TRUE,0.08861698548153438,0,0,0
DOM,DO,Dominican Republic,Donor pool,1,2007,1997-2008,0,94,94,93,93,83,10,0.8924731182795699,0,1,0.10266180000000003,-0.11047387174863968,3.2701002,1.2642632797930529,-0.17002082642858538,-0.24061460375926538,-0.12872897081060591,-0.8014537506646737,0.10806548137327723,0,-0.17012091706005314,TRUE,0.17986155616336252,0,0,1
DOM,DO,Dominican Republic,Donor pool,1,2008,1997-2008,0,99,99,97,97,77,20,0.7938144329896907,0,1,0.24171130000000002,-0.11010564880397108,3.1616478,1.1524588646326812,-0.15465907379849192,-0.22962586629187504,-0.12792607292102934,-0.8014537506646737,0.0912562147365169,0,-0.41162217587911004,TRUE,-0.15531644006072903,0,0,1
DOM,DO,Dominican Republic,Donor pool,1,2009,2009-2016,1,84,84,83,83,74,9,0.891566265060241,0,1,0.09106670000000006,-0.11009108129881118,3.0923836000000002,1.326361408352118,-0.18751565861581423,-0.2310844092970906,-0.12707289274026054,-0.8014537506646737,-0.02179309031406469,0,-0.1617086336011824,TRUE,-0.1823753675988912,0,0,1
DOM,DO,Dominican Republic,Donor pool,1,2010,2009-2016,1,88,85,87,84,73,11,0.8690476190476191,0,1,0.30817110000000003,-0.11003517663159906,3.0753746,1.2789500279801074,-0.17419665782236868,-0.21625389096950406,-0.12657049315770408,-0.8014537506646737,0.02583440876764005,0,-0.3076721394562933,TRUE,-0.08442435271030949,0,0,1
DOM,DO,Dominican Republic,Donor pool,1,2011,2009-2016,1,99,98,96,96,76,20,0.7916666666666666,0,1,0.24086620000000003,-0.11013406400156,3.0011647999999997,1.1938116101010585,0.1617135818965634,-0.20603078997542593,-0.1258215346452183,-0.8014537506646737,-0.0482512198230941,0,-0.30988318328365055,TRUE,-0.06956406699512171,0,0,1
DOM,DO,Dominican Republic,Donor pool,1,2012,2009-2016,1,92,91,90,89,71,18,0.797752808988764,0,1,0.395828,-0.10942835600504434,3.0160977,1.1642805462345507,0.16337378665627383,-0.2005264376146782,-0.12509243551554458,-0.8014537506646737,-0.13931825440647588,0,-0.25753172663934304,TRUE,-0.3903941710602222,0,0,1
DOM,DO,Dominican Republic,Donor pool,1,2013,2009-2016,1,61,61,61,61,53,8,0.8688524590163934,0,1,0.1064811,-0.1101400648999819,3.0533277,1.0731608940789508,-0.017698468268757237,-0.19691853270182952,-0.12362904980165089,-0.8014537506646737,-0.22901784113275425,0,-0.12519472462486073,TRUE,-0.10357936994129151,0,0,1
DOM,DO,Dominican Republic,Donor pool,1,2014,2009-2016,1,80,80,78,78,66,12,0.8461538461538461,0,1,0.25057640000000003,-0.10930543825093264,3.243499,1.0743771443065424,-0.07092033613513048,-0.18634361949697908,-0.1225909417896468,-0.8014537506646737,-0.3378428420007946,0,-0.07833774735593092,TRUE,-0.0737339516645266,0,0,1
DOM,DO,Dominican Republic,Donor pool,1,2015,2009-2016,1,78,78,77,77,61,16,0.7922077922077922,0,1,0.45778149999999995,-0.10928081627343482,3.2446387,1.2113759046585928,-0.1358454072783936,-0.17739541850642213,-0.12170622398979021,-0.8014537506646737,-0.3502198922777876,0,-9.147237599940959e-4,TRUE,0.1771097642512819,0,0,1
DOM,DO,Dominican Republic,Donor pool,1,2016,2009-2016,1,114,114,113,113,81,32,0.7168141592920354,0,1,0.01751229999999998,-0.10900296296580025,2.9991862,1.1834419371602622,-0.22562794448455625,-0.1668313330310881,-0.12110356139053503,-0.8014537506646737,-0.4633434865106061,0,0.038187563758567036,TRUE,-0.06922862241628695,0,0,1
DZA,DZ,Algeria,Donor pool,1,1997,1997-2008,0,88,87,82,82,67,15,0.8170731707317073,0,1,0.23360060000000005,-0.08187940545885086,3.9824344000000003,-0.22870776043811825,-0.33961802194306756,-0.32938752981835406,-0.11421727708979769,-0.15701929395928252,0.3865499459933235,0,0.4532853209863927,FALSE,0.36501638422654087,0,0,0
DZA,DZ,Algeria,Donor pool,1,1998,1997-2008,0,84,84,78,78,64,14,0.8205128205128205,0,1,0.3994511,-0.08122739673778034,3.6383532,-0.25608660787187443,-0.3596191618997814,-0.33013379082158967,-0.11360712458720393,-0.15701929395928252,0.4024805010518098,1,0.0022800056639874543,FALSE,-0.142546703945553,0,0,0
DZA,DZ,Algeria,Donor pool,1,1999,1997-2008,0,94,94,89,89,76,13,0.8539325842696629,0,1,0.24364700000000006,-0.07999940861787652,3.5914234,-0.2837122302570909,-0.24041356972220967,-0.3303467837394571,-0.10897310423537748,-0.15701929395928252,0.3746591768421741,0,0.09845264283198936,FALSE,0.13742095501111912,0,0,0
DZA,DZ,Algeria,Donor pool,1,2000,1997-2008,0,77,77,76,76,70,6,0.9210526315789473,0,1,0.47987840000000004,-0.07881347973024366,3.8799960000000002,-0.07511367348099311,-0.34009383937122867,-0.3251509603822332,-0.10383575353720777,-0.15701929395928252,0.348386195209115,1,0.9286312691830352,FALSE,1.0076358168034836,0,0,0
DZA,DZ,Algeria,Donor pool,1,2001,1997-2008,0,85,84,83,83,75,8,0.9036144578313253,0,1,0.7097117000000001,-0.07868452933374025,3.935547,-0.01187586762867903,-0.2957625797113286,-0.32152551548221914,-0.10267931855055802,-0.15701929395928252,0.26474580038252044,1,0.7391528216837225,FALSE,0.5453422157850853,0,0,0
DZA,DZ,Algeria,Donor pool,1,2002,1997-2008,0,105,102,101,98,83,15,0.8469387755102041,0,1,0.6397664000000001,-0.07740261753940844,3.89137,-0.04980440579231005,-0.2880296603019736,-0.3203158564484595,-0.10122026432571034,-0.15701929395928252,0.25206052467533346,1,0.47968140571495094,FALSE,0.2679964335406891,0,0,0
DZA,DZ,Algeria,Donor pool,1,2003,1997-2008,0,91,91,89,89,79,10,0.8876404494382022,0,1,0.09109980000000006,-0.07663225387765504,3.9467930000000004,0.13599303826598846,-0.29351557440319076,-0.31013908481341873,-0.10257288330609948,-0.15701929395928252,0.30683103564491354,0,0.74477822270935,FALSE,0.644273872189012,0,0,0
DZA,DZ,Algeria,Donor pool,1,2004,1997-2008,0,90,89,88,87,80,7,0.9195402298850575,0,1,0.2518659999999999,-0.07669094504800156,3.898033,0.2460988321950924,-0.22646325494690586,-0.2944696428559868,-0.10572790992156102,-0.15701929395928252,0.29795782588917935,0,0.7505658572219892,FALSE,0.6271694618283615,0,0,0
DZA,DZ,Algeria,Donor pool,1,2005,1997-2008,0,99,99,97,97,82,15,0.845360824742268,0,1,0.14540979999999992,-0.07905706950277047,3.7648102,0.24708735467435528,-0.22135058792640933,-0.2822407992189775,-0.10500889966309829,-0.15701929395928252,0.16948387236858914,0,1.1666164976073512,FALSE,1.3275750988627424,0,0,0
DZA,DZ,Algeria,Donor pool,1,2006,1997-2008,0,111,109,108,106,91,15,0.8584905660377359,0,1,0.44368189999999996,-0.07966138139557971,4.108401000000001,0.38718610185470104,-0.31580740037684213,-0.26967730017896646,-0.105381335532279,-0.15701929395928252,0.15719150320677824,1,1.3674412302054415,FALSE,1.3090096189733955,0,0,0
DZA,DZ,Algeria,Donor pool,1,2007,1997-2008,0,94,94,93,93,87,6,0.9354838709677419,0,1,0.63613,-0.07986506825431242,4.008892,0.4061138837955711,-0.03884110832204328,-0.25478454680415663,-0.10736521219096744,-0.15701929395928252,0.08219590298044652,1,1.248702618438449,FALSE,0.5982040021263049,0,0,0
DZA,DZ,Algeria,Donor pool,1,2008,1997-2008,0,99,97,97,95,75,20,0.7894736842105263,0,1,0.6287499000000001,-0.07821156292077609,4.032109,0.2844046913090133,-0.1679021453890447,-0.22500239563103872,-0.110150740509579,-0.15701929395928252,0.06430035691685755,0,1.1145595115069566,FALSE,0.9710534809499324,0,0,0
DZA,DZ,Algeria,Donor pool,1,2009,2009-2016,1,84,84,83,83,71,12,0.8554216867469879,0,1,0.5923747,-0.07784110242630907,3.775825,0.164208710086242,-0.056249501462423225,-0.25278691199986514,-0.10538086236626601,-0.15701929395928252,-0.04904973746670323,0,0.1119303003902175,FALSE,-0.22184576520685034,0,0,0
DZA,DZ,Algeria,Donor pool,1,2010,2009-2016,1,88,87,87,86,80,6,0.9302325581395349,0,1,0.2751023,-0.07847442238515623,3.6586480000000003,0.22620942373247205,-0.04689938285068704,-0.232881858346922,-0.1043525740437346,-0.15701929395928252,-8.397278501646895e-4,0,0.4681936499204246,FALSE,0.20252613545161904,0,0,0
DZA,DZ,Algeria,Donor pool,1,2011,2009-2016,1,99,96,96,94,77,17,0.8191489361702128,0,1,0.515969,-0.07521339488980436,3.758,0.08410596065193753,0.04526134019009243,-0.2033917882286075,-0.10520906367304099,-0.15701929395928252,-0.07776504865616445,0,0.5342560027693515,FALSE,0.14274760922002253,0,0,0
DZA,DZ,Algeria,Donor pool,1,2012,2009-2016,1,92,91,90,89,77,12,0.8651685393258427,0,1,0.122529,-0.07518244696016442,3.5344547000000004,-0.06437599406778441,0.12702648797318417,-0.1999437288818385,-0.10248949272511844,-0.15701929395928252,-0.16826179768592722,1,0.3843585798809363,FALSE,-0.21264832178419313,0,0,0
DZA,DZ,Algeria,Donor pool,1,2013,2009-2016,1,61,61,61,61,54,7,0.8852459016393442,0,1,0.47876110000000005,-0.07476805565835827,3.6385699000000002,-0.22289498181672351,0.14456348054011234,-0.20153198914057938,-0.10140568625706006,-0.15701929395928252,-0.25891312815884465,1,0.12436987702244766,FALSE,0.10136201038881879,0,0,0
DZA,DZ,Algeria,Donor pool,1,2014,2009-2016,1,80,80,78,78,69,9,0.8846153846153846,0,1,0.1402972,-0.07236194755621507,3.6343726,-0.21725435493733578,-0.034071828051453965,-0.1981498337854093,-0.10068965793024182,-0.15701929395928252,-0.36906629471788416,1,-0.14411089128755067,FALSE,-0.5243375094437691,0,0,0
DZA,DZ,Algeria,Donor pool,1,2015,2009-2016,1,78,77,77,76,62,14,0.8157894736842105,0,1,1.0594948000000002,-0.07293261815265266,3.846352,-0.1766242619597796,-0.044350194801711346,-0.23957393024997875,-0.08879401792244618,-0.15701929395928252,-0.38094022281596035,1,-0.7237624483794968,FALSE,-1.0768476102187692,0,0,0
DZA,DZ,Algeria,Donor pool,1,2016,2009-2016,1,114,114,113,113,85,28,0.7522123893805309,0,1,0.9316821,-0.07173729859079903,3.913356,-0.1299665583527787,-0.18115672148750134,-0.2472165614033592,-0.08361779860783203,-0.15701929395928252,-0.4948392300828329,1,-0.8230762695785735,FALSE,-0.9713051222590996,0,0,0
ECU,EC,Ecuador,Donor pool,1,1997,1997-2008,0,88,86,82,80,61,19,0.7625,0,1,1.12175112,-0.08921739511137006,3.0942838800000003,0.5544746160674963,-0.08585913294815502,-0.30846426545506783,2.216456149049081,-0.516120915526163,0.39275177935138983,1,0.008664299606422081,TRUE,-0.06694858235876942,0,0,0
ECU,EC,Ecuador,Donor pool,1,1998,1997-2008,0,84,82,78,76,53,23,0.6973684210526315,0,1,0.34132657,-0.09215052481667721,2.89757553,0.5402800662943447,-0.13207662363777878,-0.31013195170486296,3.0730677566105826,-0.516120915526163,0.4117123783509113,0,-0.3092528971593096,TRUE,-0.25546263219594095,0,0,0
ECU,EC,Ecuador,Donor pool,1,1999,1997-2008,0,94,92,89,87,67,20,0.7701149425287356,0,1,0.30705,-0.1013237203276684,3.0407264,0.5024451812050802,-0.12932718952506564,-0.33095848739397304,6.823043715508535,-0.516120915526163,0.39268180074355696,0,0.3491879332263267,TRUE,-0.23272262073223673,0,0,0
ECU,EC,Ecuador,Donor pool,1,2000,1997-2008,0,77,75,76,74,59,15,0.7972972972972973,0,1,0.36849610000000005,-0.10394292878948802,3.0316215,0.5227483106938626,-0.1570370705091842,-0.3366320648946847,-0.14775726547488724,-0.516120915526163,0.3696247990809466,0,0.43952224698459924,TRUE,0.14069793689390922,0,0,0
ECU,EC,Ecuador,Donor pool,1,2001,1997-2008,0,85,82,83,81,68,13,0.8395061728395061,0,1,0.22842640000000003,-0.10393902174592429,2.9974089,0.4881041755919995,-0.2843357914237434,-0.32461098803529403,-0.14775726547488724,-0.516120915526163,0.2860900868832729,0,-0.0325136609196901,TRUE,0.1699305313492977,0,0,0
ECU,EC,Ecuador,Donor pool,1,2002,1997-2008,0,105,105,101,101,73,28,0.7227722772277227,0,1,0.24798249999999994,-0.10350331045354258,3.0036211,0.510272388905666,-0.311310486275411,-0.3167396948377484,-0.14775726547488724,-0.516120915526163,0.27411999268343534,0,-0.14732644153544164,TRUE,0.2278425433361838,0,0,0
ECU,EC,Ecuador,Donor pool,1,2003,1997-2008,0,91,88,89,86,74,12,0.8604651162790697,0,1,0.5073875999999999,-0.10296740719310359,3.3483056,0.5729624728087604,-0.2798173559304756,-0.30920315265890636,-0.14775726547488724,-0.516120915526163,0.3290886620597285,1,0.028827355709390195,TRUE,0.2537044075056819,0,0,0
ECU,EC,Ecuador,Donor pool,1,2004,1997-2008,0,90,89,88,87,78,9,0.896551724137931,0,1,0.45758770000000004,-0.1027645636978915,3.1885793,0.668852964008119,-0.2290608323144584,-0.3012515747069525,-0.14775726547488724,-0.516120915526163,0.3199944115980293,1,0.022715776516545088,TRUE,0.3290208078981089,0,0,0
ECU,EC,Ecuador,Donor pool,1,2005,1997-2008,0,99,98,97,96,77,19,0.8020833333333334,0,1,0.5001004,-0.10388562156189979,3.1193,0.8027115064511128,-0.31326845070869197,-0.2917651474023162,-0.14775726547488724,-0.516120915526163,0.19046816775253503,0,0.160040516838151,TRUE,0.222807353332354,0,0,0
ECU,EC,Ecuador,Donor pool,1,2006,1997-2008,0,111,111,108,108,93,15,0.8611111111111112,0,1,0.6178399,-0.1042690765855974,3.0468792000000002,0.8660017945380101,-0.27416937702441535,-0.2819311633133417,-0.14775726547488724,-0.516120915526163,0.1779891374528542,0,0.3023759377064189,TRUE,0.41429763736379255,0,0,0
ECU,EC,Ecuador,Donor pool,1,2007,1997-2008,0,94,94,93,93,80,13,0.8602150537634409,0,1,0.24558780000000008,-0.10363078228869574,3.1271742000000002,0.5774216673645352,-0.23360600761215858,-0.2750178718649771,-0.14775726547488724,-0.516120915526163,0.10228192177526868,1,0.30109820069054993,TRUE,0.3922961120351329,0,0,0
ECU,EC,Ecuador,Donor pool,1,2008,1997-2008,0,99,97,97,95,80,15,0.8421052631578947,0,1,0.18099720000000002,-0.10251553050829477,3.2223618999999997,0.6354820181028286,0.22657301692669837,-0.25398212739991094,-0.14775726547488724,-0.516120915526163,0.08484129034075485,1,0.2529375393647443,TRUE,0.2159638357559584,0,0,0
ECU,EC,Ecuador,Donor pool,1,2009,2009-2016,1,84,82,83,81,71,10,0.8765432098765432,0,1,0.0745188,-0.10254059419225903,3.2579691000000004,0.3825892106659074,0.3173131397068077,-0.2581371939350897,-0.14775726547488724,-0.516120915526163,-0.028174519700652847,1,0.12457418740212607,TRUE,-0.14199698541613268,0,0,0
ECU,EC,Ecuador,Donor pool,1,2010,2009-2016,1,88,88,87,87,75,12,0.8620689655172413,0,1,0.22407500000000002,-0.10260421866112206,3.1594707,0.5154167597372944,0.008961700106891946,-0.24441532328469984,-0.14775726547488724,-0.516120915526163,0.019554001570843506,1,-0.029185759468393274,TRUE,0.0496674491232408,0,0,0
ECU,EC,Ecuador,Donor pool,1,2011,2009-2016,1,99,98,96,96,77,19,0.8020833333333334,0,1,0.855255,-0.10141478147677203,4.0972859999999995,0.549902544486701,-0.03883816293485496,-0.22580250424929396,-0.14775726547488724,-0.516120915526163,-0.05562047758732032,1,0.06899573840648157,TRUE,0.15627455849720157,0,0,0
ECU,EC,Ecuador,Donor pool,1,2012,2009-2016,1,92,91,90,89,76,13,0.8539325842696629,0,1,0.34942529999999994,-0.10106893550902987,3.7613510000000003,0.47897718795361105,0.1787838708619674,-0.21168550374197523,-0.14775726547488724,-0.516120915526163,-0.14638336833294388,1,0.08736901369226296,TRUE,-0.07822996644995044,0,0,0
ECU,EC,Ecuador,Donor pool,1,2013,2009-2016,1,61,60,61,60,54,6,0.9,0,1,0.8310562000000001,-0.1005261204964782,3.9908650000000003,0.6231180865108223,0.06088876870130956,-0.19772089835673395,-0.14775726547488724,-0.516120915526163,-0.23714323840471388,1,0.04414388950214649,TRUE,-0.6439066696759772,0,0,0
ECU,EC,Ecuador,Donor pool,1,2014,2009-2016,1,80,80,78,78,69,9,0.8846153846153846,0,1,0.3830686,-0.10036334740652914,3.877144,0.5199072496177075,0.2046549029011728,-0.18900755190702048,-0.14775726547488724,-0.516120915526163,-0.34540041020622936,1,0.06118180054818737,TRUE,-0.7348545716191851,0,0,0
ECU,EC,Ecuador,Donor pool,1,2015,2009-2016,1,78,78,77,77,62,15,0.8051948051948052,0,1,0.8817867999999999,-0.10131629585897518,3.6686439999999996,0.5042664703270362,0.5646682429035073,-0.20163312858294574,-0.14775726547488724,-0.516120915526163,-0.3569512493287535,1,-0.02719080342389518,TRUE,-0.4364782503256283,0,0,0
ECU,EC,Ecuador,Donor pool,1,2016,2009-2016,1,114,113,113,112,75,37,0.6696428571428571,0,1,0.505984,-0.10210536626136281,3.4876579,0.4385298966047293,0.43994862719211975,-0.20335287860378257,-0.14775726547488724,-0.516120915526163,-0.4691731138823734,1,0.15361627064271458,TRUE,-0.5282515252000363,0,0,0
EGY,EG,Egypt,Donor pool,1,1997,1997-2008,0,88,85,82,79,67,12,0.8481012658227848,0,1,0.2549992000000001,-0.06898982989298232,3.9610358000000003,-0.16647458494730463,-0.2031721171036261,-0.3435682105089203,-0.1463444213329042,0.21297683183177632,0.3756560903869342,1,0.04740069128951111,FALSE,0.028590007313426955,0,1,0
EGY,EG,Egypt,Donor pool,1,1998,1997-2008,0,84,83,78,77,65,12,0.8441558441558441,0,1,0.5460038,-0.06925510738563387,3.7849059,-0.10692132934007602,-0.2618081164647561,-0.34161046269444273,-0.1463448649260414,0.21297683183177632,0.39236190631502427,1,-0.0672215294597199,FALSE,0.13090486093928755,0,1,0
EGY,EG,Egypt,Donor pool,1,1999,1997-2008,0,94,94,89,89,77,12,0.8651685393258427,0,1,0.3443292,-0.0681285128362656,3.6921056,-0.12549760610630178,-0.24769589242211568,-0.33997990258878713,-0.14634057685904847,0.21297683183177632,0.3646262766972065,1,-0.001085107609787293,FALSE,-0.03768945891662841,0,1,0
EGY,EG,Egypt,Donor pool,1,2000,1997-2008,0,77,76,76,75,67,8,0.8933333333333333,0,1,0.5634193999999999,-0.06805947900341607,3.963537,-0.16790880429407204,-0.16769890005204668,-0.3371064047203784,-0.14629515292179915,0.21297683183177632,0.3392972589202207,1,0.0437905448384736,FALSE,-0.10077968199262378,0,1,0
EGY,EG,Egypt,Donor pool,1,2001,1997-2008,0,85,83,83,83,76,7,0.9156626506024096,0,1,0.6668786999999999,-0.06535794062371192,3.892714,-0.160802474842175,-0.20845674134122047,-0.339191526370632,-0.14599886227902514,0.21297683183177632,0.2534825952916398,1,0.07466812008339556,FALSE,-0.2875697300924334,0,1,0
EGY,EG,Egypt,Donor pool,1,2002,1997-2008,0,105,104,101,101,89,12,0.8811881188118812,0,1,0.7205664,-0.06393385363057007,3.97217,-0.16070763638043428,-0.20656204149661167,-0.3444313735928236,-0.14568736132045781,0.21297683183177632,0.24067715766921058,1,0.13593612519524878,FALSE,-0.31089558202672174,0,1,0
EGY,EG,Egypt,Donor pool,1,2003,1997-2008,0,91,91,89,89,83,6,0.9325842696629213,0,1,0.2411388000000001,-0.06395420675453033,4.096832,-0.20047289864075354,-0.17462896869035838,-0.34694547669337206,-0.14488817899566506,0.21297683183177632,0.29611595708980276,1,0.3485833878046944,FALSE,-0.23118934862703464,0,1,0
EGY,EG,Egypt,Donor pool,1,2004,1997-2008,0,90,88,88,86,81,5,0.9418604651162791,0,1,0.534046,-0.06569715729265413,4.180213,-0.25398120576633043,-0.22505149696879756,-0.3481215167561696,-0.14468390928479694,0.21297683183177632,0.2886662292992047,1,0.36565269773646675,FALSE,-0.21112244342109315,0,1,0
EGY,EG,Egypt,Donor pool,1,2005,1997-2008,0,99,99,97,97,85,12,0.8762886597938144,0,1,0.9756465999999999,-0.06760233039560173,4.595047,-0.20246161344898211,-0.23816409073506012,-0.34476313545645143,-0.14493078858089947,0.21297683183177632,0.15980269448924972,1,0.22333954850826793,FALSE,-0.25808530404528635,0,1,0
EGY,EG,Egypt,Donor pool,1,2006,1997-2008,0,111,111,108,108,97,11,0.8981481481481481,0,1,0.6672269000000001,-0.06493427180325466,4.331946,-0.21716743050598591,-0.2648941473499303,-0.33907863605363575,-0.14495779847414234,0.21297683183177632,0.14474462281274156,1,0.2290928147981022,FALSE,-0.3061751940172823,0,1,0
EGY,EG,Egypt,Donor pool,1,2007,1997-2008,0,94,94,93,93,85,8,0.9139784946236559,0,1,0.816088,-0.06526507928326174,4.18885,-0.2561769508212448,-0.26881986096393046,-0.33176839541433606,-0.14501560358873217,0.21297683183177632,0.06985646085586174,1,0.1134655604984661,FALSE,-0.09413155127979586,0,1,0
EGY,EG,Egypt,Donor pool,1,2008,1997-2008,0,99,99,97,97,84,13,0.865979381443299,0,1,0.8717629,-0.06440139733255026,4.275122,-0.28447115103377446,-0.21350195239721442,-0.32152799175911445,-0.1451356300340333,0.21297683183177632,0.052628448167834095,1,0.04940233398448739,FALSE,-0.4172786434600136,0,1,0
EGY,EG,Egypt,Donor pool,1,2009,2009-2016,1,84,83,83,82,69,13,0.8414634146341463,0,1,0.7842507,-0.06332922382636981,3.967701,-0.2838309265778599,-0.08979079177056344,-0.313728144358154,-0.14506935526242162,0.21297683183177632,-0.061314711533329326,1,6.173187604159198e-4,FALSE,-0.39945220733430564,0,1,0
EGY,EG,Egypt,Donor pool,1,2010,2009-2016,1,88,88,87,87,82,5,0.9425287356321839,0,1,0.6263883,-0.06599760919089792,4.009934,-0.24411521382453974,0.04028213397874739,-0.3051049312075376,-0.145023582596509,0.21297683183177632,-0.011384729946747442,1,-0.014849490570160363,FALSE,-0.5213168973072061,0,1,0
EGY,EG,Egypt,Donor pool,1,2011,2009-2016,1,99,97,96,95,72,23,0.7578947368421053,0,1,0.2398882,-0.07077973105168076,3.4819191999999997,-0.28404602898664094,0.18470934793410287,-0.3011212547667792,-0.1448397074839484,0.21297683183177632,-0.08151223904369616,1,-0.02929729821474972,FALSE,-0.6777277113422234,0,1,0
EGY,EG,Egypt,Donor pool,1,2012,2009-2016,1,92,92,90,90,73,17,0.8111111111111111,0,1,0.5002932999999999,-0.07030112772309818,3.9122190000000003,-0.22402055128798942,0.13412579704360622,-0.28920730664884126,-0.1447668217709523,0.21297683183177632,-0.1723873320501542,0,-0.03871399782114872,FALSE,-0.6984762865253241,0,1,0
EGY,EG,Egypt,Donor pool,1,2013,2009-2016,1,61,61,61,61,52,9,0.8524590163934426,0,1,0.7977922,-0.06981588959929945,3.957601,-0.30008201209836616,0.3926612379746863,-0.28834164415135216,-0.14428521763070654,0.21297683183177632,-0.2630985399833506,1,0.02538284087921394,FALSE,-0.9379700848921478,0,0,0
EGY,EG,Egypt,Donor pool,1,2014,2009-2016,1,80,80,78,78,70,8,0.8974358974358975,0,1,0.6934736,-0.06835588551813476,4.187549,-0.3094275778204103,0.13883764280570243,-0.2851718686195292,-0.1441626182107875,0.21297683183177632,-0.37245208978693584,0,-0.008443344112324997,FALSE,-0.8280600845586732,0,0,0
EGY,EG,Egypt,Donor pool,1,2015,2009-2016,1,78,77,77,77,59,18,0.7662337662337663,0,1,1.1382328000000002,-0.06641532149275754,3.92509,-0.29168840582917366,0.10799985345720352,-0.2800706664573968,-0.14379967044035233,0.21297683183177632,-0.38644843279495356,0,-0.1835871218352163,FALSE,-0.7830660659305592,0,1,0
EGY,EG,Egypt,Donor pool,1,2016,2009-2016,1,114,114,113,113,75,38,0.6637168141592921,0,1,0.8055380999999999,-0.06630428450149907,3.787212,-0.2869987048682321,-0.07864944830066893,-0.2811389449285928,-0.14241912434117834,0.21297683183177632,-0.4994310392307647,0,-0.23622028184123153,FALSE,-0.9177130489884627,0,1,0
ESP,ES,Spain,Donor pool,1,1997,1997-2008,0,88,88,82,82,40,42,0.4878048780487805,0,1,2.619234,0.12359709425876704,1.5968010000000001,-0.28963206318016527,-0.2687050299164685,0.055386567851356316,-0.061751282029465816,-0.2597013792551794,0.21288780273723484,0,0.0571785119341989,FALSE,-0.08813117846442967,1,0,0
ESP,ES,Spain,Donor pool,1,1998,1997-2008,0,84,84,78,78,42,36,0.5384615384615384,0,1,1.6098501,0.13107614294724204,1.6290520000000002,-0.29338105991196023,-0.2861769059624644,0.07478050804717154,-0.05998773118168674,-0.2597013792551794,0.22304836271373416,0,0.005463966808028244,FALSE,-0.0048883819080804075,1,0,0
ESP,ES,Spain,Donor pool,1,1999,1997-2008,0,94,94,89,89,41,48,0.4606741573033708,0,1,1.7788324000000002,0.1399584891564736,1.568944,-0.2884738609510064,-0.27764493183913874,0.08434908609301642,-0.14779376841559996,-0.2597013792551794,0.1887578206963734,0,-0.07880625135828766,FALSE,0.06149383255370153,1,0,0
ESP,ES,Spain,Donor pool,1,2000,1997-2008,0,77,77,76,76,41,35,0.5394736842105263,0,1,1.8079366000000001,0.13940936944360158,1.592181,-0.28401625046448303,-0.2778321085081496,0.056000606687752495,-0.1477083489329035,-0.2597013792551794,0.16395124645798576,0,-0.13672903549793333,FALSE,0.062062169682298024,1,0,0
ESP,ES,Spain,Donor pool,1,2001,1997-2008,0,85,84,83,83,44,39,0.5301204819277109,0,1,1.6704233,0.14431589130807757,1.555412,-0.29737461396157705,-0.2721687811347016,0.0743661286744805,-0.14768834110548895,-0.2597013792551794,0.07627300155205205,0,-0.1402600770038731,FALSE,0.11346053722620633,1,0,0
ESP,ES,Spain,Donor pool,1,2002,1997-2008,0,105,105,101,101,50,51,0.49504950495049505,0,1,1.6635035999999999,0.1419398712065699,1.5881,-0.2938805727155135,-0.2648421161685175,0.12558176845133998,-0.14772322177393252,-0.2597013792551794,0.06667929249014631,0,-0.1053504740888573,FALSE,0.122481119446373,1,0,0
ESP,ES,Spain,Donor pool,1,2003,1997-2008,0,91,91,89,89,46,43,0.5168539325842697,0,1,2.0654152,0.13892011886747693,1.7902780000000003,-0.29775272903154054,-0.23912567658279754,0.25520367307278213,-0.14782584619988048,-0.2597013792551794,0.12465308786840994,0,-0.11363567894828344,FALSE,0.11081387185762305,1,0,0
ESP,ES,Spain,Donor pool,1,2004,1997-2008,0,90,90,88,88,46,42,0.5227272727272727,0,1,1.834065,0.14025609984083762,1.8121019999999999,-0.33271996015812616,-0.2661911235779181,0.35520588066087894,-0.1478732374901042,-0.2597013792551794,0.11460114597567392,1,-0.2001302433141229,FALSE,0.07713400316383257,1,0,0
ESP,ES,Spain,Donor pool,1,2005,1997-2008,0,99,99,97,97,56,41,0.5773195876288659,0,1,1.6545208,0.14068228171950417,1.9648796,-0.31116025469400377,-0.2511481424624285,0.4000473608741006,-0.14787330932592352,-0.2597013792551794,-0.01623277524515603,1,-0.2960005620302992,FALSE,0.21066940525128644,1,0,0
ESP,ES,Spain,Donor pool,1,2006,1997-2008,0,111,111,108,108,58,50,0.5370370370370371,0,1,1.8819471,0.14685020170180985,1.7827720000000002,-0.27462132413500256,-0.24281961053020032,0.4579601264029282,-0.14787766686623338,-0.2597013792551794,-0.034248817448292515,1,-0.3823759918211773,FALSE,0.23728911249657,1,0,0
ESP,ES,Spain,Donor pool,1,2007,1997-2008,0,94,94,93,93,58,35,0.6236559139784946,0,1,1.5392927,0.16252036339112103,1.8334693,-0.27474876247532526,-0.23748477322813874,0.5822742731903092,-0.1479171527657711,-0.2597013792551794,-0.12266048503203171,1,-0.4137887795954782,FALSE,0.27406533271442085,1,0,0
ESP,ES,Spain,Donor pool,1,2008,1997-2008,0,99,99,97,97,54,43,0.5567010309278351,0,1,1.5692031,0.16088390173375883,1.834156,-0.27112703479620914,-0.22080844345237774,0.6690003820540767,-0.1479465776115626,-0.2597013792551794,-0.13777545657899015,1,-0.38518652578185925,FALSE,-0.09519600230757222,1,0,0
ESP,ES,Spain,Donor pool,1,2009,2009-2016,1,84,83,83,82,48,34,0.5853658536585366,0,1,1.5520369999999999,0.13368050583693472,1.6314133000000002,-0.26609512683200587,-0.19725307628753208,0.5713368090623926,-0.1479246729694513,-0.2597013792551794,-0.22782101246141828,1,-0.12472956072370717,FALSE,-0.646003187967239,1,0,0
ESP,ES,Spain,Donor pool,1,2010,2009-2016,1,88,88,87,87,53,34,0.6091954022988506,0,1,1.6746628000000001,0.1387937126023789,1.7088829,-0.29070531055580645,-0.14441423200011091,0.5236991425284748,-0.14790258126936834,-0.2597013792551794,-0.1844677828104248,1,-0.10133066873889982,FALSE,-0.253269458281668,1,0,0
ESP,ES,Spain,Donor pool,1,2011,2009-2016,1,99,97,96,95,55,40,0.5789473684210527,0,1,1.7145239,0.11211616030800355,1.5275070999999998,-0.2866857854036043,-0.13148818530086023,0.5579601506002142,-0.1479238116910051,-0.2597013792551794,-0.23608997678940205,0,-0.0509148716706262,FALSE,-0.15030889397813862,1,0,0
ESP,ES,Spain,Donor pool,1,2012,2009-2016,1,92,92,90,90,49,41,0.5444444444444444,0,1,1.7936223,0.0937764649542554,1.6183034000000003,-0.2831478094306704,-0.05666584088108353,0.45898151800187664,-0.14788836905963662,-0.2597013792551794,-0.31106044768044533,0,0.10103980208414795,FALSE,-0.6041327981952562,1,0,0
ESP,ES,Spain,Donor pool,1,2013,2009-2016,1,61,61,61,61,32,29,0.5245901639344263,0,1,1.4228474,0.09261738344098372,1.7369614,-0.2873168247381892,-0.07494764154030104,0.4816796548738423,-0.1479033879389956,-0.2597013792551794,-0.400381929427123,0,0.20663122742931206,FALSE,-0.297850790444182,1,0,0
ESP,ES,Spain,Donor pool,1,2014,2009-2016,1,80,79,78,77,39,38,0.5064935064935064,0,1,1.7347047,0.08479584058592919,1.7593706999999998,-0.27229632919377916,-0.08607028424785479,0.49575335922540964,-0.14790351624137238,-0.2597013792551794,-0.5018910136305503,0,0.18826522959858943,FALSE,-0.16197892454663232,1,0,0
ESP,ES,Spain,Donor pool,1,2015,2009-2016,1,78,77,77,76,35,41,0.4605263157894737,0,1,1.3354652,0.0769450674507623,1.4513919999999998,-0.25931783701334116,-0.08051239300070862,0.3862794971483982,-0.14781564444716924,-0.2597013792551794,-0.5076120327013787,0,0.20592331941639214,FALSE,-0.07513116239272073,1,0,0
ESP,ES,Spain,Donor pool,1,2016,2009-2016,1,114,113,113,112,54,58,0.48214285714285715,0,1,1.6379089,0.09129029233492235,1.3437649999999999,-0.2708200076199507,-0.07367351735426514,0.4090000191251566,-0.14781438759232315,-0.2597013792551794,-0.6326249179300847,0,0.2680766189969559,FALSE,-0.050292402123377544,1,0,0
EST,EE,Estonia,Donor pool,1,1997,1997-2008,0,88,87,82,81,39,42,0.48148148148148145,0,1,2.539433,-0.11385873391293028,1.6766020000000001,-0.3280535497365647,-0.33165352916847257,-0.2690222404473348,-0.14013825761471344,-0.13233588229980467,0.4135778480982258,1,-0.47663844514040254,FALSE,0.3110264945861518,0,0,0
EST,EE,Estonia,Donor pool,1,1998,1997-2008,0,84,84,78,78,36,42,0.46153846153846156,0,1,1.6547801,-0.11395318836423757,1.5841220000000003,-0.323997465967934,-0.3414762669646406,-0.25696088080718,-0.14002415560220022,-0.13233588229980467,0.43013928987395295,1,-0.3696566801011627,FALSE,0.1261515986589234,0,0,0
EST,EE,Estonia,Donor pool,1,1999,1997-2008,0,94,92,89,88,37,51,0.42045454545454547,0,1,1.8863354,-0.11388985672469049,1.461441,-0.3468098098470987,-0.33511046562464797,-0.2555637300815733,-0.13966755600801756,-0.13233588229980467,0.40330229594448913,0,-0.13287203106530776,FALSE,-0.07466698822024745,0,0,0
EST,EE,Estonia,Donor pool,1,2000,1997-2008,0,77,73,76,72,35,37,0.4861111111111111,0,1,1.8678306,-0.1138674814444584,1.5322870000000002,-0.0945376717954956,-0.33795181937871804,-0.257630404504039,-0.1383124952938487,-0.13233588229980467,0.3780127124787745,0,-0.1768261379850815,FALSE,0.18507795609823421,0,0,0
EST,EE,Estonia,Donor pool,1,2001,1997-2008,0,85,80,83,79,40,39,0.5063291139240507,0,1,1.7223053,-0.11380031553065055,1.50353,-0.23349920030022162,-0.3221742155531113,-0.24493380050337302,-0.13801118621291023,-0.13233588229980467,0.2944245359141203,0,-0.287273819004871,FALSE,0.2046612256356001,0,0,0
EST,EE,Estonia,Donor pool,1,2002,1997-2008,0,105,104,101,100,48,52,0.48,0,1,1.6181926,-0.11353864641836224,1.633411,-0.2722193714678916,-0.24301152882625526,-0.2202340320474036,-0.13852355395124102,-0.13233588229980467,0.2826015365794061,0,-0.5148610157723782,FALSE,0.1876220242595019,0,0,0
EST,EE,Estonia,Donor pool,1,2003,1997-2008,0,91,89,89,87,45,42,0.5172413793103449,0,1,2.0801591999999998,-0.11333750970395141,1.7755340000000002,-0.2906091413341124,-0.282622739189144,-0.16550997282032062,-0.14015324431746734,-0.13233588229980467,0.33785313989682486,0,-0.6058028152730333,FALSE,0.30798504366249085,0,0,0
EST,EE,Estonia,Donor pool,1,2004,1997-2008,0,90,87,88,85,46,39,0.5411764705882353,0,1,1.8171664,-0.11324655346250943,1.8290005999999999,-0.2595371647897742,-0.32005778301921756,-0.11523966162767363,-0.14089898223542074,-0.13233588229980467,0.32885345295124285,0,-0.5637520501933275,FALSE,0.401450907196782,0,0,0
EST,EE,Estonia,Donor pool,1,2005,1997-2008,0,99,98,97,96,53,43,0.5520833333333334,0,1,1.7158884,-0.11210199747770574,1.9035119999999999,-0.2558844699724829,-0.2857998111687287,-0.07120222090392417,-0.14090594783179924,-0.13233588229980467,0.197412384990504,0,-0.3668560503787975,FALSE,0.25467519241929987,0,0,0
EST,EE,Estonia,Donor pool,1,2006,1997-2008,0,111,111,108,108,62,46,0.5740740740740741,0,1,1.8272655,-0.11272108764284777,1.8374536000000004,-0.2994018807770334,-0.02933283052635455,-0.005763349297918511,-0.14097591892871444,-0.13233588229980467,0.18513250595019293,0,-0.7160628316105497,FALSE,0.38235912917897524,0,0,0
EST,EE,Estonia,Donor pool,1,2007,1997-2008,0,94,94,93,93,57,36,0.6129032258064516,0,1,1.6122706,-0.11236412582599185,1.7604914,-0.32681515732042815,-0.273657205329349,0.1148369921987437,-0.14158608469668094,-0.13233588229980467,0.1096630634560102,0,-0.7181760968768162,FALSE,0.39313317451390234,0,0,0
EST,EE,Estonia,Donor pool,1,2008,1997-2008,0,99,99,97,97,53,44,0.5463917525773195,0,1,1.6313035,-0.11268955308707815,1.7720555999999998,-0.2962749862712305,-0.2782719064588787,0.15775511428838024,-0.14202341424101106,-0.13233588229980467,0.09344004771201335,0,-0.37531669437632437,FALSE,-0.027378947513936693,0,0,0
EST,EE,Estonia,Donor pool,1,2009,2009-2016,1,84,84,83,83,48,35,0.5783132530120482,0,1,1.6409742999999999,-0.11280144092291641,1.5424760000000002,-0.3343458773062432,-0.2643352674439477,0.05509498594229228,-0.14169043088031827,-0.13233588229980467,-0.019502381342656035,0,0.23081399860923216,FALSE,0.030627086527119086,0,0,0
EST,EE,Estonia,Donor pool,1,2010,2009-2016,1,88,88,87,87,48,39,0.5517241379310345,0,1,1.9434947,-0.11264650098397784,1.440051,-0.2577298529575094,-0.1657231944331184,0.05366253641898498,-0.14136547385920087,-0.13233588229980467,0.028041416305699122,0,0.1837443510355083,FALSE,0.06624157534362773,0,0,0
EST,EE,Estonia,Donor pool,1,2011,2009-2016,1,99,98,96,96,55,41,0.5729166666666666,0,1,1.7902999999999998,-0.11318027946150355,1.4517309999999999,-0.2596353302528218,-0.194414819886778,0.13864334838669054,-0.1479238116910051,-0.13233588229980467,-0.04567665627777075,0,0.1623637377709749,FALSE,0.13656975045161107,0,0,0
EST,EE,Estonia,Donor pool,1,2012,2009-2016,1,92,91,90,89,44,45,0.4943820224719101,0,1,1.8708706999999998,-0.11268075514986159,1.5410550000000003,-0.31204411893517,-0.23531509094050135,0.13901562333924844,-0.14788836905963662,-0.13233588229980467,-0.13656943102769867,0,-0.005400453883579981,FALSE,0.09785329251927731,0,0,0
EST,EE,Estonia,Donor pool,1,2013,2009-2016,1,61,60,61,60,30,30,0.5,0,1,1.5379578,-0.11299650130648857,1.621851,-0.31779125482711,-0.17530087611620887,0.19021183828339225,-0.1479033879389956,-0.13233588229980467,-0.22660367275286472,0,0.11599192632198684,FALSE,0.16182792487227993,0,0,0
EST,EE,Estonia,Donor pool,1,2014,2009-2016,1,80,80,78,78,38,40,0.48717948717948717,0,1,1.8784234,-0.11260569209070687,1.6156519999999999,-0.31347513749555966,-0.16019623466125135,0.22757377944580562,-0.14790351624137238,-0.13233588229980467,-0.3350535733696278,0,0.13691865013894536,FALSE,0.2247168646786457,0,0,0
EST,EE,Estonia,Donor pool,1,2015,2009-2016,1,78,78,77,77,35,42,0.45454545454545453,0,1,1.3641931999999999,-0.11337614140299937,1.422664,-0.3039171355801158,-0.10066760277574581,0.14353942381635576,-0.14781564444716924,-0.13233588229980467,-0.3467586549085115,0,0.1915925571714942,FALSE,0.16799446156972034,0,0,0
EST,EE,Estonia,Donor pool,1,2016,2009-2016,1,114,114,113,113,56,57,0.49557522123893805,0,1,1.5993549,-0.11296147164174958,1.3823189999999999,-0.23801816483701724,-0.14545397106192962,0.17128658932406496,-0.14781438759232315,-0.13233588229980467,-0.45999788201711,1,0.15870234849317738,FALSE,0.14796683731288054,0,0,0
FIN,FI,Finland,Donor pool,1,1997,1997-2008,0,88,88,82,82,40,42,0.4878048780487805,0,1,2.7025230000000002,-0.06660778187884676,1.5135120000000002,-0.24757763528659388,-0.0664546692871233,0.34807274461966725,-0.1452782097401922,-0.13695831847751075,0.3736428598518503,1,0.3748521618032225,FALSE,-0.14580804641156422,1,0,0
FIN,FI,Finland,Donor pool,1,1998,1997-2008,0,84,84,78,78,41,37,0.5256410256410257,0,1,1.6473491,-0.06531918723714125,1.5915530000000002,-0.237177698656694,0.15349276528991265,0.3867950683236553,-0.1451879350866031,-0.13695831847751075,0.38903539292000616,1,0.3731032383871194,FALSE,0.04173657644088096,1,0,0
FIN,FI,Finland,Donor pool,1,1999,1997-2008,0,94,94,89,89,41,48,0.4606741573033708,0,1,1.7861653999999998,-0.06626778549910176,1.561611,-0.22832763158456862,0.3742817539415172,0.39209715931064315,-0.14779376841559996,-0.13695831847751075,0.3630536496676867,1,0.36182140821426256,FALSE,0.06867257785336744,1,0,0
FIN,FI,Finland,Donor pool,1,2000,1997-2008,0,77,77,76,76,40,36,0.5263157894736842,0,1,1.9184246,-0.06483268688563677,1.4816930000000001,-0.15918711564340168,0.39178807522139153,0.3378942261066938,-0.1477083489329035,-0.13695831847751075,0.33657007777889564,1,0.48655172307087946,FALSE,0.38967936757121574,1,0,0
FIN,FI,Finland,Donor pool,1,2001,1997-2008,0,85,84,83,83,44,39,0.5301204819277109,0,1,1.7130903000000002,-0.06505859946012767,1.512745,-0.16675483941086716,0.41295286032319256,0.3563865149510446,-0.14768834110548895,-0.13695831847751075,0.2532296017468584,1,0.535913724657621,FALSE,0.28801269780910416,1,0,0
FIN,FI,Finland,Donor pool,1,2002,1997-2008,0,105,105,101,101,48,53,0.4752475247524752,0,1,1.5643976,-0.06469810458814612,1.687206,-0.18309912053252572,0.11869014630162915,0.4158700644262052,-0.14772322177393252,-0.13695831847751075,0.24132307805164102,1,0.5334250784422341,FALSE,0.24591709320698668,1,0,0
FIN,FI,Finland,Donor pool,1,2003,1997-2008,0,91,91,89,89,47,42,0.5280898876404494,0,1,2.0355042,-0.06522890283529688,1.820189,-0.2049533254560903,0.31375030619687794,0.590151889395364,-0.14782584619988048,-0.13695831847751075,0.29719328930876837,0,0.3483009106743682,FALSE,0.1729620795248839,1,0,0
FIN,FI,Finland,Donor pool,1,2004,1997-2008,0,90,90,88,88,49,39,0.5568181818181818,0,1,1.8134215,-0.06536489185743055,1.8327455,-0.24271003059294768,0.5446017293973526,0.7326185637226683,-0.1478732374901042,-0.13695831847751075,0.28838540921666417,0,0.40494840806543686,FALSE,0.1617408037946664,1,0,0
FIN,FI,Finland,Donor pool,1,2005,1997-2008,0,99,99,97,97,55,42,0.5670103092783505,0,1,1.7427904,-0.061912599813077805,1.87661,-0.2519578731024539,0.2889540418538829,0.7702842000791931,-0.14787330932592352,-0.13695831847751075,0.15499391679998256,0,0.2810746421733533,FALSE,0.17082957418178266,1,0,0
FIN,FI,Finland,Donor pool,1,2006,1997-2008,0,111,111,108,108,62,46,0.5740740740740741,0,1,1.8262327,-0.06700703806627771,1.8384864000000003,-0.2465418195784383,0.3050124870041843,0.8338807329727725,-0.14787766686623338,-0.13695831847751075,0.1464964583374859,0,0.3050364895165487,FALSE,0.1516173193444522,1,0,0
FIN,FI,Finland,Donor pool,1,2007,1997-2008,0,94,94,93,93,57,36,0.6129032258064516,0,1,1.5602798,-0.06378577359122264,1.8124822,-0.2576283250918338,0.3374605030270445,1.0471967723790527,-0.1479171527657711,-0.13695831847751075,0.06860619915993232,0,0.3199744022040945,FALSE,0.2476442496764885,1,0,0
FIN,FI,Finland,Donor pool,1,2008,1997-2008,0,99,99,97,97,53,44,0.5463917525773195,0,1,1.5474461000000002,-0.06335608359675292,1.8559129999999997,-0.25687078915452344,0.266715252682573,1.2028403358204824,-0.1479465776115626,-0.13695831847751075,0.051744982545327056,0,0.1957495388013677,FALSE,0.21171226366071702,1,0,0
FIN,FI,Finland,Donor pool,1,2009,2009-2016,1,84,84,83,83,48,35,0.5783132530120482,0,1,1.5296037,-0.07098059510743122,1.6538466,-0.2545424617574894,0.5565089911185471,1.0179668691960153,-0.1479246729694513,-0.13695831847751075,-0.05484801808009562,0,0.20179876513970552,FALSE,-0.2262725927407598,1,0,0
FIN,FI,Finland,Donor pool,1,2010,2009-2016,1,88,88,87,87,52,35,0.5977011494252874,0,1,1.7156023,-0.06631342905415467,1.6679434,-0.2667268481635611,0.5754497401381129,0.9894015937977879,-0.14790258126936834,-0.13695831847751075,-0.011117809133849306,0,0.1855238898966166,FALSE,-0.2944919249329019,1,0,0
FIN,FI,Finland,Donor pool,1,2011,2009-2016,1,99,98,96,96,55,41,0.5729166666666666,0,1,1.6972624,-0.07219357855374892,1.5447685999999998,-0.2543742701191222,0.498874449691409,1.1232282153055997,-0.1479238116910051,-0.13695831847751075,-0.08031730050919772,0,0.03815301498975111,FALSE,-0.11253383186721241,1,0,0
FIN,FI,Finland,Donor pool,1,2012,2009-2016,1,92,92,90,90,47,43,0.5222222222222223,0,1,1.7549563,-0.07174114292364268,1.6569694000000001,-0.22730050898527254,0.3943166775027764,1.0201216139225742,-0.14788836905963662,-0.13695831847751075,-0.17117027741669633,0,-0.01787202423616707,FALSE,-0.15200553060855823,1,0,0
FIN,FI,Finland,Donor pool,1,2013,2009-2016,1,61,61,61,61,30,31,0.4918032786885246,0,1,1.5375408,-0.07594013126898139,1.622268,-0.23311886115076955,0.39505546327899327,1.0829891300780727,-0.1479033879389956,-0.13695831847751075,-0.257922527467871,0,-0.020914392171094597,FALSE,-0.1540508503336994,1,0,0
FIN,FI,Finland,Donor pool,1,2014,2009-2016,1,80,80,78,78,38,40,0.48717948717948717,0,1,1.8201515000000001,-0.0692369915031668,1.6739239,-0.2134688041302981,0.3997579904536663,1.0942371148531571,-0.14790351624137238,-0.13695831847751075,-0.37170740728549756,0,0.012771592394844376,FALSE,-0.15811321594895986,1,0,0
FIN,FI,Finland,Donor pool,1,2015,2009-2016,1,78,78,77,77,36,41,0.4675324675324675,0,1,1.1382762,-0.0733992535770299,1.6485809999999999,-0.19599167803162326,0.45882671205383424,0.8734444352836942,-0.14781564444716924,-0.13695831847751075,-0.38054583753088966,0,0.0447583617303469,FALSE,-0.09271372894652372,1,0,0
FIN,FI,Finland,Donor pool,1,2016,2009-2016,1,114,114,113,113,59,54,0.5221238938053098,0,1,1.3828782,-0.0788214080332958,1.5987956999999997,-0.1816825981178229,0.511134732357464,0.8996250905711406,-0.14781438759232315,-0.13695831847751075,-0.48885196813056403,0,3.111062777172695e-4,FALSE,-0.062041760522637414,1,0,0
FJI,FJ,Fiji,Donor pool,1,1997,1997-2008,0,88,72,82,67,52,15,0.7761194029850746,0,1,0.7101029000000001,-0.11658507172864678,3.5059321000000003,0.022195089675952615,-0.35568943049717483,-0.30161848627538895,-0.14749485056135744,0.666994467192045,0.41588206132440136,0,0.008027178525951062,FALSE,-0.2229530090660111,1,1,0
FJI,FJ,Fiji,Donor pool,1,1998,1997-2008,0,84,68,78,63,48,15,0.7619047619047619,0,1,0.10225979999999996,-0.11659445383854145,3.3411619000000004,0.08064667107361771,-0.24545567364728976,-0.3181697015560669,-0.1471736053402096,0.666994467192045,0.4323716026873704,0,-0.09957636763089815,FALSE,0.6347617610158852,1,1,0
FJI,FJ,Fiji,Donor pool,1,1999,1997-2008,0,94,75,89,72,56,16,0.7777777777777778,0,1,0.008717900000000056,-0.11656836696173774,3.3564943,0.03921788940346075,-0.33692740790683046,-0.3088406698463908,-0.14718377348067674,0.666994467192045,0.40556608683609113,1,0.13185141033030706,FALSE,0.2683166259448243,1,1,0
FJI,FJ,Fiji,Donor pool,1,2000,1997-2008,0,77,73,76,72,54,18,0.75,0,1,0.5794807000000001,-0.11655738551114465,2.8206369000000002,0.18844962623180728,-0.3523149873189511,-0.3186039047071063,-0.14708973173559028,0.666994467192045,0.3802861330695276,0,0.014190690489241008,FALSE,0.05208263150323125,1,1,0
FJI,FJ,Fiji,Donor pool,1,2001,1997-2008,0,85,76,83,75,59,16,0.7866666666666666,0,1,0.3923074,-0.11655937895602056,2.8335279,0.40334761545060477,-0.3528378889255132,-0.3200944798589273,-0.14700220906717137,0.666994467192045,0.29675640777531986,0,-0.12489187158758071,FALSE,-0.22268084500617338,1,0,0
FJI,FJ,Fiji,Donor pool,1,2002,1997-2008,0,105,94,101,90,57,33,0.6333333333333333,0,1,0.6454042,-0.11658594956776419,2.6061994,0.3078318582477664,-0.3173995828438587,-0.3144649115245757,-0.1470553335423423,0.666994467192045,0.2851770194049528,0,0.14285426467583634,FALSE,-0.15154930780678139,1,0,0
FJI,FJ,Fiji,Donor pool,1,2003,1997-2008,0,91,90,89,88,71,17,0.8068181818181818,0,1,0.84594038,-0.11661091242202906,3.00975282,0.24495085037551134,-0.23411824106611664,-0.2992129915972939,-0.14722745653263725,0.666994467192045,0.3406197148216596,0,-0.027056567464729467,FALSE,-0.13225352033510623,1,0,0
FJI,FJ,Fiji,Donor pool,1,2004,1997-2008,0,90,81,88,80,61,19,0.7625,0,1,0.7860836600000001,-0.1166123549632354,2.86008334,0.29734393299005907,-0.23306654044687525,-0.2862356579893016,-0.1473236669770265,0.666994467192045,0.3316981203618421,0,-0.4053919973012647,FALSE,0.08222411958420042,1,0,0
FJI,FJ,Fiji,Donor pool,1,2005,1997-2008,0,99,80,97,78,62,16,0.7948717948717948,0,1,0.5696607,-0.11669412366376249,3.0497397,0.0553929231157943,-0.32220325816575685,-0.2779927635741161,-0.14734854099651437,0.666994467192045,0.2012935026690172,0,-0.27660146058051754,FALSE,-0.09574832310376591,1,0,0
FJI,FJ,Fiji,Donor pool,1,2006,1997-2008,0,111,110,108,107,70,37,0.6542056074766355,0,1,1.0254573,-0.1165496453124599,2.6392618000000003,0.024153392112485524,-0.3346528784775577,-0.2757178232802833,-0.14732475333400755,0.666994467192045,0.18836828002361766,0,-0.7933291993015998,FALSE,-0.06589237184244211,1,0,0
FJI,FJ,Fiji,Donor pool,1,2007,1997-2008,0,94,77,93,76,60,16,0.7894736842105263,0,1,0.603629088,-0.11665372376331055,2.769132912,0.06567064448636173,-0.2854270840481791,-0.26667736354897215,-0.14739623164714866,0.666994467192045,0.11328849396765228,1,-0.5231847543090055,FALSE,-0.09978291055386612,1,0,0
FJI,FJ,Fiji,Donor pool,1,2008,1997-2008,0,99,71,97,71,49,22,0.6901408450704225,0,1,0.8651224,-0.11659865640249291,2.5382366999999997,-0.0028782059218681573,-0.34093012273693263,-0.2626462725978327,-0.147405919357714,0.666994467192045,0.09674389638033978,1,-0.7116171698052584,FALSE,0.2740182130982029,1,1,0
FJI,FJ,Fiji,Donor pool,1,2009,2009-2016,1,84,78,83,77,49,28,0.6363636363636364,0,1,0.8948617,-0.11666183936262702,2.2885886,-0.010014557492735866,-0.3392652491834217,-0.2842684797691036,-0.1471905929649083,0.666994467192045,-0.01623969647220117,1,-0.13723250094570252,FALSE,-0.03816088226082753,1,1,0
FJI,FJ,Fiji,Donor pool,1,2010,2009-2016,1,88,83,87,82,64,18,0.7804878048780488,0,1,0.83635221,-0.11676779078940326,2.54719349,0.034721238674576375,-0.33132041808450224,-0.27589300943593903,-0.14721400661339423,0.666994467192045,0.031524598185735934,1,-0.1610293937155778,FALSE,-0.02076718657720334,1,1,0
FJI,FJ,Fiji,Donor pool,1,2011,2009-2016,1,99,95,96,93,75,18,0.8064516129032258,0,1,0.6208564,-0.1167693706173569,2.6211746,-0.0791222033109659,-0.316393357902417,-0.25560292320151434,-0.14728949128839433,0.666994467192045,-0.04264327161663613,1,-0.1827734525482914,FALSE,0.03627377824332599,1,1,0
FJI,FJ,Fiji,Donor pool,1,2012,2009-2016,1,92,87,90,85,62,23,0.7294117647058823,0,1,0.7749069,-0.1167430514980987,2.6370188000000003,0.04268675066827407,-0.09619092684700813,-0.24967273272400048,-0.14729007743098416,0.666994467192045,-0.13313610852441599,1,0.018829259259195655,FALSE,-0.00804458040470069,1,1,0
FJI,FJ,Fiji,Donor pool,1,2013,2009-2016,1,61,60,61,60,50,10,0.8333333333333334,0,1,0.012948499999999974,-0.11675517886220296,3.1468603,0.015196153547387608,0.33515371206043426,-0.2428832872115708,-0.14725956780496094,0.666994467192045,-0.22342695910906135,1,-0.4289163687637051,FALSE,0.047550866529039844,1,1,0
FJI,FJ,Fiji,Donor pool,1,2014,2009-2016,1,80,73,78,72,57,15,0.7916666666666666,0,1,0.4810896,-0.11661514815498676,3.0129858,-0.043867650472735525,0.4748187281505833,-0.22169824888394077,-0.14723243839318462,0.666994467192045,-0.33166490977855634,1,-0.21612667147177358,FALSE,-0.06036585941476121,1,1,0
FJI,FJ,Fiji,Donor pool,1,2015,2009-2016,1,78,75,77,74,55,19,0.7432432432432432,0,1,0.372656,-0.11675685735284151,3.1595132,-0.10255001250274261,-0.14847509081442772,-0.22745286139711898,-0.14710806406993937,0.666994467192045,-0.3439013822841654,1,-0.09145815493548745,FALSE,-0.01887961378551495,1,1,0
FJI,FJ,Fiji,Donor pool,1,2016,2009-2016,1,114,109,113,108,74,34,0.6851851851851852,0,1,0.015312099999999995,-0.11669545675735501,2.9663618,-0.0628651431871311,-0.2064399168581926,-0.21962846180190898,-0.14710979933362917,0.666994467192045,-0.45684203763123793,1,-0.09870501389346423,FALSE,0.09691971382464536,1,1,0
FRA,FR,France,Donor pool,1,1997,1997-2008,0,88,88,82,82,34,48,0.4146341463414634,0,1,3.187485,0.7927826792991909,1.02855,-0.22858779735644114,-0.16679644752550601,0.33300075269667084,-0.14489656783477076,-0.2484120771970045,-0.35268637773550926,1,0.23071708408976532,FALSE,-0.14311319263862396,1,0,0
FRA,FR,France,Donor pool,1,1998,1997-2008,0,84,81,78,76,31,45,0.40789473684210525,0,1,2.0365951,0.7911205235429329,1.2023070000000002,-0.2113551424702494,-0.18115893985282164,0.3535713001586883,-0.1448594101077688,-0.2484120771970045,-0.33479996512867904,1,0.2317836854419335,FALSE,-0.055346644437512416,1,0,0
FRA,FR,France,Donor pool,1,1999,1997-2008,0,94,91,89,87,32,55,0.367816091954023,0,1,2.2296724,0.7839743696292378,1.118104,-0.20226092503164336,-0.15000278977834927,0.3449585029172169,-0.14779376841559996,-0.2484120771970045,-0.35554373324073574,1,0.257951650285615,FALSE,-0.020151089592151027,1,0,0
FRA,FR,France,Donor pool,1,2000,1997-2008,0,77,74,76,74,34,40,0.4594594594594595,0,1,2.2218646,0.764550617669155,1.1782530000000002,-0.13237927000760769,-0.15242410227888817,0.2792587008003014,-0.1477083489329035,-0.2484120771970045,-0.3643980740425704,1,0.14997150771810702,FALSE,-0.01947129902988369,1,0,0
FRA,FR,France,Donor pool,1,2001,1997-2008,0,85,81,83,80,34,46,0.425,0,1,2.1188253,0.7601173858674394,1.10701,-0.1431225125094533,-0.14808667568012338,0.2790001264094036,-0.14768834110548895,-0.2484120771970045,-0.4441826588881874,1,0.17059866701441417,FALSE,-0.018253231650834534,1,0,0
FRA,FR,France,Donor pool,1,2002,1997-2008,0,105,104,101,100,40,60,0.4,0,1,2.1355886,0.7561644142428187,1.116015,-0.1517328566111072,-0.14790613397882763,0.3322711439465707,-0.14772322177393252,-0.2484120771970045,-0.4524435791314636,0,0.14975324371100837,FALSE,-0.1316711702064642,1,0,0
FRA,FR,France,Donor pool,1,2003,1997-2008,0,91,91,89,89,42,47,0.47191011235955055,0,1,2.4339322,0.7342207931371559,1.421761,-0.1806503693897775,-0.0958348685886515,0.48904611008066784,-0.14782584619988048,-0.2484120771970045,-0.37847593719062045,0,0.13411839118070984,FALSE,-0.16326508457291816,1,0,0
FRA,FR,France,Donor pool,1,2004,1997-2008,0,90,89,88,87,37,50,0.42528735632183906,0,1,2.254487,0.7275718756711923,1.3916799999999998,-0.1705440416507882,-0.0711238576125349,0.6114524019216597,-0.1478732374901042,-0.2484120771970045,-0.38177929917976217,0,0.11893284351892158,FALSE,-0.06700983889249827,1,0,0
FRA,FR,France,Donor pool,1,2005,1997-2008,0,99,99,97,97,45,52,0.4639175257731959,0,1,2.2909504,0.7258503505423249,1.32845,-0.15419876862208348,8.729192388323404e-4,0.6423505455768539,-0.14787330932592352,-0.2484120771970045,-0.5107980473636413,0,0.09801161023511848,FALSE,-0.07329836112073866,1,0,0
FRA,FR,France,Donor pool,1,2006,1997-2008,0,111,111,108,108,51,57,0.4722222222222222,0,1,2.3582621,0.7026029506300849,1.3064570000000002,-0.15604979040842765,0.048010662562917035,0.6933416541924016,-0.14787766686623338,-0.2484120771970045,-0.5039532052103162,0,0.1060789170155218,FALSE,-0.04898897626357946,1,0,0
FRA,FR,France,Donor pool,1,2007,1997-2008,0,94,93,93,93,45,48,0.4838709677419355,0,1,2.1587840000000003,0.6604637159739876,1.213978,-0.1742357341990496,0.07262220758412609,0.8418788887221944,-0.1479171527657711,-0.2484120771970045,-0.5435062262652246,0,0.08675377817356077,FALSE,-0.06476932850644299,1,0,0
FRA,FR,France,Donor pool,1,2008,1997-2008,0,99,99,97,97,44,53,0.4536082474226804,0,1,2.1019671,0.6324917537060355,1.3013919999999999,-0.20029207425879306,0.028759588998400996,0.9587964280514065,-0.1479465776115626,-0.2484120771970045,-0.5363632778746612,0,0.05871651247297135,FALSE,-0.14412169493077273,1,0,0
FRA,FR,France,Donor pool,1,2009,2009-2016,1,84,84,83,83,39,44,0.46987951807228917,0,1,1.9776823000000001,0.6370931648850963,1.2057680000000002,-0.20325116804925922,0.01944023425436736,0.8489873896081438,-0.1479246729694513,-0.2484120771970045,-0.653289235994012,0,0.06663515089745603,FALSE,-0.36630746588838475,1,0,0
FRA,FR,France,Donor pool,1,2010,2009-2016,1,88,88,87,87,39,48,0.4482758620689655,0,1,2.2906277,0.622646883479155,1.092918,-0.18403040298237638,0.08026039378930758,0.818623383845272,-0.14790258126936834,-0.2484120771970045,-0.5934049546582612,0,0.06233963244451234,FALSE,-0.3311019769928806,1,0,0
FRA,FR,France,Donor pool,1,2011,2009-2016,1,99,98,96,96,51,45,0.53125,0,1,2.0540599999999998,0.6131094469033966,1.1879709999999999,-0.20367523059525564,0.15006417661533103,0.9136873017114071,-0.1479238116910051,-0.2484120771970045,-0.6595134243692232,0,0.049888354173945354,FALSE,-0.2244202744679774,1,0,0
FRA,FR,France,Donor pool,1,2012,2009-2016,1,92,92,90,90,38,52,0.4222222222222222,0,1,2.3193027,0.5973530510662503,1.0926230000000001,-0.18349652502831199,0.2426227170040231,0.8235826408754555,-0.14788836905963662,-0.2484120771970045,-0.7366672171065214,1,0.04421428955028614,FALSE,-0.20085902065525302,1,0,0
FRA,FR,France,Donor pool,1,2013,2009-2016,1,61,61,61,61,27,34,0.4426229508196721,0,1,1.9116298,0.5724091591829347,1.248179,-0.1855164250781896,0.2115794876146349,0.8766426699977372,-0.1479033879389956,-0.2484120771970045,-0.8058865404483309,1,0.06884053009371867,FALSE,-0.18251316382041477,1,0,0
FRA,FR,France,Donor pool,1,2014,2009-2016,1,80,80,78,78,31,47,0.3974358974358974,0,1,2.2560724,0.5573563671589212,1.238003,-0.18314520068732668,0.2789265576065717,0.8907148306236832,-0.14790351624137238,-0.2484120771970045,-0.9012840049248011,1,0.04474135171688359,FALSE,-0.1693584780989771,1,0,0
FRA,FR,France,Donor pool,1,2015,2009-2016,1,78,78,77,77,29,48,0.37662337662337664,0,1,1.7624422,0.5495112832891151,1.0244149999999999,-0.15132185932776154,0.31528473400310536,0.70130144529903,-0.14781564444716924,-0.2484120771970045,-0.9070098323801282,1,0.07650583022443537,FALSE,-0.14590858478182453,1,0,0
FRA,FR,France,Donor pool,1,2016,2009-2016,1,114,113,113,112,43,69,0.38392857142857145,0,1,1.9309489,0.5320036879272121,1.050725,-0.1524988410252185,0.25404703165179165,0.7107574995987671,-0.14781438759232315,-0.2484120771970045,-1.0051017361813512,1,0.07006599259133624,FALSE,-0.15062279757090488,1,0,0
GAB,GA,Gabon,Donor pool,1,1997,1997-2008,0,88,71,82,68,58,10,0.8529411764705882,0,1,0.4199096,-0.1131649609053156,3.7961254,1.212875536181735,0.9987525528456869,-0.2447549179719748,0.19686691430216682,0.25858722231093256,0.41299149341727187,0,0.6359558684650023,FALSE,0.293897496935075,0,0,0
GAB,GA,Gabon,Donor pool,1,1998,1997-2008,0,84,68,78,65,52,13,0.8,0,1,0.2696423,-0.11323356670107455,2.9692598,0.9969215317398614,0.6934988497111999,-0.2685214127856708,0.20058268831181233,0.25858722231093256,0.42953108873888274,0,-0.6220902836003882,FALSE,-0.9345257576355643,0,0,0
GAB,GA,Gabon,Donor pool,1,1999,1997-2008,0,94,51,89,51,47,4,0.9215686274509803,0,1,0.10807450000000007,-0.11363027212114243,3.4558509,1.0434036718076123,1.2170005267578299,-0.26701218451531655,0.2156776155257562,0.25858722231093256,0.40308290336835273,0,0.5492469959841263,FALSE,0.1548650334708834,0,0,0
GAB,GA,Gabon,Donor pool,1,2000,1997-2008,0,77,69,76,68,59,9,0.8676470588235294,0,1,0.005151900000000098,-0.11409234999667377,3.3949657,1.0668994593447114,1.0652517797805732,-0.2602076748440747,0.27170912313690493,0.25858722231093256,0.37820276416245713,0,1.1621262667296344,FALSE,1.0891112198566704,0,0,0
GAB,GA,Gabon,Donor pool,1,2001,1997-2008,0,85,65,83,64,53,11,0.828125,0,1,0.008862600000000054,-0.11415805617654996,3.2169727,0.900196487690731,0.9263980984962265,-0.264531854913409,0.284833397584299,0.25858722231093256,0.2947268868271546,0,0.6535197970900056,FALSE,0.486377329049684,0,0,0
GAB,GA,Gabon,Donor pool,1,2002,1997-2008,0,105,54,101,51,42,9,0.8235294117647058,0,1,0.09844910000000007,-0.11426264653546561,3.3500527,0.9373937018453572,0.8283888092479784,-0.26069038122525673,0.26195317895403236,0.25858722231093256,0.28321343824322975,0,0.4390921605941509,FALSE,0.3306263238856385,0,0,0
GAB,GA,Gabon,Donor pool,1,2003,1997-2008,0,91,75,89,73,66,7,0.9041095890410958,0,1,0.13223850000000004,-0.11429114316382533,3.7234547,0.9898207288832239,0.9188599023454475,-0.23881900534858835,0.19463596838250072,0.25858722231093256,0.3386591202923928,0,0.7325795541004353,FALSE,0.7347300283236953,0,0,0
GAB,GA,Gabon,Donor pool,1,2004,1997-2008,0,90,69,88,68,63,5,0.9264705882352942,0,1,0.1601357,-0.11438324350351972,3.4860313,1.0669835668841945,1.0636703279124213,-0.21663099983969217,0.16354931982120494,0.25858722231093256,0.3298141468943998,0,0.7399501128682225,FALSE,0.7633161353583441,0,0,0
GAB,GA,Gabon,Donor pool,1,2005,1997-2008,0,99,62,97,61,58,3,0.9508196721311475,0,1,0.07448520000000003,-0.11466688967140219,3.6938855999999998,0.9768522661990606,0.681307726497855,-0.18483243939951782,0.16350219861265525,0.25858722231093256,0.1995801495581807,0,1.215691792128652,FALSE,0.911011090547066,0,0,0
GAB,GA,Gabon,Donor pool,1,2006,1997-2008,0,111,79,108,78,73,5,0.9358974358974359,0,1,0.053731799999999996,-0.11488169143563981,3.6109873,0.34385495141534933,2.367645563242171,-0.1760419759981625,0.16064383954363803,0.25858722231093256,0.18695857893615114,0,0.8864408130754032,FALSE,0.9070263179180561,0,0,0
GAB,GA,Gabon,Donor pool,1,2007,1997-2008,0,94,82,93,81,76,5,0.9382716049382716,0,1,0.0979968,-0.1147609831353247,3.4707588,0.453642192435515,2.2929141460949967,-0.14205563218775114,0.13474278734056527,0.25858722231093256,0.11168881033212409,0,1.2898431736999287,FALSE,0.8625879452047907,0,0,0
GAB,GA,Gabon,Donor pool,1,2008,1997-2008,0,99,45,97,45,41,4,0.9111111111111111,0,1,0.02870589999999995,-0.11477377513024915,3.4320649999999997,0.2466677946862806,2.7420948873988316,-0.09253654009471636,0.11544135376970947,0.25858722231093256,0.09520156529449196,0,1.4266930264280753,FALSE,1.1091214947809247,0,0,0
GAB,GA,Gabon,Donor pool,1,2009,2009-2016,1,84,32,83,32,28,4,0.875,0,1,0.08768790000000004,-0.11460361023124341,3.2711382,0.20856490088677143,1.7976195118712313,-0.16300718511663015,0.12980985709510423,0.25858722231093256,-0.017979245679821194,0,0.4554391317282684,FALSE,0.6987808281066888,0,0,0
GAB,GA,Gabon,Donor pool,1,2010,2009-2016,1,88,82,87,81,71,10,0.8765432098765432,0,1,0.3029256,-0.1145415387799159,3.0806201,0.3187627334281651,1.5865147922013856,-0.13167624590600013,0.14430106240644577,0.25858722231093256,0.029643041433858805,0,1.0196386326779643,FALSE,0.17314282218381669,0,0,0
GAB,GA,Gabon,Donor pool,1,2011,2009-2016,1,99,65,96,64,49,15,0.765625,0,1,0.2774028,-0.11450119233560026,2.9646282,0.5602759392633777,0.3975236081860405,-0.07694797301320656,0.13037481872085588,0.25858722231093256,-0.044560263108306374,0,0.8700002933153095,FALSE,0.2951968644978813,0,0,0
GAB,GA,Gabon,Donor pool,1,2012,2009-2016,1,92,72,90,70,56,14,0.8,0,1,0.5832341999999999,-0.11460606263618321,2.8286915,-0.06601883060339907,0.3108175079517637,-0.10404658562406867,0.15362366086542564,0.25858722231093256,-0.1349422229286644,0,0.7193910290901636,FALSE,0.3169466101897613,0,0,0
GAB,GA,Gabon,Donor pool,1,2013,2009-2016,1,61,43,61,43,36,7,0.8372093023255814,0,1,0.07306370000000006,-0.11468582703084906,3.2328725,-0.20860498754331666,0.732389922164994,-0.10696362132792456,0.1437719218177484,0.25858722231093256,-0.22517590886573777,0,0.5460189880614775,FALSE,0.31664272325878146,0,0,0
GAB,GA,Gabon,Donor pool,1,2014,2009-2016,1,80,25,78,25,21,4,0.84,0,1,0.5358839,-0.11441781336907964,2.9581915,-0.19840374151837142,1.3048577302030389,-0.10685601704773172,0.14368776097557656,0.25858722231093256,-0.33352202662109653,0,0.4268308425194251,FALSE,0.46096319933558294,0,0,0
GAB,GA,Gabon,Donor pool,1,2015,2009-2016,1,78,75,77,74,56,18,0.7567567567567568,0,1,0.23459330000000003,-0.11488505791278156,3.0214505,-0.3095463747731197,1.3204103460144665,-0.17016126669255627,0.2013278794856994,0.25858722231093256,-0.3454833670997193,0,0.14942136467842698,FALSE,-0.03152919126507586,0,0,0
GAB,GA,Gabon,Donor pool,1,2016,2009-2016,1,114,27,113,27,19,8,0.7037037037037037,0,1,0.08517980000000003,-0.11450435740414142,2.8964941,-0.3736199666203947,1.8113563318952166,-0.1810358956492355,0.20215232221996224,0.25858722231093256,-0.458693884486178,0,-0.19644793004326686,FALSE,-0.24873461602375255,0,0,0
GBR,GB,United Kingdom,Donor pool,1,1997,1997-2008,0,88,88,82,82,34,48,0.4146341463414634,0,1,3.3835830000000002,0.7159197826161786,0.832452,-0.10606514267343725,-0.23971497712121267,0.41354115957923343,-0.1479874393802231,-0.28715962661861405,-0.28772432420049504,1,0.08885160594987916,FALSE,-0.16627871602559705,1,0,0
GBR,GB,United Kingdom,Donor pool,1,1998,1997-2008,0,84,84,78,78,32,46,0.41025641025641024,0,1,2.1730331,0.7198384228207801,1.0658690000000002,-0.07988945196173566,-0.2331150592601319,0.4572156462450183,-0.14799158698788506,-0.28715962661861405,-0.2745546212367129,1,0.08115333602193366,FALSE,-0.023026594376731952,1,0,0
GBR,GB,United Kingdom,Donor pool,1,1999,1997-2008,0,94,92,89,88,30,58,0.3409090909090909,0,1,2.4010964,0.7027682279429422,0.94668,-0.046088428203416965,-0.1693491132971131,0.4707820011076111,-0.14798316862469876,-0.28715962661861405,-0.2869109084156073,1,-0.01798471073930762,FALSE,0.046181124172342464,1,0,0
GBR,GB,United Kingdom,Donor pool,1,2000,1997-2008,0,77,77,76,76,34,42,0.4473684210526316,0,1,2.4744376,0.7065110286621387,0.9256800000000001,0.011248839451706733,-0.18015403179119904,0.456849014296267,-0.14795781048204668,-0.28715962661861405,-0.3153448760636643,1,-0.0026531755074601982,FALSE,0.09899159319320366,1,0,0
GBR,GB,United Kingdom,Donor pool,1,2001,1997-2008,0,85,84,83,83,34,49,0.40963855421686746,0,1,2.2749843,0.7126526907860516,0.9508510000000001,-0.012246667389871655,-0.1828059601009589,0.4459759534384524,-0.14793786407019183,-0.28715962661861405,-0.4040670218778309,1,4.807421511792521e-4,FALSE,0.005942510564098442,1,0,0
GBR,GB,United Kingdom,Donor pool,1,2002,1997-2008,0,105,105,101,101,40,61,0.39603960396039606,0,1,2.3352796,0.7148819106802033,0.9163239999999999,0.07303533092613523,-0.19286241162836137,0.5090047533682113,-0.14795408873562557,-0.28715962661861405,-0.4175529319892675,1,-0.010349871299872445,FALSE,-0.20749542051468986,1,0,0
GBR,GB,United Kingdom,Donor pool,1,2003,1997-2008,0,91,91,89,89,38,51,0.42696629213483145,0,1,2.6748871999999997,0.7139200687061221,1.1808060000000002,-0.027331184408902236,-0.18878078030048973,0.6382482268417614,-0.14798647152752245,-0.28715962661861405,-0.36131841640751594,1,-0.00221624771281,FALSE,-0.33171875552399255,1,0,0
GBR,GB,United Kingdom,Donor pool,1,2004,1997-2008,0,90,90,88,88,38,50,0.4318181818181818,0,1,2.394941,0.693805687188562,1.251226,0.039027149464746495,-0.14092440759707986,0.8130279380380142,-0.1480256807249196,-0.28715962661861405,-0.35324120032397405,1,-0.028110169504106882,FALSE,-0.31121297596143005,1,0,0
GBR,GB,United Kingdom,Donor pool,1,2005,1997-2008,0,99,99,97,97,45,52,0.4639175257731959,0,1,2.4021724,0.8007908133672453,1.217228,0.02285756324318714,-0.12606735651262346,0.8640378665688951,-0.14802342234296997,-0.28715962661861405,-0.5741353214979791,1,-0.011671416515691977,FALSE,-0.3021402348147859,1,0,0
GBR,GB,United Kingdom,Donor pool,1,2006,1997-2008,0,111,111,108,108,53,55,0.49074074074074076,0,1,2.3694371,0.7319736570873984,1.2952820000000003,0.07911621956884571,-0.1260751430909728,0.9361789753522314,-0.1480272737171634,-0.28715962661861405,-0.5287763837213968,1,-0.07237721424548839,FALSE,-0.2955887597249691,1,0,0
GBR,GB,United Kingdom,Donor pool,1,2007,1997-2008,0,94,94,93,93,43,50,0.46236559139784944,0,1,2.285425,0.6716314596507588,1.087337,0.07055681908383317,-0.12921368441134787,1.1105554961055042,-0.148053129282487,-0.28715962661861405,-0.5529448448172637,1,-0.10529689061202634,FALSE,-0.28324525838494347,1,0,0
GBR,GB,United Kingdom,Donor pool,1,2008,1997-2008,0,99,98,97,96,44,52,0.4583333333333333,0,1,2.2469821000000003,0.7040399581246665,1.1563769999999998,0.07173456662961901,-0.05629270478514958,1.0230816762804165,-0.14802699006399622,-0.28715962661861405,-0.5968335240708924,1,-0.11249688498400943,FALSE,-0.496097586501623,1,0,0
GBR,GB,United Kingdom,Donor pool,1,2009,2009-2016,1,84,84,83,83,40,43,0.4819277108433735,0,1,2.1374123,0.6055393932407541,1.0460380000000002,0.11089051943490484,-0.0649050953068738,0.7690940854150846,-0.147969055017923,-0.28715962661861405,-0.6266210008474125,1,-0.06955810434928474,FALSE,-0.9176957005433068,1,0,0
GBR,GB,United Kingdom,Donor pool,1,2010,2009-2016,1,88,88,87,87,38,49,0.4367816091954023,0,1,2.5466647,0.6112925671269979,0.836881,0.014973128955942352,-0.04292224521687716,0.7916907731831538,-0.14796594390284995,-0.28715962661861405,-0.5838086508686159,0,-0.05292219511687662,FALSE,-0.4069013818492937,1,0,0
GBR,GB,United Kingdom,Donor pool,1,2011,2009-2016,1,99,98,96,96,50,46,0.5208333333333334,0,1,2.283999,0.5503144871906784,0.9580319999999998,-0.022426898225466507,-0.014533175372063412,0.8656741332602561,-0.1479795702026464,-0.28715962661861405,-0.606441139682765,0,0.008214385395124764,FALSE,-0.6674039820765558,1,0,0
GBR,GB,United Kingdom,Donor pool,1,2012,2009-2016,1,92,87,90,86,36,50,0.4186046511627907,0,1,2.4133797,0.5492949011595996,0.9985460000000002,-0.008903682828504938,0.06643654780881296,0.8772053273540702,-0.14797430259144442,-0.28715962661861405,-0.6960500111234481,0,-0.07374742950741144,FALSE,-0.6918081224889233,1,0,0
GBR,GB,United Kingdom,Donor pool,1,2013,2009-2016,1,61,61,61,61,26,35,0.4262295081967213,0,1,2.1746058,0.5553469674558624,0.985203,-0.0479360911600061,0.10119459334047652,0.9042013626842786,-0.1479703909346651,-0.28715962661861405,-0.7914661235732052,0,-0.15481536110957178,FALSE,-0.40403797967050004,1,0,0
GBR,GB,United Kingdom,Donor pool,1,2014,2009-2016,1,80,80,78,78,30,48,0.38461538461538464,0,1,2.5339264,0.5600010065106487,0.9601489999999999,-0.02659053607236861,0.19260079493701476,1.0258392699114562,-0.14798927673547901,-0.28715962661861405,-0.9035191692311405,0,-0.1752286668799057,FALSE,-0.42917612453624693,1,0,0
GBR,GB,United Kingdom,Donor pool,1,2015,2009-2016,1,78,78,77,77,28,49,0.36363636363636365,0,1,1.9106712,0.5322422950807543,0.8761859999999999,0.018766093934425503,0.2982131384463114,0.9526407640784964,-0.14796158714790172,-0.28715962661861405,-0.8924146377556849,0,-0.17123055284355343,FALSE,-0.3196476660787354,1,0,0
GBR,GB,United Kingdom,Donor pool,1,2016,2009-2016,1,114,114,113,113,45,68,0.39823008849557523,0,1,2.1890459,0.614337038321067,0.7926279999999999,0.08445290256387133,0.2744682105132755,0.8351704955950245,-0.14791066917079426,-0.28715962661861405,-1.0746872416308848,0,-0.1982657704509908,FALSE,-0.16309319039549902,1,0,0
GEO,GE,Georgia,Donor pool,1,1997,1997-2008,0,88,84,82,78,40,38,0.5128205128205128,0,1,1.9960137,-0.11524403521334681,2.2200213,-0.3609245602593771,-0.2186182835167411,-0.3535351795816245,-0.14758130686379778,0.20631240583210844,0.41474866029921476,1,-0.6958858347763051,FALSE,-0.3424019693567823,0,0,0
GEO,GE,Georgia,Donor pool,1,1998,1997-2008,0,84,78,78,72,44,28,0.6111111111111112,0,1,0.9138234999999999,-0.11530622473286327,2.3250786000000003,-0.28282522780535274,-0.24736575449327228,-0.3522279767577239,-0.14752670547742106,0.20631240583210844,0.431282832790062,1,-0.31629738983126193,FALSE,-0.06478227788157717,0,0,0
GEO,GE,Georgia,Donor pool,1,1999,1997-2008,0,94,92,89,87,43,44,0.4942528735632184,0,1,1.5227659,-0.1153972999681776,1.8250104999999999,-0.3078599177987799,-0.29475593447086545,-0.35745810258843674,-0.14715130739184631,0.20631240583210844,0.40457633859589043,1,-0.2868680031567562,FALSE,-0.10000746965407979,0,0,0
GEO,GE,Georgia,Donor pool,1,2000,1997-2008,0,77,74,76,73,40,33,0.547945205479452,0,1,1.6311944,-0.11553536721119875,1.7689232000000001,-0.2849366449201453,-0.2990216956927327,-0.3552138410341638,-0.14717990436275785,0.20631240583210844,0.37942235600178764,1,-0.21479008935246793,FALSE,0.11705621417709146,0,0,0
GEO,GE,Georgia,Donor pool,1,2001,1997-2008,0,85,78,83,77,42,35,0.5454545454545454,0,1,1.4636576,-0.11551586418028127,1.7621777,-0.2769248885695757,-0.29890612171265213,-0.35368353531930075,-0.1471226217023074,0.20631240583210844,0.2958744625761206,1,-0.23474230640303906,FALSE,0.12248880232922772,0,0,0
GEO,GE,Georgia,Donor pool,1,2002,1997-2008,0,105,105,101,101,54,47,0.5346534653465347,0,1,1.3382546,-0.11544179435666291,1.913349,-0.3305248959497886,-0.25972966789075347,-0.35216889159516557,-0.14705007450912458,0.20631240583210844,0.28421001613961366,1,-0.24911797302009714,FALSE,0.09523282020494273,0,0,0
GEO,GE,Georgia,Donor pool,1,2003,1997-2008,0,91,83,89,81,41,40,0.5061728395061729,0,1,1.8005247,-0.11533850656552909,2.0551685,-0.24770802883087276,-0.25024119197383676,-0.34756976276802365,-0.14707966217137583,0.20631240583210844,0.339544318226745,1,-0.4215644836119109,FALSE,0.09070748344926888,0,0,0
GEO,GE,Georgia,Donor pool,1,2004,1997-2008,0,90,80,88,79,46,33,0.5822784810126582,0,1,1.6308761,-0.11527308921114719,2.0152909,-0.22254126412138153,0.09914025140119798,-0.338900305162192,-0.147215105942601,0.20631240583210844,0.3305662159288935,0,-0.27952161176215334,FALSE,0.2014726717724414,0,0,0
GEO,GE,Georgia,Donor pool,1,2005,1997-2008,0,99,96,97,94,52,42,0.5531914893617021,0,1,1.7449584,-0.11491890648308095,1.874442,-0.026346295153534986,-0.3413014258755543,-0.3289754564071634,-0.14727660273785487,0.20631240583210844,0.19979314607949983,0,-0.4905455432743857,FALSE,0.2957311553028594,0,0,0
GEO,GE,Georgia,Donor pool,1,2006,1997-2008,0,111,110,108,107,62,45,0.5794392523364486,0,1,1.7113806999999999,-0.11423639585766994,1.9533384000000003,-0.24955907466301905,-0.33776213622847534,-0.31859510579884964,-0.14729567231394186,0.20631240583210844,0.18641319582295834,0,-0.7355704154206448,FALSE,0.29831656930094164,0,0,0
GEO,GE,Georgia,Donor pool,1,2007,1997-2008,0,94,92,93,91,58,33,0.6373626373626373,0,1,1.3065914,-0.1131085239819844,2.0661706,-0.11859033021291138,-0.3469186364376672,-0.29980701692241,-0.1473606981390428,0.20631240583210844,0.11029220488767369,0,-0.9627962880356009,FALSE,0.23151126446969383,0,0,0
GEO,GE,Georgia,Donor pool,1,2008,1997-2008,0,99,93,97,91,51,40,0.5604395604395604,0,1,1.4235351,-0.11329700161290976,1.9798239999999998,-0.13726683956083796,-0.3525639068652341,-0.2795484076236494,-0.14746698305471598,0.20631240583210844,0.09395344371135504,0,-1.0920174012002548,FALSE,0.007480223045144001,0,0,0
GEO,GE,Georgia,Donor pool,1,2009,2009-2016,1,84,84,83,83,48,35,0.5783132530120482,0,1,1.5589404,-0.11430863850712081,1.6245099,-0.297587342752281,-0.19480540316021522,-0.2943022712248975,-0.14736070084194003,0.20631240583210844,-0.018228546314596767,0,-0.4768862574366201,FALSE,-0.4863121547056481,0,0,0
GEO,GE,Georgia,Donor pool,1,2010,2009-2016,1,88,86,87,85,50,35,0.5882352941176471,0,1,1.7419104,-0.11452947618412224,1.6416353,-0.18380053920567282,-0.13951657213478877,-0.2808127402264644,-0.14729454361584832,0.20631240583210844,0.02963284651501554,0,-0.4254036655740237,FALSE,-0.192017137746647,0,0,0
GEO,GE,Georgia,Donor pool,1,2011,2009-2016,1,99,73,96,72,42,30,0.5833333333333334,0,1,1.5930404999999999,-0.11458701189120228,1.6489904999999998,-0.2563737714843826,-0.30907411171636645,-0.2561887323805644,-0.14735123259286714,0.20631240583210844,-0.044487731174096525,0,-0.547809269993226,FALSE,0.06970608049416042,0,0,0
GEO,GE,Georgia,Donor pool,1,2012,2009-2016,1,92,85,90,83,45,38,0.54216867469879515,0,1,1.6759300000000001,-0.11452883591000418,1.7359957000000001,-0.18338589181909243,-0.1670583399334107,-0.24411012365463153,-0.14737207383860568,0.20631240583210844,-0.13500749247921334,1,-0.5063952649019693,FALSE,0.12967974575439384,0,0,0
GEO,GE,Georgia,Donor pool,1,2013,2009-2016,1,61,59,61,59,30,29,0.5084745762711864,0,1,1.2986022,-0.11454008676453378,1.8612066,-0.2512363930545258,-0.06954601797871078,-0.238782164612393,-0.14736492213147145,0.20631240583210844,-0.22529908386162179,1,-0.19863604452722924,FALSE,0.09334516996483846,0,0,0
GEO,GE,Georgia,Donor pool,1,2014,2009-2016,1,80,78,78,76,39,37,0.5131578947368421,0,1,1.6972626,-0.11414953422793282,1.7968128,-0.08861006628679191,-0.09680013962908275,-0.23530479630873702,-0.14730440616993207,0.20631240583210844,-0.33374876754137883,1,-0.44076746050919063,FALSE,-0.024497907749234615,0,0,0
GEO,GE,Georgia,Donor pool,1,2015,2009-2016,1,78,75,77,74,39,35,0.527027027027027,0,1,1.0760445,-0.11456646488508614,1.7108127,-0.22574186659568485,-0.09297630700337492,-0.25715983058615766,-0.14700650380542624,0.20631240583210844,-0.3457526317022018,1,-0.5314357585954941,FALSE,0.0693651215881154,0,0,0
GEO,GE,Georgia,Donor pool,1,2016,2009-2016,1,114,106,113,105,57,48,0.5428571428571428,0,1,1.3791904000000001,-0.11454521176378057,1.6024835,-0.2952306861987123,0.04991016411605549,-0.25549130275462634,-0.14694890570096708,0.20631240583210844,-0.4586593556925398,1,-0.5657623526487591,FALSE,0.037860396817382305,0,0,0
GHA,GH,Ghana,Donor pool,1,1997,1997-2008,0,88,85,82,79,71,8,0.8987341772151899,0,1,0.14987600000000012,-0.11233356564479192,4.066159,-0.14473457037328258,-0.33438752074372047,-0.366147539365478,-0.14822759469328792,0.08529441267685853,0.4122888248248347,1,-0.22027822382517395,FALSE,-0.4062082288536742,0,1,0
GHA,GH,Ghana,Donor pool,1,1998,1997-2008,0,84,84,78,78,62,16,0.7948717948717948,0,1,0.42140399999999995,-0.11229381669420276,3.6603061,-0.2042713865933713,-0.2810148301483039,-0.3654856146768792,-0.14821199818175027,0.08529441267685853,0.42873684219223385,1,-0.28077862467519016,FALSE,-0.3255310608067651,0,1,0
GHA,GH,Ghana,Donor pool,1,1999,1997-2008,0,94,90,89,87,69,18,0.7931034482758621,0,1,0.0757006,-0.11223809673234947,3.423477,-0.10080096880446339,-0.3150156691803917,-0.3654071375104929,-0.14819101500096432,0.08529441267685853,0.4019062814084773,1,-0.5794071432210716,FALSE,-0.3602024654264001,0,1,0
GHA,GH,Ghana,Donor pool,1,2000,1997-2008,0,77,77,76,76,62,14,0.8157894736842105,0,1,0.009987300000000032,-0.11208478288099027,3.3901303,-0.1183010168666428,-0.0902938831551741,-0.36979424479026207,-0.1480264264488287,0.08529441267685853,0.3765060328646238,1,-0.3230707539792927,FALSE,-0.2039722404442908,0,1,0
GHA,GH,Ghana,Donor pool,1,2001,1997-2008,0,85,84,83,83,68,15,0.8192771084337349,0,1,0.07756750000000001,-0.11215157225039976,3.3034028,-0.17127703602380986,0.03100452176291869,-0.36950639851784145,-0.14792505892162733,0.08529441267685853,0.2930310710063533,0,-0.33864398228719966,FALSE,-0.07761091609863946,0,0,0
GHA,GH,Ghana,Donor pool,1,2002,1997-2008,0,105,104,101,101,75,26,0.7425742574257426,0,1,0.15157510000000007,-0.1121885756579525,3.4031787,-0.22482558867790653,-0.08550789088002846,-0.3685096268324511,-0.14788004195061885,0.08529441267685853,0.2814605001001869,0,0.004082041847678606,FALSE,-0.02154668939329497,0,0,0
GHA,GH,Ghana,Donor pool,1,2003,1997-2008,0,91,90,89,88,76,12,0.8636363636363636,0,1,0.35246770000000005,-0.11213087608014123,3.5032255,-0.2939804895702256,-0.0023039462621314856,-0.3667188892907488,-0.14783606871539873,0.08529441267685853,0.3368333318821674,0,0.16845882279610236,FALSE,0.030611462600023377,0,0,0
GHA,GH,Ghana,Donor pool,1,2004,1997-2008,0,90,87,88,86,76,10,0.8837209302325582,0,1,0.29481630000000003,-0.11207693046022996,3.3513507,-0.23011410256285605,0.1854702682961087,-0.36531619308751584,-0.1478167099989083,0.08529441267685853,0.3278649251261307,0,-0.2630441574466699,FALSE,0.11572010508579442,0,0,0
GHA,GH,Ghana,Donor pool,1,2005,1997-2008,0,99,96,97,95,78,17,0.8210526315789474,0,1,0.22473400000000004,-0.11292537704934433,3.3946663999999998,-0.29003123196174424,0.049719237744212226,-0.36318627249906477,-0.14781333003696195,0.08529441267685853,0.1981082789799411,0,-0.45968574213943786,FALSE,0.11400984269740866,0,0,0
GHA,GH,Ghana,Donor pool,1,2006,1997-2008,0,111,109,108,106,87,19,0.8207547169811321,0,1,0.4432772,-0.113027215121581,3.2214419000000003,-0.21984084582058439,0.08292982666862254,-0.3506139144211498,-0.1478074761966001,0.08529441267685853,0.18539123507074692,0,-0.17711645597074185,FALSE,-0.09015128098536215,0,0,0
GHA,GH,Ghana,Donor pool,1,2007,1997-2008,0,94,94,93,93,78,15,0.8387096774193549,0,1,0.2848742000000001,-0.11275759374081984,3.0878878,-0.29431783570357467,-0.1967766201746358,-0.34639157088092154,-0.14779711835845663,0.08529441267685853,0.10999560991015638,0,-0.42185913470183484,FALSE,-0.1280305783375997,0,0,0
GHA,GH,Ghana,Donor pool,1,2008,1997-2008,0,99,96,97,94,74,20,0.7872340425531915,0,1,0.2524694,-0.11197181190086337,3.1508897,-0.30310645249525797,-0.11655027424792176,-0.34249690306199104,-0.14772634703322438,0.08529441267685853,0.09283343589571083,0,-0.5311678283151956,FALSE,-0.2082291771331384,0,0,0
GHA,GH,Ghana,Donor pool,1,2009,2009-2016,1,84,84,83,83,74,9,0.891566265060241,0,1,0.20258690000000001,-0.11138001857489907,2.9808634,-0.346525611556202,-0.15272388160354758,-0.34646269520814055,-0.1475177448960496,0.08529441267685853,-0.020703721893852448,1,-0.29755052374229923,FALSE,-0.1944877215601262,0,0,0
GHA,GH,Ghana,Donor pool,1,2010,2009-2016,1,88,86,87,85,75,10,0.8823529411764706,0,1,0.32369820000000005,-0.11142392373576394,3.0598475,-0.236726285600146,0.03845067138649616,-0.34010970155841896,-0.14750294860051766,0.08529441267685853,0.027008133251371285,1,-0.36514127595105744,FALSE,-0.29589574459258394,0,0,0
GHA,GH,Ghana,Donor pool,1,2011,2009-2016,1,99,89,96,87,75,12,0.8620689655172413,0,1,0.22676509999999994,-0.11059026471555491,3.0152658999999997,-0.2581068571085528,0.06760588245710988,-0.33295284297362526,-0.14744933790548068,0.08529441267685853,-0.04786565362035936,1,-0.3905555514718912,FALSE,-0.08210509277499321,0,0,0
GHA,GH,Ghana,Donor pool,1,2012,2009-2016,1,92,63,90,61,48,13,0.7868852459016393,0,1,0.3075264,-0.10996726145963003,3.1043993000000003,-0.324016605904696,0.47383130069840634,-0.3318849555458465,-0.14726939188496904,0.08529441267685853,-0.1388627888112166,1,-0.5473278827433713,FALSE,-0.490382058633387,0,0,0
GHA,GH,Ghana,Donor pool,1,2013,2009-2016,1,61,46,61,46,39,7,0.8478260869565217,0,1,0.17020940000000007,-0.10997083358391269,3.3300182,-0.3339295510407145,0.5361226631368844,-0.30981516281982074,-0.14717683864129852,0.08529441267685853,-0.22916087000999769,1,-0.3947051178191708,FALSE,-0.5525886675694448,0,0,0
GHA,GH,Ghana,Donor pool,1,2014,2009-2016,1,80,69,78,68,55,13,0.8088235294117647,0,1,0.44169790000000003,-0.10972553689862098,3.0523775,-0.3576826327007749,0.9955381812646616,-0.31995016575182256,-0.14663552193597296,0.08529441267685853,-0.33748778810588803,1,-0.2683869265882475,FALSE,-0.46656446089057413,0,0,0
GHA,GH,Ghana,Donor pool,1,2015,2009-2016,1,78,71,77,70,50,20,0.7142857142857143,0,1,0.07981869999999999,-0.10988009402303872,2.8666758999999997,-0.3443843558006283,1.3367054109377638,-0.32662486068704694,-0.14615167025716538,0.08529441267685853,-0.3497134019562919,1,-0.2127386224065322,FALSE,-0.288080435273164,0,0,0
GHA,GH,Ghana,Donor pool,1,2016,2009-2016,1,114,105,113,104,73,31,0.7019230769230769,0,1,0.007404500000000036,-0.10986982510761203,2.9742694,-0.33993005323286934,1.3212688213008947,-0.3210500521924766,-0.14603623253642795,0.08529441267685853,-0.46261084244833406,1,-0.17634668515677304,FALSE,-0.448445744769812,0,0,0
GIN,GN,Guinea,Donor pool,1,1997,1997-2008,0,88,82,82,77,65,12,0.8441558441558441,0,1,0.39129310000000006,-0.11624933321253657,3.8247419000000002,-0.07694384725430592,0.19549212565556692,-0.35681030995636803,0.49948977674287326,-0.12266389464143652,0.41559830590535596,0,0.007101190275979383,FALSE,0.16158367967555795,0,1,0
GIN,GN,Guinea,Donor pool,1,1998,1997-2008,0,84,78,78,73,60,13,0.821917808219178,0,1,0.422533,-0.11619747572662432,3.6614351000000003,-0.07076143902950609,-0.34587862963308064,-0.3582267880148795,0.5831847119041457,-0.12266389464143652,0.432036089527296,0,-0.06329220345355209,FALSE,-0.09704716401734423,0,1,0
GIN,GN,Guinea,Donor pool,1,1999,1997-2008,0,94,84,89,81,64,17,0.7901234567901234,0,1,0.08765339999999999,-0.11610446024049145,3.4354298,-0.01481407947422769,-0.2236145573527945,-0.3593071813404965,0.6722402236878503,-0.12266389464143652,0.4051740077633348,0,-0.11907923145242037,FALSE,0.018040386834792654,0,1,0
GIN,GN,Guinea,Donor pool,1,2000,1997-2008,0,77,72,76,71,57,14,0.8028169014084507,0,1,0.217449,-0.11612834874521755,3.1826686000000004,-0.19311218494430424,-0.35955420211088823,-0.3620241826320716,0.8848506191622433,-0.12266389464143652,0.3799235249639345,0,-0.0771024773410739,FALSE,-0.04540154498737109,0,1,0
GIN,GN,Guinea,Donor pool,1,2001,1997-2008,0,85,60,83,60,47,13,0.7833333333333333,0,1,0.1382394,-0.11572657675450443,3.0875959,-0.19773699693342264,-0.35929119677150123,-0.36305482092568436,1.0053236641762857,-0.12266389464143652,0.29605255008150866,0,0.018366319942820293,FALSE,-0.11933896600870073,0,1,0
GIN,GN,Guinea,Donor pool,1,2002,1997-2008,0,105,99,101,96,72,24,0.75,0,1,0.2722821000000001,-0.1156838128502311,3.5238857,-0.20868716817446945,-0.046432852033587095,-0.362677765384113,1.0202789139157333,-0.12266389464143652,0.2844145624033389,0,-0.1546221510855329,FALSE,-0.13841432496234216,0,1,0
GIN,GN,Guinea,Donor pool,1,2003,1997-2008,0,91,85,89,83,71,12,0.8554216867469879,0,1,0.24227929999999998,-0.11593858986724052,3.6134139000000003,-0.17307268335203657,-0.1827094250123582,-0.36060398667864196,1.0256537840948108,-0.12266389464143652,0.34005148937503016,0,-0.10301609154371154,FALSE,-0.23864368636974764,0,1,0
GIN,GN,Guinea,Donor pool,1,2004,1997-2008,0,90,56,88,54,48,6,0.8888888888888888,0,1,0.10724,-0.11599683912378349,3.538927,-0.21429535611582934,-0.13494363669296744,-0.36006291442707783,1.1788412808079916,-0.12266389464143652,0.3311779061279311,0,-0.06926874067825388,FALSE,-0.16917295300036408,0,1,0
GIN,GN,Guinea,Donor pool,1,2005,1997-2008,0,99,93,97,91,76,15,0.8351648351648352,0,1,0.039538900000000043,-0.11618897840774943,3.5798615,-0.24438942887626344,-0.32369084712132173,-0.36363982874752854,2.007119618791606,-0.12266389464143652,0.2008665701101331,0,-0.10612257910482524,FALSE,0.07420093871657386,0,1,0
GIN,GN,Guinea,Donor pool,1,2006,1997-2008,0,111,110,108,107,99,8,0.9252336448598131,0,1,0.14356599999999997,-0.11618097671304758,3.8082851,-0.20660622186127933,-0.22578553407938123,-0.3641158041863081,2.896918163889115,-0.12266389464143652,0.1880566931549827,0,-0.18731942055882733,FALSE,-0.021585103807568624,0,1,0
GIN,GN,Guinea,Donor pool,1,2007,1997-2008,0,94,92,93,91,84,7,0.9230769230769231,0,1,0.25306529999999994,-0.11611058558263483,3.6258273,-0.25334056766075624,0.28470289094246076,-0.35814542722403886,2.334443251298537,-0.12266389464143652,0.11282945100814121,0,-0.29502672263934526,FALSE,0.27667561281722636,0,1,0
GIN,GN,Guinea,Donor pool,1,2008,1997-2008,0,99,85,97,83,77,6,0.927710843373494,0,1,0.32516500000000004,-0.11609993470658128,3.7285241,-0.23061514917508302,-0.16595355811824306,-0.35657665622663215,2.5733560089619556,-0.12266389464143652,0.09632239280830439,0,-0.24395773589562314,FALSE,0.19966493280783623,0,1,0
GIN,GN,Guinea,Donor pool,1,2009,2009-2016,1,84,79,83,78,73,5,0.9358974358974359,0,1,0.16532809999999998,-0.11618003261710858,3.3487784,-0.1930254863709619,-0.2696382167947542,-0.35779169314131676,2.691288044052239,-0.12266389464143652,-0.016646904071011433,0,-0.2284232476032156,FALSE,-0.25656558024963455,0,1,0
GIN,GN,Guinea,Donor pool,1,2010,2009-2016,1,88,80,87,79,72,7,0.9113924050632911,0,1,0.18072829999999984,-0.11623362919826045,3.564274,-0.2714737604118663,0.06211266084424475,-0.3578784003171362,3.2383790209599876,-0.12266389464143652,0.031073141951613932,0,-0.16159764938900253,FALSE,-0.6696488708797218,0,1,0
GIN,GN,Guinea,Donor pool,1,2011,2009-2016,1,99,91,96,89,77,12,0.8651685393258427,0,1,0.10778869999999996,-0.11585225447240782,3.1342423,-0.2548725670748643,-0.23507167900549641,-0.3585407805965294,3.789593908291441,-0.12266389464143652,-0.04341838874957127,0,-0.8294418060800813,FALSE,0.08619615969364056,0,0,0
GIN,GN,Guinea,Donor pool,1,2012,2009-2016,1,92,81,90,79,65,14,0.8227848101265823,0,1,0.21539719999999996,-0.11558075452223594,3.1965285000000003,-0.23736590714298605,-0.27665765297939493,-0.3566994751787813,3.9834723619906227,-0.12266389464143652,-0.1341184446271128,0,-0.6391224268461854,FALSE,2.17969776287194,0,0,0
GIN,GN,Guinea,Donor pool,1,2013,2009-2016,1,61,57,61,57,50,7,0.8771929824561403,0,1,0.1069523,-0.11585141040141636,3.2667611,-0.2725134675566707,0.1581346892478857,-0.3552565545845558,3.937367682671337,-0.12266389464143652,-0.22419079520770566,0,-0.67187352482304,FALSE,-0.16829970662169821,0,0,0
GIN,GN,Guinea,Donor pool,1,2014,2009-2016,1,80,79,78,77,66,11,0.8571428571428571,0,1,0.3292948,-0.11574594255597616,3.1647806,-0.3210795791223653,-0.14563241479295003,-0.3547660374071837,4.0002045478036115,-0.12266389464143652,-0.3323995344556449,0,-0.5084828410501016,FALSE,-0.10630026703487644,0,0,0
GIN,GN,Guinea,Donor pool,1,2015,2009-2016,1,78,75,77,74,57,17,0.7702702702702703,0,1,0.5769835,-0.11571913210495922,3.3638407,-0.29695910152045935,-0.1091970152944117,-0.35528882244175586,4.279016417010865,-0.12266389464143652,-0.3447784343602222,0,-0.5310940107889909,FALSE,-0.40020558421810903,0,0,0
GIN,GN,Guinea,Donor pool,1,2016,2009-2016,1,114,97,113,96,72,24,0.75,0,1,0.29506029999999994,-0.11524302096093522,3.2767342,-0.3993430216086305,2.2284707213725183,-0.35632793901382315,5.155799153563738,-0.12266389464143652,-0.4580695897537182,0,-1.630861097744388,FALSE,0.154484735932802,0,0,0
GRC,GR,Greece,Donor pool,1,1997,1997-2008,0,88,88,82,82,41,41,0.5,0,1,2.592476,-0.061966675764150214,1.6235590000000002,-0.2868017415706859,-0.2486814792332264,0.005240018534878645,0.01315339673860691,0.054603816080058154,0.369720345909551,1,-0.10038698053178,FALSE,-0.5203846249091886,1,0,0
GRC,GR,Greece,Donor pool,1,1998,1997-2008,0,84,84,78,78,42,36,0.5384615384615384,0,1,1.5981841,-0.058378999559843235,1.6407180000000001,-0.2759212840264407,-0.32135177368764317,0.005447115458599518,0.026444187436786875,0.054603816080058154,0.3831697690248387,1,-0.059658960009252415,FALSE,-0.5085935063240893,1,0,0
GRC,GR,Greece,Donor pool,1,1999,1997-2008,0,94,94,89,89,41,48,0.4606741573033708,0,1,1.7809854,-0.0569464157952432,1.566791,-0.26223247122401017,-0.31897475310903695,-0.0027935495763456854,0.03242825836473824,0.054603816080058154,0.35517552714234196,1,-0.12282085408788429,FALSE,-0.4761416700388571,1,0,0
GRC,GR,Greece,Donor pool,1,2000,1997-2008,0,77,77,76,76,41,35,0.5394736842105263,0,1,1.8585116000000002,-0.055740468274029786,1.541606,0.2747524693577168,-0.32148550185808045,-0.03524610923508528,0.06776900224690438,0.054603816080058154,0.32888562640263364,1,-0.3509892542570325,FALSE,-0.34348984078551903,1,0,0
GRC,GR,Greece,Donor pool,1,2001,1997-2008,0,85,84,83,83,44,39,0.5301204819277109,0,1,1.6987633,-0.05532692438541663,1.527072,0.4065783283336778,-0.32281168374570074,-0.020001731091763685,-0.14768834110548895,0.054603816080058154,0.245004702289895,1,-0.32373869684306716,FALSE,-0.4426164193625181,1,0,0
GRC,GR,Greece,Donor pool,1,2002,1997-2008,0,105,105,101,101,51,50,0.504950495049505,0,1,1.5703666,-0.05638837230520251,1.6812369999999999,0.11785796786125469,-0.32431692072032997,0.02775817520669579,-0.14772322177393252,0.054603816080058154,0.2342999590082297,1,-0.26955260901201433,FALSE,-0.5341246347784379,1,0,0
GRC,GR,Greece,Donor pool,1,2003,1997-2008,0,91,91,89,89,49,40,0.550561797752809,0,1,1.9814162,-0.06032262203664904,1.8742770000000002,-0.25055797602244567,-0.29912583985119634,0.1523099795621901,-0.14782584619988048,0.054603816080058154,0.29304665823377796,1,-0.34950557872335036,FALSE,-0.6955320075474468,1,0,0
GRC,GR,Greece,Donor pool,1,2004,1997-2008,0,90,89,88,87,49,38,0.5632183908045977,0,1,1.7394981,-0.05966945062453539,1.9066688999999999,0.05836412416049864,-0.3197877529700827,0.2530654649685139,-0.1478732374901042,0.054603816080058154,0.283571805068973,0,-0.3021387653116924,FALSE,-0.7430142062691266,1,0,0
GRC,GR,Greece,Donor pool,1,2005,1997-2008,0,99,98,97,96,55,41,0.5729166666666666,0,1,1.6995147,-0.06339181399714586,1.9198857,0.20593965354012272,-0.31547407525446824,0.2708406025189826,-0.14787330932592352,0.054603816080058154,0.15624410115631068,0,-0.3755650741028621,FALSE,-0.4603382278416076,1,0,0
GRC,GR,Greece,Donor pool,1,2006,1997-2008,0,111,111,108,108,61,47,0.5648148148148148,0,1,1.8730641000000001,-0.06110930160733824,1.7916550000000002,0.049372089635106003,-0.28742102429961963,0.34024810001424866,-0.14787766686623338,0.054603816080058154,0.1415118807569523,0,-0.518959152298815,FALSE,-0.40535001779414337,1,0,0
GRC,GR,Greece,Donor pool,1,2007,1997-2008,0,94,94,93,93,56,37,0.6021505376344086,0,1,1.6494170000000001,-0.0630880720027813,1.7233450000000001,0.034654955168798345,-0.26027542326329184,0.45852070155173996,-0.1479171527657711,0.054603816080058154,0.06801652416854245,0,-0.696657797934693,FALSE,-0.4637779288461496,1,0,0
GRC,GR,Greece,Donor pool,1,2008,1997-2008,0,99,99,97,97,55,42,0.5670103092783505,0,1,1.6109946000000002,-0.05963746175436515,1.7923644999999997,0.009787340646699392,-0.28751226403833835,0.5541755111401944,-0.1479465776115626,0.054603816080058154,0.048602122704929175,0,-0.6945785784876404,FALSE,-0.7870161416692573,1,0,0
GRC,GR,Greece,Donor pool,1,2009,2009-2016,1,84,84,83,83,48,35,0.5783132530120482,0,1,1.5740034,-0.06346099788935758,1.6094469,-0.01935880221740544,-0.2368787827935311,0.4874573375346265,-0.1479246729694513,0.054603816080058154,-0.06120334032428356,1,-0.5588967036968289,FALSE,-1.145094410782408,1,0,0
GRC,GR,Greece,Donor pool,1,2010,2009-2016,1,88,85,87,84,69,15,0.8214285714285714,0,1,0.49818490000000004,-0.071942338866483,2.8853608,-0.019212136735813512,-0.19235507831658502,0.4059862287571989,-0.14790258126936834,0.054603816080058154,-0.006360435207645571,1,-0.4163431445588629,FALSE,-0.7740369437317354,1,0,0
GRC,GR,Greece,Donor pool,1,2011,2009-2016,1,99,98,96,96,56,40,0.5833333333333334,0,1,1.6178766,-0.07728683529722147,1.6241543999999997,-0.08531648621945986,-0.20354748600004394,0.37224293664537544,-0.1479238116910051,0.054603816080058154,-0.07601264336621283,0,-0.38504900130606495,FALSE,-0.6590779675764052,1,0,0
GRC,GR,Greece,Donor pool,1,2012,2009-2016,1,92,91,90,89,48,41,0.5393258426966292,0,1,1.7337276,-0.08007784166776366,1.6781981000000001,-0.09631347062292138,-0.22493307820185812,0.2582107527459549,-0.14788836905963662,0.054603816080058154,-0.16412436718572634,0,-0.09904522705887403,FALSE,-0.5779154148175287,1,0,0
GRC,GR,Greece,Donor pool,1,2013,2009-2016,1,61,60,61,60,31,29,0.5166666666666667,0,1,1.4235302,-0.08145970584238425,1.7362786,-0.18911095799371097,-0.22842839741030757,0.2567120146617627,-0.1479033879389956,0.054603816080058154,-0.2532575601767398,0,0.022210138068572294,FALSE,-1.1838039138469962,1,0,0
GRC,GR,Greece,Donor pool,1,2014,2009-2016,1,80,80,78,78,41,37,0.5256410256410257,0,1,1.7173976,-0.08251806379493311,1.7766777999999999,-0.20570669806812544,-0.24586402304190802,0.2538139494161475,-0.14790351624137238,0.054603816080058154,-0.36048267121058464,0,0.037705396292022006,FALSE,-0.21827582694617412,1,0,0
GRC,GR,Greece,Donor pool,1,2015,2009-2016,1,78,78,77,77,38,39,0.4935064935064935,0,1,1.0534454,-0.08319561904465196,1.7334117999999998,-0.24527051778442957,0.024617079242108444,0.15113798476722703,-0.14781564444716924,0.054603816080058154,-0.37226626382992994,1,0.034940592056693254,FALSE,-0.3184023781631203,1,0,0
GRC,GR,Greece,Donor pool,1,2016,2009-2016,1,114,114,113,113,60,53,0.5309734513274337,0,1,1.2154489000000002,-0.08268365111171964,1.766225,-0.259969994590899,0.0023281101968142116,0.14933109765326988,-0.14781438759232315,0.054603816080058154,-0.4855877242306683,1,-0.017520733283369103,FALSE,0.08226311227997926,1,0,0
GTM,GT,Guatemala,Donor pool,1,1997,1997-2008,0,88,81,82,76,56,20,0.7368421052631579,0,1,1.16292228,-0.11043603411134215,3.05311272,0.9089365683361844,-0.35833047148702823,-0.3291024284529237,-0.1447613739543462,-0.7098886518317818,0.410685092069761,0,-0.09621765729244147,TRUE,0.1053552352216144,0,0,0
GTM,GT,Guatemala,Donor pool,1,1998,1997-2008,0,84,75,78,69,51,18,0.7391304347826086,0,1,0.396454479,-0.11014880879107115,2.8424476210000003,0.8743762598803966,-0.3584339016948528,-0.3260833188750253,-0.14456655721323183,-0.7098886518317818,0.42692395035170194,0,-0.19338806204141762,TRUE,0.05435148800949653,0,0,0
GTM,GT,Guatemala,Donor pool,1,1999,1997-2008,0,94,87,89,82,53,29,0.6463414634146342,0,1,0.7694082999999999,-0.11014759875606478,2.5783681,0.9587054408565769,-0.3584428879751225,-0.3301255176845134,-0.14398044844443686,-0.7098886518317818,0.4001394596087433,0,-0.20652907765851347,TRUE,0.017631830951372558,0,0,0
GTM,GT,Guatemala,Donor pool,1,2000,1997-2008,0,77,74,76,73,52,21,0.7123287671232876,0,1,0.7764695100000001,-0.10998633707136911,2.62364809,0.9830350796027558,-0.3443643310852431,-0.3287937839284896,-0.14375714415205146,-0.7098886518317818,0.37473249381122226,0,-0.19793343682934605,TRUE,0.0030936067287564723,0,0,0
GTM,GT,Guatemala,Donor pool,1,2001,1997-2008,0,85,79,83,78,61,17,0.782051282051282,0,1,0.548959698,-0.10972616344910258,2.676875602,0.9925368171263363,-0.3589429180305926,-0.3320638777808476,-0.14370069938974905,-0.7098886518317818,0.2909811933255265,0,-0.27181366408441376,TRUE,0.008446645031334387,0,0,0
GTM,GT,Guatemala,Donor pool,1,2002,1997-2008,0,105,97,101,93,61,32,0.6559139784946236,0,1,0.5517091599999999,-0.11003345003903481,2.69989444,1.0444824918613709,-0.3590042647608434,-0.3281952010111154,-0.14372255226633132,-0.7098886518317818,0.2796390570909783,0,-0.23032014137146276,TRUE,0.08882730439968263,0,0,0
GTM,GT,Guatemala,Donor pool,1,2003,1997-2008,0,91,91,89,89,65,24,0.7303370786516854,0,1,1.0705356,-0.11008929285886666,2.7851576000000002,1.0771612450191455,-0.35657753407144804,-0.3266314964076041,-0.14365204954462976,-0.7098886518317818,0.3351078512635594,0,-0.16411915497838833,TRUE,-0.04618433161629579,0,0,0
GTM,GT,Guatemala,Donor pool,1,2004,1997-2008,0,90,90,88,88,65,23,0.7386363636363636,0,1,0.8589340200000001,-0.11065454815898498,2.7872329799999997,1.046942722646435,-0.28946511595473273,-0.32315318004409505,-0.14364870830254411,-0.7098886518317818,0.32666277325327386,0,-0.17073603731947154,TRUE,0.08032628229579483,0,0,0
GTM,GT,Guatemala,Donor pool,1,2005,1997-2008,0,99,99,97,97,73,24,0.7525773195876289,0,1,0.72960706,-0.11159392956995391,2.8897933399999998,0.9298671601166565,-0.14174811800980852,-0.31711267988509906,-0.1438335693350159,-0.7098886518317818,0.19698298230016667,0,-0.15422871553531411,TRUE,0.02353154147901307,0,0,0
GTM,GT,Guatemala,Donor pool,1,2006,1997-2008,0,111,109,108,106,87,19,0.8207547169811321,0,1,0.8225768,-0.111552335913013,2.8421423000000003,1.0210588955204885,-0.25931901756961473,-0.3118625830762749,-0.1438520898413753,-0.7098886518317818,0.1841447144965896,0,-0.18074442489229212,TRUE,0.003576740273435792,0,0,1
GTM,GT,Guatemala,Donor pool,1,2007,1997-2008,0,94,94,93,93,78,15,0.8387096774193549,0,1,0.4906016000000001,-0.11150462716657654,2.8821604,0.8866937900814361,-0.24751194524928544,-0.3049952084763985,-0.14381028956717565,-0.7098886518317818,0.10893664277274534,0,-0.1913296569702027,TRUE,0.04637819424814847,0,0,1
GTM,GT,Guatemala,Donor pool,1,2008,1997-2008,0,99,98,97,96,73,23,0.7604166666666666,0,1,0.4870449,-0.11149226747004164,2.9163142,0.8567235519621773,-0.337989810415792,-0.2960545680693075,-0.14387728741021208,-0.7098886518317818,0.09242814033267838,1,-0.12184856223416735,TRUE,0.033919398033024586,0,0,1
GTM,GT,Guatemala,Donor pool,1,2009,2009-2016,1,84,84,83,83,70,13,0.8433734939759037,0,1,0.4263842,-0.11139289238885482,2.7570661000000003,0.8463822615831892,-0.3251608324520216,-0.3005040675001073,-0.14352150969553634,-0.7098886518317818,-0.020692841359453675,1,0.10692543600433785,TRUE,-0.1032922531739623,0,0,1
GTM,GT,Guatemala,Donor pool,1,2010,2009-2016,1,88,88,87,87,71,16,0.8160919540229885,0,1,0.6669720000000001,-0.1111985736376172,2.7165737,0.7735710699292123,-0.3169614715607819,-0.29481447015184825,-0.14358289386742148,-0.7098886518317818,0.026817674580521055,1,-0.005589356595642557,TRUE,-0.11732885949664375,0,0,1
GTM,GT,Guatemala,Donor pool,1,2011,2009-2016,1,99,98,96,96,80,16,0.8333333333333334,0,1,0.5457869,-0.11132433894399847,2.6962441,0.8139520394667039,-0.3432901252876988,-0.2841259277480157,-0.14374397880062062,-0.7098886518317818,-0.04724523764093704,1,-0.08590035549482934,TRUE,-0.07161399231939353,0,0,1
GTM,GT,Guatemala,Donor pool,1,2012,2009-2016,1,92,92,90,90,67,23,0.7444444444444445,0,1,0.7272235,-0.11094947887763709,2.6847022000000003,0.7876461605181982,-0.27683613487888953,-0.2806690323796277,-0.14371547818799613,-0.7098886518317818,-0.13803265017157154,0,-0.10507861048474813,TRUE,-0.03664039430747242,0,0,1
GTM,GT,Guatemala,Donor pool,1,2013,2009-2016,1,61,61,61,61,50,11,0.819672131147541,0,1,0.34250499999999995,-0.11083240567549886,2.8173038,0.7399509264520457,-0.13586920368244643,-0.2760395449035844,-0.1437017514448061,-0.7098886518317818,-0.2284326969284045,0,-0.13210197653617883,TRUE,0.13039291400228914,0,0,1
GTM,GT,Guatemala,Donor pool,1,2014,2009-2016,1,80,79,78,77,62,15,0.8051948051948052,0,1,0.6668882,-0.11067292916800213,2.8271872,0.6851358738570107,-0.29899619590115684,-0.2688402562651221,-0.14377543546862329,-0.7098886518317818,-0.33668708256422736,0,-0.08211825186447436,TRUE,-0.0036763038731921966,0,0,1
GTM,GT,Guatemala,Donor pool,1,2015,2009-2016,1,78,78,77,77,56,21,0.7272727272727273,0,1,0.0071330000000000005,-0.11085614574408784,2.7939902,0.7069742764334879,-0.10081905415117981,-0.2628348446086211,-0.14382122512377016,-0.7098886518317818,-0.3488884743658418,0,0.0290920426095628,TRUE,0.04284163109148634,0,0,1
GTM,GT,Guatemala,Donor pool,1,2016,2009-2016,1,114,114,113,113,73,40,0.6460176991150443,0,1,0.42946392,-0.1108714195188025,2.5522099799999998,0.6920733004634216,-0.2419154345767801,-0.2579381147033642,-0.14385368308005975,-0.7098886518317818,-0.4617643269959113,0,0.1485823028846717,TRUE,0.09331392727387477,0,0,1
GUY,GY,Guyana,Donor pool,1,1997,1997-2008,0,88,87,82,81,66,15,0.8148148148148148,0,1,0.7694946,-0.11669932550189216,3.4465404,0.04595519172090418,-0.35964244319554817,-0.3483698593317928,-0.06412467979345489,-0.56048987458342725,0.4159786249468303,1,-0.35920652223175453,TRUE,0.02012902604054617,0,0,0
GUY,GY,Guyana,Donor pool,1,1998,1997-2008,0,84,81,78,75,57,18,0.76,0,1,0.0751542,-0.11673287460477826,3.3140563000000003,0.1687778930928856,-0.31431356767826707,-0.3496369793672203,-0.0593230305238927,-0.56048987458342725,0.4324885914766916,1,-0.3227379303041895,TRUE,-0.06400023475744486,0,0,0
GUY,GY,Guyana,Donor pool,1,1999,1997-2008,0,94,91,89,86,66,20,0.7674418604651163,0,1,0.22407459999999996,-0.11674320239897287,3.1237018,0.14327186301027006,-0.2857161905669312,-0.35054486802064894,-0.04307224238319055,-0.56048987458342725,0.4057138521366928,1,-0.2889864526727665,TRUE,0.12662427150423194,0,0,0
GUY,GY,Guyana,Donor pool,1,2000,1997-2008,0,77,74,76,73,60,13,0.821917808219178,0,1,0.26694640000000003,-0.11674283355958949,3.1331712,0.09445261635841545,-0.26496651403544214,-0.3498688038794324,-0.04044912829854593,-0.56048987458342725,0.38044286780853576,1,-0.5274875784273222,TRUE,-0.029669954267142022,0,0,0
GUY,GY,Guyana,Donor pool,1,2001,1997-2008,0,85,77,83,77,66,11,0.8571428571428571,0,1,0.1063539,-0.11673409407109163,3.1194814,0.12089584421335417,-0.29825787759595684,-0.3498753255408748,-0.037556408162736414,-0.56048987458342725,0.2969040713834903,1,-0.5940039787015836,TRUE,-0.15391105077981856,0,0,0
GUY,GY,Guyana,Donor pool,1,2002,1997-2008,0,105,104,101,101,73,28,0.7227722772277227,0,1,0.046618599999999955,-0.1167433956520713,3.2049849999999998,0.11976965019896771,-0.25710478294543926,-0.34930839696002436,-0.03557847565208631,-0.56048987458342725,0.2853100877825322,1,-0.36768248684792765,TRUE,-0.04229900275326852,0,0,0
GUY,GY,Guyana,Donor pool,1,2003,1997-2008,0,91,90,89,88,76,12,0.8636363636363636,0,1,0.3186432,-0.11678827556518256,3.5370500000000002,0.13263251742523244,-0.3469070964090373,-0.34863616347560017,-0.03367792549981487,-0.56048987458342725,0.34076961645818293,1,-0.22826253586115364,TRUE,-0.24943161046079942,0,0,0
GUY,GY,Guyana,Donor pool,1,2004,1997-2008,0,90,88,88,87,77,10,0.8850574712643678,0,1,0.1752884,-0.11677886367495156,3.4708786,0.030943920689122214,-0.3429425056922478,-0.34688568282806015,-0.031058261584014934,-0.56048987458342725,0.3318388481812625,1,-0.04034080765310924,TRUE,-0.08220600289764969,0,0,0
GUY,GY,Guyana,Donor pool,1,2005,1997-2008,0,99,97,97,95,80,15,0.8421052631578947,0,1,0.11123340000000004,-0.11687440821215576,3.508167,0.06011492115885664,-0.2015397357662761,-0.3453941729581909,-0.030131151927266245,-0.56048987458342725,0.201445873383493,1,-0.5348662359733164,TRUE,-0.39924972619584387,0,0,0
GUY,GY,Guyana,Donor pool,1,2006,1997-2008,0,111,111,108,108,92,16,0.8518518518518519,0,1,0.4050745,-0.11693662571617718,3.2596446,0.08018896655717404,0.011679550517290058,-0.2851067920631896,-0.02994582857216942,-0.56048987458342725,0.18869534344157568,1,-0.31417765070088743,TRUE,-0.3665807038995893,0,0,0
GUY,GY,Guyana,Donor pool,1,2007,1997-2008,0,94,94,93,93,82,11,0.8817204301075269,0,1,0.15108100000000008,-0.11692529779491682,3.2216810000000002,-0.003164545854938004,-0.052020153119024484,-0.27121638928241715,-0.028669266099559176,-0.56048987458342725,0.113518019623609,1,-0.23174704808083438,TRUE,-0.12319674388858765,0,0,0
GUY,GY,Guyana,Donor pool,1,2008,1997-2008,0,99,90,97,88,76,12,0.8636363636363636,0,1,0.112977,-0.11690029256702418,3.2903821,-0.0432035996323672,-0.12108975382721335,-0.25944196319865326,-0.02790825742862922,-0.56048987458342725,0.0969988295862692,1,-0.4782009419040223,TRUE,-0.0731505895432505,0,0,0
GUY,GY,Guyana,Donor pool,1,2009,2009-2016,1,84,82,83,81,73,8,0.9012345679012346,0,1,0.09744870000000005,-0.11686118855076458,3.0860016000000003,0.003369594494443885,-0.18080385203713525,-0.25355970377226916,-0.02772096254847779,-0.56048987458342725,-0.016071212936050135,1,-0.29760213410915304,TRUE,-0.04924096242946808,0,0,0
GUY,GY,Guyana,Donor pool,1,2010,2009-2016,1,88,86,87,85,75,10,0.8823529411764706,0,1,0.05889260000000007,-0.11686949699152284,3.3246531,0.18218158760099706,-0.15308820464569667,-0.24260946409446665,-0.027906778784838555,-0.56048987458342725,0.03161055700373532,1,-0.2917684345714259,TRUE,0.004444730486277673,0,0,0
GUY,GY,Guyana,Donor pool,1,2011,2009-2016,1,99,92,96,90,77,13,0.8555555555555555,0,1,0.12512619999999997,-0.1168618754204616,3.1169048,0.2641637983113556,-0.21913515136004086,-0.23186991262100748,-0.027681039166129743,-0.56048987458342725,-0.04256508952578547,1,-0.44912214979055787,TRUE,-0.01760729120953199,0,0,0
GUY,GY,Guyana,Donor pool,1,2012,2009-2016,1,92,90,90,88,71,17,0.8068181818181818,0,1,0.14452279999999995,-0.11683022902589499,3.2674029000000004,0.2916142010568572,-0.14617801449485296,-0.2172597047522916,-0.027479450729335574,-0.56048987458342725,-0.13306242887568837,1,-0.39173673506031526,TRUE,-0.1174108102470942,0,0,0
GUY,GY,Guyana,Donor pool,1,2013,2009-2016,1,61,59,61,59,52,7,0.8813559322033898,0,1,0.2239234,-0.11686894188142723,3.3837322,0.23392482250872665,-0.18356069621105947,-0.21395329993143428,-0.026866799318735174,-0.56048987458342725,-0.22333081025618037,1,-0.4954450977512878,TRUE,-0.0283927162983649,0,0,0
GUY,GY,Guyana,Donor pool,1,2014,2009-2016,1,80,80,78,78,68,10,0.8717948717948718,0,1,0.07053960000000004,-0.1168266121889075,3.4235358,0.2867250720519539,-0.02269005571025602,-0.21642834332401975,-0.026242811639073372,-0.56048987458342725,-0.3314861871635483,1,-0.4083602253063965,TRUE,-0.17074110787207597,0,0,0
GUY,GY,Guyana,Donor pool,1,2015,2009-2016,1,78,77,77,76,59,17,0.7763157894736842,0,1,0.4952305,-0.1168920975026298,3.2820877,0.28478128944035014,0.1359808370370919,-0.21149943863648638,-0.02621274588199666,-0.56048987458342725,-0.34378708164979227,1,0.047332074133229915,TRUE,0.10419504246213425,0,0,0
GUY,GY,Guyana,Donor pool,1,2016,2009-2016,1,114,109,113,108,83,25,0.7685185185185185,0,1,0.09728519999999996,-0.11686762799623897,3.0789590999999996,0.19765142710448397,-0.0956977463184608,-0.20472697129512166,-0.02621274588199666,-0.56048987458342725,-0.4566965240255811,1,0.036084544478423915,TRUE,-0.10945291323082196,0,0,0
HRV,HR,Croatia,Donor pool,1,1997,1997-2008,0,88,85,82,79,40,39,0.5063291139240507,0,1,2.3674030000000004,-0.10035474877990923,1.848632,-0.34831119645221936,-0.30916826563672406,-0.22059136095853624,-0.14470500011765763,-0.09330641349148211,0.4021647132437701,0,-0.4628541698784623,FALSE,0.24345298408107457,0,0,0
HRV,HR,Croatia,Donor pool,1,1998,1997-2008,0,84,81,78,75,42,33,0.56,0,1,1.3866197,-0.10218706309186139,1.8522824000000002,-0.3492292563247074,-0.35669207536399455,-0.20937849714989598,-0.1445851098554496,-0.09330641349148211,0.42019493840101707,0,-0.18967768676199737,FALSE,0.0751957997610733,0,0,0
HRV,HR,Croatia,Donor pool,1,1999,1997-2008,0,94,91,89,86,44,42,0.5116279069767442,0,1,1.5657761,-0.10406001711799334,1.7820003,-0.3340220457220806,-0.3371734801828289,-0.22241300904120945,-0.14414242923862064,-0.09330641349148211,0.3949944309754603,0,-0.24539431471272602,FALSE,-0.41108801602943834,0,0,0
HRV,HR,Croatia,Donor pool,1,2000,1997-2008,0,77,77,76,76,40,36,0.5263157894736842,0,1,1.8120856,-0.10566497650770255,1.588032,-0.15651350137234085,-0.3466982489406219,-0.23168096152974607,-0.14345283497186503,-0.09330641349148211,0.3710802185471409,1,0.0201311056156026,FALSE,-0.5230904453778167,0,0,0
HRV,HR,Croatia,Donor pool,1,2001,1997-2008,0,85,83,83,82,47,35,0.573170731707317,0,1,1.4446972,-0.10568903620168672,1.7811381000000002,-0.1552215112398871,-0.34847187197577156,-0.21959766543764325,-0.1434150558694541,-0.09330641349148211,0.2875691429385128,1,-0.021462594341156587,FALSE,-0.24508070302735768,1,0,0
HRV,HR,Croatia,Donor pool,1,2002,1997-2008,0,105,105,101,101,50,51,0.49504950495049505,0,1,1.4801061,-0.1045879594228643,1.7714975,-0.19031241352312003,-0.35020893621835925,-0.19447983320236767,-0.14369295721086112,-0.09330641349148211,0.2750367031829415,1,-0.24917002185583476,FALSE,-0.12300644796755676,1,0,0
HRV,HR,Croatia,Donor pool,1,2003,1997-2008,0,91,91,89,89,48,41,0.5393258426966292,0,1,1.9715002,-0.10520796069040324,1.8841930000000002,-0.20148938540309239,-0.350619389843142,-0.13657305673578776,-0.14438301877834264,-0.09330641349148211,0.3309823059701306,0,-0.3871072258312689,FALSE,-0.19658758562295375,1,0,0
HRV,HR,Croatia,Donor pool,1,2004,1997-2008,0,90,90,88,88,49,39,0.5568181818181818,0,1,1.7771307,-0.10551799097037645,1.8690362999999999,-0.2705163293901853,-0.34428149266526126,-0.09164530840762444,-0.1447796668481381,-0.09330641349148211,0.32232151996368985,0,-0.22595977466021713,FALSE,-0.27580789733499006,1,0,0
HRV,HR,Croatia,Donor pool,1,2005,1997-2008,0,99,99,97,97,54,43,0.5567010309278351,0,1,1.7041997,-0.10655885041429689,1.9152007,-0.29066476286290477,-0.3245702292751907,-0.07035325609308053,-0.1448300021007381,-0.09330641349148211,0.1927274949873251,0,-0.29850752076965725,FALSE,-0.0435466657536371,1,0,0
HRV,HR,Croatia,Donor pool,1,2006,1997-2008,0,111,111,108,108,62,46,0.5740740740740741,0,1,1.8266694,-0.10629369633608825,1.8380497000000002,-0.33335000922011443,-0.32584010920078954,-0.039271784728102235,-0.14489591629502846,-0.09330641349148211,0.17970028109036026,0,-0.3324058338925838,FALSE,0.023155803071012775,1,0,0
HRV,HR,Croatia,Donor pool,1,2007,1997-2008,0,94,94,93,93,58,35,0.6236559139784946,0,1,1.5953581,-0.10635860021739578,1.7774039000000001,-0.33277010278044633,-0.3291222925740709,0.026983445833313878,-0.14517582804982138,-0.09330641349148211,0.10458738594543629,0,-0.332985876641297,FALSE,-0.024377253443757907,1,0,0
HRV,HR,Croatia,Donor pool,1,2008,1997-2008,0,99,98,97,96,53,43,0.5520833333333334,0,1,1.636533,-0.10568045764604511,1.7668260999999998,-0.33288947462723467,-0.33119773280610665,0.08964197036126566,-0.14542985663793992,-0.09330641349148211,0.08751618518637648,0,-0.4966752351009755,FALSE,-0.01932796782823899,1,0,0
HRV,HR,Croatia,Donor pool,1,2009,2009-2016,1,84,83,83,82,47,35,0.573170731707317,0,1,1.563018,-0.10640037342414294,1.6204323,-0.34585003787828916,-0.3046745040575029,0.04810697485967891,-0.1452234931674642,-0.09330641349148211,-0.024912358164781483,0,-0.2560749266690101,FALSE,-0.3701625382369438,1,0,0
HRV,HR,Croatia,Donor pool,1,2010,2009-2016,1,88,87,87,86,48,38,0.5581395348837209,0,1,1.8320502,-0.10810931079276274,1.5514955000000001,-0.3424514644379408,-0.31771531443484746,0.026217441952043827,-0.14509688330712575,-0.09330641349148211,0.024206728766979286,0,-0.020564803509257327,FALSE,-0.4057557648816811,1,0,0
HRV,HR,Croatia,Donor pool,1,2011,2009-2016,1,99,92,96,90,52,38,0.5777777777777777,0,1,1.7230467,-0.10855764343745916,1.5189842999999996,-0.33883160199269247,-0.30660742764171295,0.05448107094877529,-0.14518805106156443,-0.09330641349148211,-0.04958355989220649,1,0.004533290809842833,FALSE,-0.4696812742861085,1,0,0
HRV,HR,Croatia,Donor pool,1,2012,2009-2016,1,92,91,90,89,43,46,0.48314606741573035,0,1,1.834736,-0.10873251992464267,1.5771897000000001,-0.3298164632241145,-0.2792777916176793,0.01969410257198904,-0.14488852391397328,-0.09330641349148211,-0.1399063527303406,1,-0.0014080850792200605,FALSE,-0.275204749725072,1,0,0
HRV,HR,Croatia,Donor pool,1,2013,2009-2016,1,61,59,61,59,29,30,0.4915254237288136,0,1,1.4733635999999999,-0.10897963090400757,1.6864452,-0.33019471505123327,-0.26752596449219457,0.03812428277800427,-0.1449745287371762,-0.09330641349148211,-0.22999860270463762,1,0.03878580296595855,FALSE,-0.3531052578189667,1,0,0
HRV,HR,Croatia,Donor pool,1,2014,2009-2016,1,80,78,78,76,39,37,0.5131578947368421,0,1,1.7682605,-0.10788888523257593,1.7258149,-0.3317664826167068,-0.27688414922781446,0.03964597089998659,-0.1449489273507202,-0.09330641349148211,-0.3390400671508327,1,0.11252527687326767,FALSE,-0.25066582841617224,1,0,0
HRV,HR,Croatia,Donor pool,1,2015,2009-2016,1,78,77,77,76,34,42,0.4473684210526316,0,1,1.2684841999999998,-0.10935269440595327,1.518373,-0.3023333033602429,-0.25237607327215367,-0.01627474847578517,-0.14429232768937397,-0.09330641349148211,-0.35015914318695,1,0.2732655500410325,FALSE,-0.09722244527215095,1,0,0
HRV,HR,Croatia,Donor pool,1,2016,2009-2016,1,114,114,113,113,56,57,0.49557522123893805,0,1,1.5938049,-0.10931836539888151,1.3878689999999998,-0.3207140213412333,-0.22186268208029514,-5.124316454148526e-4,-0.14432326895143932,-0.09330641349148211,-0.46307691849629656,0,0.21435735866958633,FALSE,0.06549613950406534,1,0,0
HTI,HT,Haiti,Donor pool,1,1997,1997-2008,0,88,71,82,66,51,15,0.7727272727272727,0,1,0.9159113000000001,-0.11540184273228678,3.3001237000000003,1.6277930456753353,-0.3598699114800156,-0.364758469152475,-0.13849829378648382,-0.810780946734701,0.4148820341497461,1,0.01912411023934603,TRUE,0.1995415910423287,0,0,0
HTI,HT,Haiti,Donor pool,1,1998,1997-2008,0,84,75,78,70,54,16,0.7714285714285715,0,1,0.001954100000000014,-0.11539738081675703,3.2408562,1.775701847260856,-0.35992996725897497,-0.3635756012589351,-0.13843254342592543,-0.810780946734701,0.43135987498671974,1,0.13809898258188905,TRUE,0.18549846872625836,0,0,0
HTI,HT,Haiti,Donor pool,1,1999,1997-2008,0,94,88,89,84,63,21,0.75,0,1,0.27687219999999996,-0.11538317199868682,3.0709042,1.8542489970084994,-0.35992996725897497,-0.3622762733346904,-0.13833067965518633,-0.810780946734701,0.4045643980894823,1,0.01849884716295349,TRUE,0.03351724455198343,0,0,0
HTI,HT,Haiti,Donor pool,1,2000,1997-2008,0,77,67,76,66,52,14,0.7878787878787878,0,1,0.33272320000000005,-0.11545918203122392,3.0673944,1.8689822921701045,-0.35952798411362663,-0.3531364719144828,-0.13582717306676884,-0.810780946734701,0.3793579667326648,1,0.005730175453150563,TRUE,0.04971510571514212,0,0,0
HTI,HT,Haiti,Donor pool,1,2001,1997-2008,0,85,76,83,76,61,15,0.8026315789473685,0,1,0.11317250000000001,-0.1154906122627745,3.1126628,1.799260239122666,-0.3584726832614873,-0.3552457950764591,-0.13389995803813887,-0.810780946734701,0.29585312046584716,1,-0.016277300009586916,TRUE,0.03316735326197425,0,0,0
HTI,HT,Haiti,Donor pool,1,2002,1997-2008,0,105,100,101,97,74,23,0.7628865979381443,0,1,0.2900575000000001,-0.11550983184264445,3.5416611,1.8264107108108856,-0.3597404029702348,-0.3560642531246296,-0.13104830476920862,-0.810780946734701,0.2842675192392554,1,0.018868128236131522,TRUE,0.011303851336858083,0,0,0
HTI,HT,Haiti,Donor pool,1,2003,1997-2008,0,91,80,89,78,71,7,0.9102564102564102,0,1,0.15577530000000006,-0.11549522782644366,3.6999179,1.8289843019968064,-0.35907998544974706,-0.3602363661743771,-0.1232905853350322,-0.810780946734701,0.3396767740068539,1,0.04864108429742978,TRUE,-0.02644502288304716,0,0,0
HTI,HT,Haiti,Donor pool,1,2004,1997-2008,0,90,79,88,78,46,32,0.5897435897435898,0,1,1.2744146,-0.11557590560391351,2.3717524,1.705630454100828,-0.3580835638232105,-0.35717459683508257,-0.12566512461202772,-0.810780946734701,0.33082214662584963,0,0.040968326971652314,TRUE,0.05090471338297133,0,0,0
HTI,HT,Haiti,Donor pool,1,2005,1997-2008,0,99,79,97,77,61,16,0.7922077922077922,0,1,0.5771761,-0.1159069654144244,3.0422243,1.7050783395214244,-0.35932154117222664,-0.3544516409804921,-0.12442512407154843,-0.810780946734701,0.20062822177874687,0,0.1018199784740176,TRUE,0.09540368173681688,0,0,0
HTI,HT,Haiti,Donor pool,1,2006,1997-2008,0,111,105,108,104,87,17,0.8365384615384616,0,1,0.77118434,-0.11586789086002472,2.89353476,1.582055012993284,-0.3593777003842868,-0.3528953372885578,-0.12444880208744971,-0.810780946734701,0.18779208303979267,1,0.03618768783526966,TRUE,0.08853801907670895,0,0,0
HTI,HT,Haiti,Donor pool,1,2007,1997-2008,0,94,93,93,92,80,12,0.8695652173913043,0,1,0.18003790000000003,-0.11590111007529993,3.1927241,1.5494477007254897,-0.35337153410705335,-0.34831807374466234,-0.1265467610434007,-0.810780946734701,0.11265240903198599,1,0.0461244437782328,TRUE,0.03340395300924251,0,0,0
HTI,HT,Haiti,Donor pool,1,2008,1997-2008,0,99,90,97,88,70,18,0.7954545454545454,0,1,0.40580170000000004,-0.1159018864628015,2.9975574,1.4847157044344885,-0.33709013743880484,-0.34508281903315,-0.12521824395679942,-0.810780946734701,0.0961550087885742,1,-0.009790191561969403,TRUE,0.011411866060864103,0,0,0
HTI,HT,Haiti,Donor pool,1,2009,2009-2016,1,84,67,83,66,57,9,0.8636363636363636,0,1,0.1766108,-0.1157942506530665,3.0068395000000003,1.8040384080015792,-0.31727453610211415,-0.3420797555153582,-0.12398208789017595,-0.810780946734701,-0.016972954606217144,1,0.0394077839737943,TRUE,-0.005664384055774522,0,0,0
HTI,HT,Haiti,Donor pool,1,2010,2009-2016,1,88,86,87,85,74,11,0.8705882352941177,0,1,0.23401020000000006,-0.1158192487380331,3.1495355,1.7122411331875886,-0.2596716375872952,-0.3417014213396017,-0.12481025163326577,-0.810780946734701,0.03072292088523746,1,0.04995513685379353,TRUE,0.03754905418556763,0,0,0
HTI,HT,Haiti,Donor pool,1,2011,2009-2016,1,99,92,96,90,71,19,0.7888888888888889,0,1,0.6002602,-0.11582099320678957,2.6417707999999998,1.824838394430352,-0.3329243713911819,-0.33869483397785616,-0.12438119537475767,-0.810780946734701,-0.04344480976801236,0,-0.03816558931278846,TRUE,0.04340384463200104,0,0,0
HTI,HT,Haiti,Donor pool,1,2012,2009-2016,1,92,89,90,87,69,18,0.7931034482758621,0,1,0.4837494,-0.11581361665367451,2.9281763,1.6700254269933834,-0.20566181290015484,-0.3372444848910629,-0.1235372440456845,-0.810780946734701,-0.13392163702680604,0,-0.0737179231307594,TRUE,-0.06765389991890894,0,0,0
HTI,HT,Haiti,Donor pool,1,2013,2009-2016,1,61,34,61,34,32,2,0.9411764705882353,0,1,0.19332789999999994,-0.11578586982324614,2.9664809,1.669246578191007,-0.14511354565744927,-0.3344105119142996,-0.1226423331107656,-0.810780946734701,-0.2242461880009981,0,-0.10716552892955468,TRUE,-0.17712814448530848,0,0,0
HTI,HT,Haiti,Donor pool,1,2014,2009-2016,1,80,60,78,59,46,13,0.7796610169491526,0,1,0.5340461000000001,-0.11580491773792502,2.9600293,1.7188901887706796,-0.17421969760823278,-0.3343412547981403,-0.12160539123696676,-0.810780946734701,-0.3323496905245375,0,-0.17166486916911622,TRUE,-0.1481058066666338,0,0,0
HTI,HT,Haiti,Donor pool,1,2015,2009-2016,1,78,25,77,25,20,5,0.8,0,1,0.07975770000000001,-0.1158160386327949,2.8666149,1.6817432360732805,-0.23785749410045778,-0.33578301448431336,-0.1183580258118033,-0.810780946734701,-0.344696532072892,1,-0.0022339863583890605,TRUE,0.03971871476078111,0,0,0
HTI,HT,Haiti,Donor pool,1,2016,2009-2016,1,114,84,113,83,58,25,0.6987951807228916,0,1,0.2045379,-0.11580112795241256,2.777136,1.6357569712776423,-0.2821867871897648,-0.33850784401251177,-0.11088827716735317,-0.810780946734701,-0.4575978956357082,0,0.004938661741001965,TRUE,0.17734630203981744,0,0,0
HUN,HU,Hungary,Donor pool,1,1997,1997-2008,0,88,86,82,80,40,40,0.5,0,1,2.588744,-0.09137007122860553,1.6272910000000003,-0.265305156366345,-0.3371550209743524,-0.241895516295963,-0.03787086640888471,-0.07845286839531708,0.3945711521203883,1,-0.1418578834087836,FALSE,-0.32035098030651765,1,0,0
HUN,HU,Hungary,Donor pool,1,1998,1997-2008,0,84,84,78,78,38,40,0.48717948717948717,0,1,1.7487241,-0.09072119170132927,1.4901780000000002,-0.24164400208984904,-0.3506349289151295,-0.23761343954697317,-0.021539245740959192,-0.07845286839531708,0.4105043518730448,1,-0.3158267579652043,FALSE,-0.4207520500151441,1,0,0
HUN,HU,Hungary,Donor pool,1,1999,1997-2008,0,94,94,89,89,39,50,0.43820224719101125,0,1,2.0125204,-0.08987019930947124,1.335256,-0.2217076278589566,-0.31453111660682076,-0.23613864619149066,-0.008087037414727789,-0.07845286839531708,0.3830016523539254,1,-0.3549377955172263,FALSE,-0.27604123392233615,1,0,0
HUN,HU,Hungary,Donor pool,1,2000,1997-2008,0,77,77,76,76,40,36,0.5263157894736842,0,1,1.9980326000000002,-0.0895618773570834,1.402085,-0.14733519881716794,-0.31000612076153383,-0.24119433811117377,0.01854826606783469,-0.07845286839531708,0.3574703959377182,1,-0.3834977499797007,FALSE,-0.06345134234446054,1,0,0
HUN,HU,Hungary,Donor pool,1,2001,1997-2008,0,85,80,83,79,40,39,0.5063291139240507,0,1,1.8123022999999998,-0.08811589017540651,1.4135330000000002,-0.14472563404768768,-0.30140076877592537,-0.22206287202627772,0.021097940844209278,-0.07845286839531708,0.27271688388762333,1,-0.23556025720965298,FALSE,-0.22870885141632352,1,0,0
HUN,HU,Hungary,Donor pool,1,2002,1997-2008,0,105,104,101,100,48,52,0.48,0,1,1.7184096,-0.08550729477107584,1.533194,-0.17594121629230716,-0.2895035572173276,-0.18159497474400169,0.004180284353915969,-0.07845286839531708,0.2589103377701856,1,-0.247750388571477,FALSE,-0.4950176870964936,1,0,0
HUN,HU,Hungary,Donor pool,1,2003,1997-2008,0,91,91,89,89,47,42,0.5280898876404494,0,1,2.0831932,-0.08624467812521802,1.7725000000000002,-0.20989536697916863,-0.255909418836098,-0.13010860301222227,-0.015680859042333493,-0.07845286839531708,0.3149551481298585,1,-0.34884859758167125,FALSE,-0.33220670119691154,1,0,0
HUN,HU,Hungary,Donor pool,1,2004,1997-2008,0,90,89,88,87,47,40,0.5402298850574713,0,1,1.850074,-0.08702830597318387,1.796093,-0.24063828871119922,-0.24521206384485644,-0.07482758142567929,-0.02843317597431629,-0.07845286839531708,0.30669463158883875,1,-0.39477986386771763,FALSE,-0.3541683870604454,1,0,0
HUN,HU,Hungary,Donor pool,1,2005,1997-2008,0,99,99,97,97,53,44,0.5463917525773195,0,1,1.7553534,-0.07644540211606736,1.864047,-0.2797318670730973,-0.26618364724264915,-0.04776460951708988,-0.030304153250774367,-0.07845286839531708,0.1672765749089278,1,-0.2917635598291294,FALSE,-0.44603798711129006,1,0,0
HUN,HU,Hungary,Donor pool,1,2006,1997-2008,0,111,111,108,108,61,47,0.5648148148148148,0,1,1.8681470999999998,-0.08346709495802303,1.7965720000000003,-0.2995496461199715,-0.21224442968864957,-0.03993946735675597,-0.023911976143717616,-0.07845286839531708,0.16040797017395392,1,-0.2941801166015596,FALSE,-0.700799739001553,1,0,0
HUN,HU,Hungary,Donor pool,1,2007,1997-2008,0,94,88,93,87,54,33,0.6206896551724138,0,1,1.6974209999999998,-0.07283067917597545,1.6753410000000002,-0.3168551955563515,-0.1610990945525586,0.03223695129321218,-0.039741843685343385,-0.07845286839531708,0.07625066308430256,1,-0.29473808115235833,FALSE,-0.3230033097359152,1,0,0
HUN,HU,Hungary,Donor pool,1,2008,1997-2008,0,99,99,97,97,53,44,0.5463917525773195,0,1,1.6465551,-0.06639645052923594,1.7568039999999998,-0.31484501298969647,-0.1510283648250086,0.0859560798124294,-0.04655099834136846,-0.07845286839531708,0.05431460310293602,1,-0.2896392296716185,FALSE,-0.14065433967853586,1,0,0
HUN,HU,Hungary,Donor pool,1,2009,2009-2016,1,84,83,83,82,47,35,0.573170731707317,0,1,1.6812613,-0.09295889109926887,1.5021890000000002,-0.31530611049912616,-0.07822166423166758,0.00627634974794652,-0.02867222338714051,-0.07845286839531708,-0.03627266765167866,1,0.05694446627131881,FALSE,-0.17453632808484737,1,0,0
HUN,HU,Hungary,Donor pool,1,2010,2009-2016,1,88,88,87,87,49,38,0.5632183908045977,0,1,1.8984737000000003,-0.09425651215766559,1.485072,-0.32057698945622665,-0.01332510460088486,0.010351074289526882,-0.025358582652254043,-0.07845286839531708,0.01249878793495244,1,0.11117434295810683,FALSE,-0.15826904216169896,1,0,0
HUN,HU,Hungary,Donor pool,1,2011,2009-2016,1,99,98,96,96,56,40,0.5833333333333334,0,1,1.6677389,-0.09110294893998924,1.5742920999999996,-0.3213005675599038,-0.026068503425212455,0.04037272623538926,-0.029433232058071055,-0.07845286839531708,-0.06433570751238007,1,0.12699289460650853,FALSE,-0.3381237601697079,1,0,0
HUN,HU,Hungary,Donor pool,1,2012,2009-2016,1,92,92,90,90,45,45,0.5,0,1,1.8840957,-0.0912900128261308,1.5278300000000002,-0.3056781468233352,-0.019086340816773437,0.003307625929012878,-0.015209171673110483,-0.07845286839531708,-0.15464819995204243,1,0.1807294776788247,FALSE,-0.07460829264747018,1,0,0
HUN,HU,Hungary,Donor pool,1,2013,2009-2016,1,61,61,61,61,31,30,0.5081967213114754,0,1,1.5927248,-0.09590499222653595,1.567084,-0.2969701318499135,0.012392555139427731,0.02650238773808132,-0.016042633889783747,-0.07845286839531708,-0.24104886771377004,1,0.2859419176027205,FALSE,-0.3112423030949078,1,0,0
HUN,HU,Hungary,Donor pool,1,2014,2009-2016,1,80,80,78,78,36,42,0.46153846153846156,0,1,1.9518064000000002,-0.09051313363295704,1.542269,-0.273373881289519,0.056664068804541674,0.04451742319488834,-0.010774718944897841,-0.07845286839531708,-0.3537254947672371,1,0.16125249641759123,FALSE,-0.2010265570684723,1,0,0
HUN,HU,Hungary,Donor pool,1,2015,2009-2016,1,78,78,77,77,33,44,0.42857142857142855,0,1,1.3993512,-0.0959497993902027,1.387506,-0.2541287687272869,0.04228104245587076,-0.0016063149046504483,0.01686458367152744,-0.07845286839531708,-0.3614868399185488,1,0.2233385168167766,FALSE,-0.02131738012357435,1,0,0
HUN,HU,Hungary,Donor pool,1,2016,2009-2016,1,114,114,113,113,55,58,0.48672566371681414,0,1,1.6770619,-0.07495262097443893,1.3046119999999999,-0.2566048989842673,0.1173621751302785,0.011115624410109652,0.018160368513415792,-0.07845286839531708,-0.49212174279270676,1,0.33879250659053356,FALSE,-0.004512777744000963,1,0,0
IND,IN,India,Donor pool,1,1997,1997-2008,0,88,88,82,82,64,18,0.7804878048780488,0,1,0.009406999999999943,0.1929369729492481,4.206628,0.054878305619759635,-0.026981045839744835,-0.36501950766238334,-0.1268709571446735,0.6046000747843304,0.1542839625751978,1,0.02374027840779517,FALSE,-0.07445496543694997,1,0,0
IND,IN,India,Donor pool,1,1998,1997-2008,0,84,84,78,78,54,24,0.6923076923076923,0,1,0.2556688,0.22404587653534755,3.4945709000000003,0.12148437771244598,-0.011575352822555944,-0.36509583155574893,-0.12394556144549633,0.6046000747843304,0.14447332753917122,0,0.043595029628758775,FALSE,-0.11885853799534928,1,0,0
IND,IN,India,Donor pool,1,1999,1997-2008,0,94,92,89,88,65,23,0.7386363636363636,0,1,0.04075050000000002,0.26185152037155074,3.3070259,0.1649238433473196,-0.046780281990224014,-0.3642642808203894,-0.12288326628730453,0.6046000747843304,0.08573774259555589,0,0.03727113155103381,FALSE,-0.11696809444904581,1,0,0
IND,IN,India,Donor pool,1,2000,1997-2008,0,77,77,76,76,54,22,0.7105263157894737,0,1,0.1203065000000001,0.2699166846986114,3.2798111,0.14771891941756538,0.059187914477115966,-0.3642401185132475,-0.12176767292079693,0.6046000747843304,0.053650651942652346,0,0.06392859531892059,FALSE,-0.16281239341890516,1,0,0
IND,IN,India,Donor pool,1,2001,1997-2008,0,85,82,83,81,60,21,0.7407407407407407,0,1,0.04120489999999999,0.28121720517497145,3.2670402000000003,0.10099646905583422,0.160607046762585,-0.3640165561309331,-0.12043996366658662,0.6046000747843304,-0.03943159538906842,0,0.1331652468762648,FALSE,-0.20939647965719582,1,0,0
IND,IN,India,Donor pool,1,2002,1997-2008,0,105,104,101,101,67,34,0.6633663366336634,0,1,0.39665399999999995,0.2850402100209974,2.8549496,0.13261178130601398,0.2356643724348476,-0.36346432604499374,-0.1195977843518863,0.6046000747843304,-0.05426452139289253,0,0.16368732702556163,FALSE,-0.23656199686851193,1,0,0
IND,IN,India,Donor pool,1,2003,1997-2008,0,91,91,89,89,67,22,0.7528089887640449,0,1,0.8258437,0.29501704301109494,3.0298495,0.06762966676161825,0.5309597160189338,-0.3612605456551467,-0.12079668943837278,0.6046000747843304,-0.007275022838740781,0,0.21950299735945797,FALSE,-0.1298737680237644,1,0,0
IND,IN,India,Donor pool,1,2004,1997-2008,0,90,90,88,88,69,19,0.7840909090909091,0,1,0.4217131,0.31404193206369674,3.2244539,0.006415027087305695,0.817712912382434,-0.35890623376668634,-0.12154595817048656,0.6046000747843304,-0.03227706215440686,1,0.06908430589697637,FALSE,-0.11481116639340207,1,0,0
IND,IN,India,Donor pool,1,2005,1997-2008,0,99,99,97,97,70,27,0.7216494845360825,0,1,0.4870114,0.27911194968455183,3.132389,0.026586649124271666,0.8811527923021301,-0.3563722663244309,-0.12226546131021282,0.6046000747843304,-0.13322908802095568,1,0.028608063234836122,FALSE,-0.11267193788239947,1,0,0
IND,IN,India,Donor pool,1,2006,1997-2008,0,111,110,108,107,89,18,0.8317757009345794,0,1,0.30295190000000005,0.29241805153028494,3.3617672,0.06133806160754729,0.6587889648425777,-0.3536928062416314,-0.1215515523728279,0.6046000747843304,-0.15727809245119967,1,0.04136277486914698,FALSE,-0.02886810500145679,1,0,0
IND,IN,India,Donor pool,1,2007,1997-2008,0,94,94,93,93,77,16,0.8279569892473119,0,1,0.13208380000000003,0.3018511859500266,3.2406782,0.027961672999467002,0.7843172851356339,-0.34722137050419083,-0.12389282216453333,0.6046000747843304,-0.2404184247500338,1,0.026240511808244094,FALSE,0.12574958974825853,1,0,0
IND,IN,India,Donor pool,1,2008,1997-2008,0,99,98,97,96,74,22,0.7708333333333334,0,1,0.020133900000000038,0.32519302243647313,3.4234929999999997,-0.012286530262906974,0.9126924210541221,-0.3480843754078625,-0.12261725531207589,0.6046000747843304,-0.2766442522659462,1,-0.022962660873407183,FALSE,-0.2634960775602847,1,0,0
IND,IN,India,Donor pool,1,2009,2009-2016,1,84,84,83,83,67,16,0.8072289156626506,0,1,0.1448683,0.3544314309294606,3.0385820000000003,-0.004653089063738299,0.6411730445979428,-0.34507432160945267,-0.11971906419424072,0.6046000747843304,-0.41439260984611614,1,-0.052691637860851584,FALSE,-0.3103550127368301,1,0,0
IND,IN,India,Donor pool,1,2010,2009-2016,1,88,88,87,87,64,23,0.735632183908046,0,1,0.2959423000000001,0.35700125601306937,3.0876034,0.02947568924890504,0.8806663134173776,-0.3376522087219101,-0.12130384772464585,0.6046000747843304,-0.36888979562173857,1,-0.05933413194320707,FALSE,-0.1342516481588413,1,0,0
IND,IN,India,Donor pool,1,2011,2009-2016,1,99,99,96,96,72,24,0.75,0,1,0.22344869999999994,0.3694611595322793,3.0185823,0.008385380243525501,0.7417714222811456,-0.3347740492291709,-0.12074512469346084,0.6046000747843304,-0.4535897112259058,1,-0.13640686403747818,FALSE,-0.11050897917677298,1,0,0
IND,IN,India,Donor pool,1,2012,2009-2016,1,92,92,90,90,63,27,0.7,0,1,0.18552979999999997,0.37921876443234126,3.2263959,0.0586386995657777,0.554568156340514,-0.33524832457484405,-0.11674286968763516,0.6046000747843304,-0.5523071185719315,1,-0.16487902155404036,FALSE,-0.15884393658950613,1,0,0
IND,IN,India,Donor pool,1,2013,2009-2016,1,61,61,61,61,51,10,0.8360655737704918,0,1,0.1037074,0.3879235501306108,3.2635161999999998,0.07792784719998812,0.4536673102004093,-0.3351448262601749,-0.11369058688240877,0.6046000747843304,-0.6499652243272129,1,0.005025304482058247,FALSE,-0.18494012868607354,1,0,0
IND,IN,India,Donor pool,1,2014,2009-2016,1,80,79,78,77,64,13,0.8311688311688312,0,1,0.0204164,0.4047506690311305,3.5144918,0.10050409484324162,0.39310850536900604,-0.33158789669245303,-0.11225235794919136,0.6046000747843304,-0.7723065664031951,0,0.025647534227458368,FALSE,-0.11405553834231062,1,0,0
IND,IN,India,Donor pool,1,2015,2009-2016,1,78,78,77,77,60,17,0.7792207792207793,0,1,0.0690286,0.3970341298253572,2.7178286,0.16174952236367202,0.37759409305339087,-0.33070294878134227,-0.11040557325519817,0.6046000747843304,-0.7781410356832116,0,0.038832783617245,FALSE,-0.07320108591040053,1,0,0
IND,IN,India,Donor pool,1,2016,2009-2016,1,114,113,113,112,61,51,0.5446428571428571,0,1,0.1454647,0.421815605477889,2.8362092,0.1778229333898458,0.29252819758704346,-0.3270734117517999,-0.10860555017330446,0.6046000747843304,-0.9119743051333941,0,0.061530006098619076,FALSE,-0.04225059233011936,1,0,0
IRL,IE,Ireland,Donor pool,1,1997,1997-2008,0,88,88,82,82,42,40,0.5121951219512195,0,1,2.39704,-0.08906270418246115,1.8189950000000001,-0.11474343770426032,-0.33686888697575507,0.2854451248385836,-0.1479585721058334,-0.3534780712622917,0.39262103954273314,0,0.06438820098216459,FALSE,0.28947527500029624,1,0,0
IRL,IE,Ireland,Donor pool,1,1998,1997-2008,0,84,84,78,78,42,36,0.5384615384615384,0,1,1.4561061,-0.08676503500232054,1.7827960000000003,-0.057115615643125124,-0.33034794088561,0.3366873930010573,-0.1479333595307337,-0.3534780712622917,0.4071607351949777,0,0.08570073066835995,FALSE,0.3619593403551506,1,0,0
IRL,IE,Ireland,Donor pool,1,1999,1997-2008,0,94,94,89,89,42,47,0.47191011235955055,0,1,1.5490843,-0.08502549810242307,1.7986921,-0.017927694784303904,-0.3117511945515321,0.3967312448401594,-0.14779376841559996,-0.3534780712622917,0.3789070663734963,0,0.09321168511742202,FALSE,0.4790784664202248,1,0,0
IRL,IE,Ireland,Donor pool,1,2000,1997-2008,0,77,77,76,76,44,32,0.5789473684210527,0,1,1.5939026,-0.08306325560233568,1.8062150000000001,0.1368251760567284,-0.2864054501671565,0.39662720083735886,-0.1477083489329035,-0.3534780712622917,0.3519779693892269,0,0.10160935261099519,FALSE,0.5985290376380462,1,0,0
IRL,IE,Ireland,Donor pool,1,2001,1997-2008,0,85,84,83,83,48,35,0.5783132530120482,0,1,1.4801465999999999,-0.0811042711969698,1.7456887,0.12203166291115532,-0.2526048683395529,0.453867287038261,-0.14768834110548895,-0.3534780712622917,0.26679088854915994,0,0.1052653371955934,FALSE,0.2898813112285865,1,0,0
IRL,IE,Ireland,Donor pool,1,2002,1997-2008,0,105,105,101,101,54,47,0.5346534653465347,0,1,1.3701938,-0.07987566647276999,1.8814098000000001,0.15254292726961693,-0.25741161521628786,0.5838440642304954,-0.14772322177393252,-0.3534780712622917,0.25415066626687727,0,0.10977518713783402,FALSE,0.1501064801729081,1,0,0
IRL,IE,Ireland,Donor pool,1,2003,1997-2008,0,91,91,89,89,55,34,0.6179775280898876,0,1,1.7079165,-0.08109452125289988,2.1477767,0.1818379397466705,-0.24198129764496512,0.8335724933767165,-0.14782584619988048,-0.3534780712622917,0.31060240082405427,0,0.12293686237704375,FALSE,0.1720997495004355,1,0,0
IRL,IE,Ireland,Donor pool,1,2004,1997-2008,0,90,90,88,88,51,37,0.5795454545454546,0,1,1.6950013,-0.08105619183645306,1.9511656999999998,0.07946139573362421,-0.2543949498883336,1.0260731898802842,-0.1478732374901042,-0.3534780712622917,0.30164719238201976,0,0.09106239830243537,FALSE,0.2731981273121932,1,0,0
IRL,IE,Ireland,Donor pool,1,2005,1997-2008,0,99,99,97,97,56,41,0.5773195876288659,0,1,1.5550687,-0.057077325292621585,2.0643317,0.007461172999059479,-0.12162059378034461,1.1194872485877891,-0.14787330932592352,-0.3534780712622917,0.15090729795253302,0,-0.09496634447489424,FALSE,0.28634444860471636,1,0,0
IRL,IE,Ireland,Donor pool,1,2006,1997-2008,0,111,111,108,108,64,44,0.5925925925925926,0,1,1.7045573,-0.07046395008099081,1.9601618000000003,0.039194596243742344,-0.24642072837833756,1.2192875882027787,-0.14787766686623338,-0.3534780712622917,0.14941812943052038,0,-0.19383940127658733,FALSE,0.3925850875644431,1,0,0
IRL,IE,Ireland,Donor pool,1,2007,1997-2008,0,94,94,93,93,57,36,0.6129032258064516,0,1,1.4459799000000002,-0.06186898132636626,1.9267821,0.03802213410503194,-0.18802137119706075,1.426968796027819,-0.1479171527657711,-0.3534780712622917,0.06698618785280473,0,-0.25608485669961417,FALSE,0.20658937107075118,1,0,0
IRL,IE,Ireland,Donor pool,1,2008,1997-2008,0,99,99,97,97,54,43,0.5567010309278351,0,1,1.4536584000000001,-0.07221353604056281,1.9497006999999997,-0.007605399221907577,-0.053016943756938176,1.4256960446003024,-0.1479465776115626,-0.3534780712622917,0.059231017090858006,0,-0.24214250050891478,FALSE,-0.41047412890585233,1,0,0
IRL,IE,Ireland,Donor pool,1,2009,2009-2016,1,84,84,83,83,50,33,0.6024096385542169,0,1,1.4521582,-0.050662664814193646,1.7312921000000001,-0.016717373951750967,0.0031691077631865704,1.1547529577749758,-0.1479246729694513,-0.3534780712622917,-0.07202008070575146,0,-0.15550205496620123,FALSE,-1.029449592761917,1,0,0
IRL,IE,Ireland,Donor pool,1,2010,2009-2016,1,88,88,87,87,53,34,0.6091954022988506,0,1,1.6012136,-0.06582272599470616,1.7823321,0.07958206152016319,0.04237504957613523,1.0516324331396172,-0.14790258126936834,-0.3534780712622917,-0.01153253561168605,0,0.031365980929460247,FALSE,-2.614099613962905,1,0,0
IRL,IE,Ireland,Donor pool,1,2011,2009-2016,1,99,97,96,95,56,39,0.5894736842105263,0,1,1.5926046999999999,-0.07529726238493714,1.6494262999999998,0.10926135696580774,0.052969811722153363,1.1688808644526618,-0.1479238116910051,-0.3534780712622917,-0.07769416654081615,0,0.007846361695951787,FALSE,-0.9969274539679818,1,0,0
IRL,IE,Ireland,Donor pool,1,2012,2009-2016,1,92,92,90,90,50,40,0.5555555555555556,0,1,1.5692781999999998,-0.06079736482624376,1.8426475000000002,0.11690977725669859,0.009751584236539573,1.0725518529697686,-0.14788836905963662,-0.3534780712622917,-0.1804196074487207,0,-0.0874202047114262,FALSE,-0.56043875639082,1,0,0
IRL,IE,Ireland,Donor pool,1,2013,2009-2016,1,61,60,61,60,32,28,0.5333333333333333,0,1,1.3144983,-0.05803317211118925,1.8453105,0.025586438489200267,0.04554755071368204,1.1666403520567916,-0.1479033879389956,-0.3534780712622917,-0.27305691466453413,0,0.18071462776942138,FALSE,-0.3803631761536485,1,0,0
IRL,IE,Ireland,Donor pool,1,2014,2009-2016,1,80,68,78,66,35,31,0.5303030303030303,0,1,1.6856455000000001,-0.042308008625942875,1.8084299,0.053416405457565055,-6.906504581522347e-4,1.3040784081696188,-0.14790351624137238,-0.3534780712622917,-0.39446691938830303,0,0.15442183470336074,FALSE,-0.1565558005909159,1,0,0
IRL,IE,Ireland,Donor pool,1,2015,2009-2016,1,78,78,77,77,36,41,0.4675324675324675,0,1,0.9214549,-0.005933599367923616,1.8654023,0.12793598640656442,0.015476251880578586,1.5108293876556838,-0.14781564444716924,-0.3534780712622917,-0.43756564331028003,0,0.333513392813971,FALSE,-0.02092712271921149,1,0,0
IRL,IE,Ireland,Donor pool,1,2016,2009-2016,1,114,114,113,113,57,56,0.504424778761062,0,1,1.222034,-0.04672065849874936,1.7596398999999998,0.14844789347090906,0.048798847254526545,1.5072859353304215,-0.14781438759232315,-0.3534780712622917,-0.5159824914359415,0,-0.13247121892092595,FALSE,0.09504105276401024,1,0,0
ISL,IS,Iceland,Donor pool,1,1997,1997-2008,0,88,87,82,81,39,42,0.48148148148148145,0,1,2.687452,-0.11490368773861023,1.5285830000000002,-0.10393687663706586,-0.2875252049143358,0.45913792989480595,-0.1064118472421904,-0.48827916716646075,0.4144610095362522,0,-0.02926086660896212,FALSE,0.5156545237888623,1,0,0
ISL,IS,Iceland,Donor pool,1,1998,1997-2008,0,84,83,78,77,41,36,0.5324675324675324,0,1,1.6114151,-0.11453416535333136,1.6274870000000001,-0.10626084456650207,-0.3050200861016035,0.5489838637941867,-0.10637988339936748,-0.48827916716646075,0.43063031297998716,0,-0.29173005564794846,FALSE,0.25556664433892395,1,0,0
ISL,IS,Iceland,Donor pool,1,1999,1997-2008,0,94,92,89,88,40,48,0.45454545454545453,0,1,1.9088094,-0.11453930358221613,1.438967,-0.0642517582527077,-0.30180880770013546,0.5876345284780944,-0.10556547005776838,-0.48827916716646075,0.4038511875859361,0,-0.2834558125106177,FALSE,0.3738918694211809,1,0,0
ISL,IS,Iceland,Donor pool,1,2000,1997-2008,0,77,77,76,76,41,35,0.5394736842105263,0,1,1.9212206,-0.11454379845437554,1.4788970000000001,-0.15251540802375574,-0.2634559709356426,0.5779122547990359,-0.10185073043670027,-0.48827916716646075,0.378584313910686,0,-0.45475446314917733,FALSE,0.36666832795777327,1,0,0
ISL,IS,Iceland,Donor pool,1,2001,1997-2008,0,85,84,83,83,44,39,0.5301204819277109,0,1,1.7450523000000002,-0.11464173026633577,1.480783,-0.18783019611038052,-0.23763821324402354,0.48107287345900723,-0.09072620908031288,-0.48827916716646075,0.2951356726454121,0,-0.14036420046763562,FALSE,0.12839336370931584,1,0,0
ISL,IS,Iceland,Donor pool,1,2002,1997-2008,0,105,105,101,101,49,52,0.48514851485148514,0,1,1.6787816,-0.11455761858024917,1.572822,-0.17005446148981287,-0.27267362862516276,0.5851354334075416,-0.09413474128758416,-0.48827916716646075,0.28346273914901754,0,0.1661995344953818,FALSE,0.06244301968574602,1,0,0
ISL,IS,Iceland,Donor pool,1,2003,1997-2008,0,91,91,89,89,47,42,0.5280898876404494,0,1,2.1094382,-0.11460717492112717,1.7462550000000001,-0.2063106229875801,-0.2375330304251825,0.7965656349722405,-0.10297861872632735,-0.48827916716646075,0.3389262201913378,0,-0.16397789062093793,FALSE,0.016617752373280854,1,0,0
ISL,IS,Iceland,Donor pool,1,2004,1997-2008,0,90,89,88,87,47,40,0.5402298850574713,0,1,1.864994,-0.11457842863506008,1.781173,-0.24356385124319188,-0.2519795609133473,1.0277013430098765,-0.10683333416183893,-0.48827916716646075,0.3299791111035502,0,-0.4488667545618791,FALSE,0.24991194445651566,1,0,0
ISL,IS,Iceland,Donor pool,1,2005,1997-2008,0,99,99,97,97,55,42,0.5670103092783505,0,1,1.7616884,-0.11345063839844448,1.857712,-0.25783043133722516,-0.1785424789084679,1.3208062227002921,-0.1110977428541248,-0.48827916716646075,0.198552213015121,0,-0.7592427830275166,FALSE,0.5672852727229877,1,0,0
ISL,IS,Iceland,Donor pool,1,2006,1997-2008,0,111,111,108,108,62,46,0.5740740740740741,0,1,1.8671381,-0.11341570138957284,1.7975810000000003,-0.27826654257017985,-0.2334498132810807,1.3322189636067097,-0.10684023449952874,-0.48827916716646075,0.1857195711968618,0,-1.1268715506976115,FALSE,0.6462401945299614,1,0,0
ISL,IS,Iceland,Donor pool,1,2007,1997-2008,0,94,94,93,93,57,36,0.6129032258064516,0,1,1.5900873,-0.113060891278495,1.7826747,-0.319515425365363,-0.25406450167635036,1.6939910997007326,-0.11046291178666479,-0.48827916716646075,0.11025194725534868,0,-0.6215328606876225,FALSE,0.5316264524332326,1,0,0
ISL,IS,Iceland,Donor pool,1,2008,1997-2008,0,99,98,97,96,54,42,0.5625,0,1,1.4685907,-0.11447011407500045,1.9347683999999998,-0.31795885950194414,-0.04614933423931983,1.3121538499946452,-0.09633126663862113,-0.48827916716646075,0.09494492071591329,0,-1.0086751959784623,FALSE,-0.8384291676166767,1,0,0
ISL,IS,Iceland,Donor pool,1,2009,2009-2016,1,84,84,83,83,48,35,0.5783132530120482,0,1,1.5688134,-0.11492482345939864,1.6146369000000003,-0.21813417895893752,-0.10355341305310063,0.8418081728576114,-0.07522187300531004,-0.48827916716646075,-0.017707766567998447,1,-0.3780205514368028,FALSE,-0.44113870358763646,1,0,0
ISL,IS,Iceland,Donor pool,1,2010,2009-2016,1,88,88,87,87,52,35,0.5977011494252874,0,1,1.7141366,-0.1151373052671081,1.6694091000000002,-0.18729747617632597,-0.2413371826838177,0.9091818860323493,-0.0760478849517548,-0.48827916716646075,0.030146564149050193,1,-0.22791139966207935,FALSE,-0.3528050884119488,1,0,0
ISL,IS,Iceland,Donor pool,1,2011,2009-2016,1,99,97,96,95,56,39,0.5894736842105263,0,1,1.6040179,-0.11489945800387329,1.6380130999999998,-0.1772085229525795,-0.19721089142213705,1.0407884774830873,-0.07976683463221644,-0.48827916716646075,-0.04422366174692127,1,-0.16377771667933258,FALSE,-0.4064379305287019,1,0,0
ISL,IS,Iceland,Donor pool,1,2012,2009-2016,1,92,92,90,90,49,41,0.5444444444444444,0,1,1.6685586,-0.11494582500127479,1.7433671000000002,-0.17968047335277834,-0.1320183946873328,0.9920080210261673,-0.07436756845622293,-0.48827916716646075,-0.13465506668159702,1,-0.10099273819091457,FALSE,-0.020597688137448576,1,0,0
ISL,IS,Iceland,Donor pool,1,2013,2009-2016,1,61,61,61,61,31,30,0.5081967213114754,0,1,1.385781,-0.11525395593601942,1.7740278,-0.18025708605443488,-0.17416412417042168,1.0971628227292718,-0.07608496335525868,-0.48827916716646075,-0.22469574454790414,0,0.4320368867461141,FALSE,0.07109551540140077,1,0,0
ISL,IS,Iceland,Donor pool,1,2014,2009-2016,1,80,80,78,78,40,38,0.5128205128205128,0,1,1.697519,-0.11509779820862288,1.7965564,-0.17664634075914049,-0.2271217111652831,1.2431259271686035,-0.07928579469633808,-0.48827916716646075,-0.33294732525729587,0,0.3272541463283575,FALSE,0.2718836624715191,1,0,0
ISL,IS,Iceland,Donor pool,1,2015,2009-2016,1,78,78,77,77,39,38,0.5064935064935064,0,1,1.1456724,-0.1150293318977331,1.6411848,-0.06349386318903759,-0.17173081186459613,1.19508890213147,-0.07032441135313484,-0.48827916716646075,-0.3453614313577867,0,0.3857273249824842,FALSE,0.18237716203179638,1,0,0
ISL,IS,Iceland,Donor pool,1,2016,2009-2016,1,114,113,113,112,59,53,0.5267857142857143,0,1,1.32277,-0.11522454859792483,1.6589038999999999,-0.026866294228057776,-0.12374241846932814,1.4698045647673978,-0.07689382483610384,-0.48827916716646075,-0.45808520200210606,0,0.5104668734779485,FALSE,1.2363921667934947,1,0,0
ISR,IL,Israel,Donor pool,1,1997,1997-2008,0,88,87,82,81,12,69,0.14814814814814814,0,1,3.754083,0.040313096288781686,0.46195200000000014,0.4560458102045078,-0.28435151110245005,0.224273098949255,-0.1463085790074184,0.23486639453373304,0.2832767650092216,0,-0.06824103409530885,FALSE,0.2217585933536338,0,0,1
ISR,IL,Israel,Donor pool,1,1998,1997-2008,0,84,84,78,78,8,70,0.10256410256410256,0,1,2.7472261000000002,0.0364125625820607,0.491676,0.5466453042703222,-0.23600053351742498,0.21602563640139405,-0.14610114007002564,0.23486639453373304,0.30305498282408694,0,0.045115981465636994,FALSE,0.200523257458377,0,0,1
ISR,IL,Israel,Donor pool,1,1999,1997-2008,0,94,91,89,87,10,77,0.11494252873563218,0,1,2.8707203999999997,0.03159629973624205,0.47705600000000015,0.5584471115437183,-0.23743497329032237,0.20528196050026165,-0.14590025645343815,0.23486639453373304,0.28034206555406505,1,0.028055134628129474,FALSE,0.19213679705125047,0,0,1
ISR,IL,Israel,Donor pool,1,2000,1997-2008,0,77,77,76,76,13,63,0.17105263157894737,0,1,3.0276806,0.030167980008256087,0.37243700000000013,0.6099891923361282,-0.19791405126354808,0.2606255318599479,-0.14593715354482792,0.23486639453373304,0.2562785629525082,1,0.017189959512118214,FALSE,0.05387347638672037,0,0,1
ISR,IL,Israel,Donor pool,1,2001,1997-2008,0,85,82,83,81,11,70,0.13580246913580246,0,1,2.9832503,0.030029035126141256,0.24258500000000005,0.5993278206210229,-0.10676904142005067,0.23887330227082657,-0.1458612596878656,0.23486639453373304,0.17286458461790707,0,0.0197521072981906,FALSE,-0.2008499333744571,0,0,1
ISR,IL,Israel,Donor pool,1,2002,1997-2008,0,105,104,101,100,16,84,0.16,0,1,2.7827076,0.02652346551810035,0.468896,0.6424679133058436,-0.10358153953091721,0.18333750508842142,-0.14554650078414616,0.23486639453373304,0.16422553454857766,0,0.048967398644029825,FALSE,-0.6235774311957863,1,0,1
ISR,IL,Israel,Donor pool,1,2003,1997-2008,0,91,89,89,87,17,70,0.19540229885057472,0,1,3.3311512,0.02287190843655075,0.5245420000000003,0.6276581718167161,-0.03478800496282762,0.1999999062543153,-0.1456551466010718,0.23486639453373304,0.22273331101881574,0,0.12836837794310918,FALSE,-0.2668052934737617,1,0,1
ISR,IL,Israel,Donor pool,1,2004,1997-2008,0,90,84,88,82,12,70,0.14634146341463414,0,1,3.2890430000000004,0.021738378681125197,0.3571239999999998,0.6180190068039684,-0.030461651526066974,0.2271705836148686,-0.14569782026087047,0.23486639453373304,0.2147685203406678,0,0.1748539623953396,FALSE,-0.2242658320002686,1,0,1
ISR,IL,Israel,Donor pool,1,2005,1997-2008,0,99,93,97,91,17,74,0.18681318681318682,0,1,3.1732064,0.02095899607066164,0.44619399999999976,0.6266783936759425,-0.02868496984740989,0.24829263111659292,-0.14569443909540247,0.23486639453373304,0.08495350353617477,0,0.25829748616965253,FALSE,-0.21149151093887283,1,0,1
ISR,IL,Israel,Donor pool,1,2006,1997-2008,0,111,111,108,108,26,82,0.24074074074074073,0,1,3.2863831,0.02320596287583885,0.378336,0.5694738333332914,0.02900818407816573,0.284744202343554,-0.14571330166135874,0.23486639453373304,0.0702513251241899,0,0.3096089333099809,FALSE,-0.012521367330076801,1,0,1
ISR,IL,Israel,Donor pool,1,2007,1997-2008,0,94,82,93,81,13,68,0.16049382716049382,0,1,2.9211460000000002,0.02168913369436495,0.451616,0.4621568788129063,0.02090511702245862,0.37860429190311284,-0.1459189664534866,0.23486639453373304,-0.0036344493533043013,0,0.26202034491611786,FALSE,-0.009071876845768276,1,0,1
ISR,IL,Israel,Donor pool,1,2008,1997-2008,0,99,99,97,97,30,67,0.30927835051546393,0,1,2.9778271,0.0213051832638585,0.425532,0.4943321606457825,0.022548905332100754,0.5122524206585549,-0.14622656088738786,0.23486639453373304,-0.01980800319267552,0,0.15202836847612086,FALSE,-0.2946005592442349,1,0,1
ISR,IL,Israel,Donor pool,1,2009,2009-2016,1,84,82,83,81,17,64,0.20987654320987653,0,1,2.9407453,0.01645059592485678,0.24270499999999995,0.5446484121461673,0.039385288941875284,0.460511082339409,-0.14602291361625674,0.23486639453373304,-0.12874205483352463,0,0.26721123617402803,FALSE,-0.5163514005512078,1,0,1
ISR,IL,Israel,Donor pool,1,2010,2009-2016,1,88,84,87,83,15,68,0.18072289156626506,0,1,3.2707127,0.016619964159577314,0.11283300000000018,0.5984415856291712,0.22705142385290156,0.546630717029921,-0.14613727812426955,0.23486639453373304,-0.08121045151772135,0,0.28095042651779717,FALSE,-0.2448443098091984,1,0,1
ISR,IL,Israel,Donor pool,1,2011,2009-2016,1,99,96,96,93,23,70,0.24731182795698925,0,1,3.111346,0.01630009514902233,0.13068499999999972,0.5816997708740703,0.2186659406815021,0.6372417128741066,-0.1462324115188149,0.23486639453373304,-0.1551093135177328,0,0.18056257578781473,FALSE,-0.23982685032937612,1,0,1
ISR,IL,Israel,Donor pool,1,2012,2009-2016,1,92,89,90,87,17,70,0.19540229885057472,0,1,3.2143697,0.016920261784726907,0.19755600000000006,0.5667146508248092,0.2160571053157946,0.6019459560021115,-0.14606810904538503,0.23486639453373304,-0.24610405128821425,0,0.11865071297245572,FALSE,-0.2772861087797333,1,0,1
ISR,IL,Israel,Donor pool,1,2013,2009-2016,1,61,61,61,61,11,50,0.18032786885245902,0,1,3.0277238,0.019475613898885556,0.132085,0.570936910773601,0.23391153325062325,0.71105431384910045,-0.14621311283548027,0.23486639453373304,-0.33856485313041945,0,0.2573536561049527,FALSE,-0.23046195310514322,1,0,1
ISR,IL,Israel,Donor pool,1,2014,2009-2016,1,80,78,78,76,14,62,0.18421052631578946,0,1,3.2821314,0.020771880232140418,0.2119439999999999,0.547576293355924,0.32219983820881204,0.7495207765578223,-0.14623253235726438,0.23486639453373304,-0.4477800170442655,0,0.32516262396027085,FALSE,-0.055462135515264174,1,0,1
ISR,IL,Israel,Donor pool,1,2015,2009-2016,1,78,78,77,77,12,65,0.15584415584415584,0,1,2.6231822,0.021790093295019075,0.16367500000000001,0.6871050035338728,0.29559467246128746,0.6869218498018828,-0.14604982620167684,0.23486639453373304,-0.46099681861955477,0,0.3793787340137214,FALSE,0.02374619750845027,1,0,1
ISR,IL,Israel,Donor pool,1,2016,2009-2016,1,114,109,113,108,27,81,0.25,0,1,2.8222749,0.023554680765715232,0.15939900000000007,0.7050609577151364,0.3945330504495704,0.7297799988150939,-0.14607719096942945,0.23486639453373304,-0.5753769528536102,0,0.3005519587343215,FALSE,-0.07887780695905577,1,0,1
ITA,IT,Italy,Donor pool,1,1997,1997-2008,0,88,88,82,82,40,42,0.4878048780487805,0,1,2.694127,0.43786499242557014,1.5219080000000003,-0.18215322536316877,-0.18316753073957182,0.2658406736078951,0.8589607443738667,-0.09577975386721171,-0.052721339073320474,1,0.23703908321033906,FALSE,-0.055611414755248015,1,0,0
ITA,IT,Italy,Donor pool,1,1998,1997-2008,0,84,84,78,78,42,36,0.5384615384615384,0,1,1.6623101,0.43448402632081967,1.5765920000000002,-0.17119101932134434,-0.19894226815195828,0.27998130690336154,0.8785441836797908,-0.09577975386721171,-0.03338224312128973,1,0.18594694788878025,FALSE,-0.003695903485636119,1,0,0
ITA,IT,Italy,Donor pool,1,1999,1997-2008,0,94,94,89,89,41,48,0.4606741573033708,0,1,1.7872514000000002,0.4247774442306583,1.560525,-0.15006009610658352,-0.1640416454388212,0.27071916281491604,-0.14779376841559996,-0.09577975386721171,-0.05196201950976956,1,0.13980457495535628,FALSE,-0.008225644474559349,1,0,0
ITA,IT,Italy,Donor pool,1,2000,1997-2008,0,77,76,76,75,41,34,0.5466666666666666,0,1,1.8488276000000001,0.4200145345824035,1.55129,-0.08074514802501745,-0.1528389080285958,0.21606058904065173,-0.1477083489329035,-0.09577975386721171,-0.07320723372686432,1,0.08166510013813623,FALSE,-0.02839940784149644,1,0,0
ITA,IT,Italy,Donor pool,1,2001,1997-2008,0,85,82,83,81,43,38,0.5308641975308642,0,1,1.7217483000000002,0.4221541108245936,1.504087,-0.11917810474031772,-0.12357303305373028,0.22724020537394768,-0.14768834110548895,-0.09577975386721171,-0.15854694499172692,0,0.10476167911167857,FALSE,-0.08248896842988802,1,0,0
ITA,IT,Italy,Donor pool,1,2002,1997-2008,0,105,105,101,101,50,51,0.49504950495049505,0,1,1.7502866,0.4074487470033736,1.501317,-0.12409959603161794,-0.09487407785826434,0.28251478710684463,-0.14772322177393252,-0.09577975386721171,-0.1577202884242354,0,0.06945219418664111,FALSE,-0.0786092158528037,1,0,0
ITA,IT,Italy,Donor pool,1,2003,1997-2008,0,91,91,89,89,50,39,0.5617977528089888,0,1,2.0547082000000003,0.38987246777636214,1.800985,-0.16222935231933636,-0.09730610426290992,0.43315458048718686,-0.14782584619988048,-0.09577975386721171,-0.08744378367923207,0,0.05383972291363263,FALSE,-0.07030839790395096,1,0,0
ITA,IT,Italy,Donor pool,1,2004,1997-2008,0,90,89,88,88,49,39,0.5568181818181818,0,1,1.8028218,0.37026052728722186,1.8433452,-0.1671150057708411,-0.12903096189807867,0.5439595367017844,-0.1478732374901042,-0.09577975386721171,-0.07979121462819816,0,0.07028334580829021,FALSE,-0.09291439262882631,1,0,0
ITA,IT,Italy,Donor pool,1,2005,1997-2008,0,99,94,97,92,52,40,0.5652173913043478,0,1,1.7293464,0.33776238825479304,1.890054,-0.15095825962545306,-0.1134937200928348,0.5649571091313742,-0.14787330932592352,-0.09577975386721171,-0.18279855644685947,0,0.04863658031926295,FALSE,-0.14777073384019523,1,0,0
ITA,IT,Italy,Donor pool,1,2006,1997-2008,0,111,111,108,108,64,44,0.5925925925925926,0,1,1.722343,0.3236203055835678,1.9423761000000002,-0.17064809778162682,-0.08384434150913415,0.6082845619110815,-0.14787766686623338,-0.09577975386721171,-0.18364923621100093,1,0.016686758435293686,FALSE,-0.07736681934471457,1,0,0
ITA,IT,Italy,Donor pool,1,2007,1997-2008,0,94,94,93,93,56,37,0.6021505376344086,0,1,1.5442437,0.3062060047780593,1.8285183,-0.19106870826440286,-0.08626124844600985,0.7343242102524699,-0.1479171527657711,-0.09577975386721171,-0.24409897786538967,1,0.022415231888976934,FALSE,0.009201364354346245,1,0,0
ITA,IT,Italy,Donor pool,1,2008,1997-2008,0,99,99,97,97,53,44,0.5463917525773195,0,1,1.5471355,0.27026911287664956,1.8562235999999999,-0.22246550351732144,-0.053035681766844804,0.8225540614980039,-0.1479465776115626,-0.09577975386721171,-0.23022432656509645,0,-0.054796559322181845,FALSE,-0.05430009948348621,1,0,0
ITA,IT,Italy,Donor pool,1,2009,2009-2016,1,84,84,83,83,48,35,0.5783132530120482,0,1,1.6762633,0.264060218713475,1.5071870000000003,-0.22447256189226522,0.01562698704233844,0.7129731661379466,-0.1479246729694513,-0.09577975386721171,-0.3380137615415802,0,-0.0056443457521304615,FALSE,-0.22816411023843006,1,0,0
ITA,IT,Italy,Donor pool,1,2010,2009-2016,1,88,84,87,83,49,34,0.5903614457831325,0,1,1.7434056,0.24434877401292548,1.6401401,-0.22493970076722555,0.09390744965123901,0.6764531912636984,-0.14790258126936834,-0.09577975386721171,-0.2736795331627782,0,-0.08204395718095493,FALSE,-0.18156556696250956,1,0,0
ITA,IT,Italy,Donor pool,1,2011,2009-2016,1,99,98,96,96,55,41,0.5729166666666666,0,1,1.7317288,0.24704992708544984,1.5103022,-0.21801914536642691,0.12236381783682446,0.7521382121193462,-0.1479238116910051,-0.09577975386721171,-0.3501316660745117,0,-0.05633724870690357,FALSE,-0.13423675741008254,1,0,0
ITA,IT,Italy,Donor pool,1,2012,2009-2016,1,92,92,90,90,50,40,0.5555555555555556,0,1,1.7346093,0.21368771491406408,1.6773164,-0.2023792245190974,0.10389984184103594,0.6469942761449818,-0.14788836905963662,-0.09577975386721171,-0.41240558786511367,0,0.08392367592692059,FALSE,-0.1334697289521744,1,0,0
ITA,IT,Italy,Donor pool,1,2013,2009-2016,1,61,61,61,61,32,29,0.5245901639344263,0,1,1.4704787,0.20683734492815653,1.6893301,-0.19700288777099748,0.1394866409848982,0.6718927759674589,-0.1479033879389956,-0.09577975386721171,-0.4969169752437986,1,0.15833372512332508,FALSE,-0.10005965955992362,1,0,0
ITA,IT,Italy,Donor pool,1,2014,2009-2016,1,80,80,78,78,40,38,0.5128205128205128,0,1,1.773658,0.19764143983158153,1.7204174,-0.18623863096186513,0.17717770492520307,0.6814925727305995,-0.14790351624137238,-0.09577975386721171,-0.5972644925877519,1,0.19962004549638604,FALSE,-0.10248061442851057,1,0,0
ITA,IT,Italy,Donor pool,1,2015,2009-2016,1,78,78,77,77,36,41,0.4675324675324675,0,1,1.2050726,0.1861061908957668,1.5817845999999998,-0.15680141953640445,0.1687881808982366,0.5231449369508838,-0.14781564444716924,-0.09577975386721171,-0.5998715109568212,1,0.17465044835253107,FALSE,-0.08951548112331142,1,0,0
ITA,IT,Italy,Donor pool,1,2016,2009-2016,1,114,113,113,112,56,56,0.5,0,1,1.4064222,0.19837747264777114,1.5752517,-0.15237416751314653,0.1631657212885236,0.5452342925005718,-0.14781438759232315,-0.09577975386721171,-0.7231315660087608,1,0.2395206365467231,FALSE,-0.06907236249241896,1,0,0
JAM,JM,Jamaica,Donor pool,1,1997,1997-2008,0,88,88,82,82,65,17,0.7926829268292683,0,1,0.9308148,-0.114621800144576,3.2852202000000004,0.5883738703897665,-0.30918260928575875,-0.28036644781625814,-0.12740848507172606,-0.8085783428317787,0.4142227671883222,1,-0.11751616725848042,TRUE,-0.3514015991988411,1,0,0
JAM,JM,Jamaica,Donor pool,1,1998,1997-2008,0,84,84,78,78,60,18,0.7692307692307693,0,1,0.1875316,-0.11479003393666952,3.0513705,0.6052348965402005,-0.20907089903266843,-0.2767643456194707,-0.12673095077159158,-0.8085783428317787,0.4308465648950994,1,-0.10907628605221657,TRUE,-0.30601955368074135,1,0,0
JAM,JM,Jamaica,Donor pool,1,1999,1997-2008,0,94,90,89,87,68,19,0.7816091954022989,0,1,0.30969349999999995,-0.11486207268665802,3.0380829,0.6477669431897987,-0.2784231244493091,-0.2764095164044607,-0.12525614159715426,-0.8085783428317787,0.40412398167446323,1,-0.03525200226826624,TRUE,-0.10083563072825139,1,0,0
JAM,JM,Jamaica,Donor pool,1,2000,1997-2008,0,77,69,76,68,53,15,0.7794117647058824,0,1,0.39385190000000003,-0.1149866939684984,3.0062657,0.5621594811798374,-0.07536173233252305,-0.27577699194880007,-0.12292450763415134,-0.8085783428317787,0.3789586349854888,1,-0.12428742933509758,TRUE,0.09329568042709478,1,0,0
JAM,JM,Jamaica,Donor pool,1,2001,1997-2008,0,85,78,83,77,63,14,0.8181818181818182,0,1,0.11131240000000003,-0.11499563479956951,3.1145229,0.32799787255822027,-0.017153336569309157,-0.2742942205949197,-0.12114389520855341,-0.8085783428317787,0.29543478139913254,1,-0.34998634695831027,TRUE,-0.25018647435418756,1,0,0
JAM,JM,Jamaica,Donor pool,1,2002,1997-2008,0,105,103,101,100,73,27,0.73,0,1,0.06739199999999995,-0.11498335869750975,3.1842116,0.2706810032801607,0.15359409686289519,-0.26909002853280145,-0.11971275038525452,-0.8085783428317787,0.28382256103295694,1,-0.5013481269572323,TRUE,-0.403142304230597,1,0,0
JAM,JM,Jamaica,Donor pool,1,2003,1997-2008,0,91,91,89,89,77,12,0.8651685393258427,0,1,0.40809720000000005,-0.11496278815930962,3.447596,0.2606848696354274,0.6935854738747685,-0.27293782316182824,-0.11419744921588673,-0.8085783428317787,0.33922677308764376,1,-0.3471878837880769,TRUE,-0.27800937371944473,1,0,0
JAM,JM,Jamaica,Donor pool,1,2004,1997-2008,0,90,84,88,83,73,10,0.8795180722891566,0,1,0.28282930000000006,-0.1150505411662567,3.3633376999999998,0.09086297560542399,1.9959652184115604,-0.2653603824984284,-0.11215317907665293,-0.8085783428317787,0.3303781254635302,1,-0.1702416249645388,TRUE,-0.21684276276465791,1,0,0
JAM,JM,Jamaica,Donor pool,1,2005,1997-2008,0,99,98,97,96,81,15,0.84375,0,1,0.094337,-0.11517650386084215,3.5250634,0.08026244808356482,1.4231427747212773,-0.2542853291734054,-0.11151232601898689,-0.8085783428317787,0.20001085911617636,1,-0.4189785488888915,TRUE,-0.0930126178730658,1,0,0
JAM,JM,Jamaica,Donor pool,1,2006,1997-2008,0,111,109,108,106,89,17,0.839622641509434,0,1,0.3995826,-0.11515670787325073,3.2651365,0.16310665025378893,2.127763091296764,-0.247451182985847,-0.10946402430091513,-0.8085783428317787,0.18719101400318672,1,-0.4398999627187056,TRUE,-0.2374906756600329,1,0,0
JAM,JM,Jamaica,Donor pool,1,2007,1997-2008,0,94,92,93,91,80,11,0.8791208791208791,0,1,0.08679230000000004,-0.11531228816727007,3.2859697,0.3659735174357925,-0.1384317690240872,-0.2386504009384796,-0.10742449879854754,-0.8085783428317787,0.11215475565223121,0,-0.7649085747750296,TRUE,-0.2453218877208457,1,0,0
JAM,JM,Jamaica,Donor pool,1,2008,1997-2008,0,99,97,97,95,77,18,0.8105263157894737,0,1,0.11202250000000002,-0.1150151803688421,3.2913365999999997,0.3034895786142359,-0.35513905932557893,-0.22944320574792823,-0.10531651963152716,-0.8085783428317787,0.09540559325479325,0,-1.0056831874844554,TRUE,-0.48688998184680304,1,0,0
JAM,JM,Jamaica,Donor pool,1,2009,2009-2016,1,84,83,83,82,73,9,0.8902439024390244,0,1,0.18408010000000002,-0.11531912197701794,2.9993702,0.669490179005974,-0.16192645005578235,-0.24711675804253977,-0.09636308519346166,-0.8085783428317787,-0.01737451811502948,0,-0.40677678520550276,TRUE,-0.8187423172771137,1,0,0
JAM,JM,Jamaica,Donor pool,1,2010,2009-2016,1,88,87,87,86,76,10,0.8837209302325582,0,1,0.2875620000000001,-0.11564672948162556,3.0959837,0.3069275620838437,-0.3501547021846071,-0.23590302942241215,-0.09677590685469518,-0.8085783428317787,0.030577113146338184,0,-0.2857402353952958,TRUE,-0.37924477972260184,1,0,0
JAM,JM,Jamaica,Donor pool,1,2011,2009-2016,1,99,96,96,94,78,16,0.8297872340425532,0,1,0.34538189999999996,-0.11568756686858671,2.8966491,0.4930251340705197,-0.25417098754440165,-0.22348260049298263,-0.0975463885819557,-0.8085783428317787,-0.04355757742704326,0,-0.6761973438632052,TRUE,-0.3980883717101256,1,0,0
JAM,JM,Jamaica,Donor pool,1,2012,2009-2016,1,92,91,90,89,72,17,0.8089887640449438,0,1,0.3136137,-0.11562668561383552,3.098312,0.34001773717675104,-0.0993351667773531,-0.2203030834864635,-0.09585698530176111,-0.8085783428317787,-0.13407962514254773,1,-0.42970427155563407,TRUE,-0.19266774574581289,1,0,0
JAM,JM,Jamaica,Donor pool,1,2013,2009-2016,1,61,61,61,61,52,9,0.8524590163934426,0,1,0.03393659999999998,-0.11560540311322635,3.1258722,0.2458163791438908,-0.2578987765888149,-0.226668775045379,-0.08896764035308978,-0.8085783428317787,-0.2243987126726343,1,-0.4181230703042805,TRUE,0.17776276863351562,1,0,0
JAM,JM,Jamaica,Donor pool,1,2014,2009-2016,1,80,78,78,76,66,10,0.868421052631579,0,1,0.25788940000000005,-0.1155756997950118,3.236186,0.11424814097075438,0.21497863737998055,-0.2310502803834189,-0.08273566270368475,-0.8085783428317787,-0.3325434181736542,1,-0.3372660551313789,TRUE,0.1264042250650499,1,0,0
JAM,JM,Jamaica,Donor pool,1,2015,2009-2016,1,78,77,77,76,59,17,0.7763157894736842,0,1,0.2335107,-0.11555255798718538,3.0203679,0.1809818760728578,0.0030630021756292754,-0.22034793153527,-0.07916606941776388,-0.8085783428317787,-0.3449192174587433,1,-0.0675636899428196,TRUE,0.14176277000053722,1,0,0
JAM,JM,Jamaica,Donor pool,1,2016,2009-2016,1,114,114,113,113,81,32,0.7168141592920354,0,1,0.08715100000000003,-0.11554404270654703,2.8945228999999997,0.29199979452507246,-0.0742327789931294,-0.22143557069929445,-0.07436032452741319,-0.8085783428317787,-0.45781517583494147,0,0.07969681815474289,TRUE,0.15015252325614536,1,0,0
JOR,JO,Jordan,Donor pool,1,1997,1997-2008,0,88,81,82,77,61,16,0.7922077922077922,0,1,0.5834816,-0.11107369796977598,3.6325534,-0.3873413937226591,0.06783897525512075,-0.335055727769127,-0.14792937961212096,0.24002594590149737,0.41122402509852496,0,0.11829741505730353,FALSE,-0.10438163226519473,0,0,0
JOR,JO,Jordan,Donor pool,1,1998,1997-2008,0,84,81,78,75,63,12,0.84,0,1,0.5401449,-0.11089633126866923,3.7790470000000003,-0.38518289068719996,0.09244316529457304,-0.33222764325220444,-0.14792937961212096,0.24002594590149737,0.4275557323597184,0,0.10603932666055098,FALSE,-0.25539716246838856,0,0,0
JOR,JO,Jordan,Donor pool,1,1999,1997-2008,0,94,86,89,81,66,15,0.8148148148148148,0,1,0.15493710000000005,-0.11092146441752429,3.5027135,-0.3459885741017286,-0.05198654611415012,-0.3318610860427103,-0.14792937961212096,0.24002594590149737,0.4007935060303341,0,0.3651499286804542,FALSE,0.058320925852163294,0,0,0
JOR,JO,Jordan,Donor pool,1,2000,1997-2008,0,77,75,76,74,69,5,0.9324324324324325,0,1,0.48471739999999985,-0.11095553327072108,3.884835,-0.30762217224106625,0.11382145242509806,-0.3310963777300505,-0.14792937961212096,0.24002594590149737,0.3755516273347461,0,0.11403016172718637,FALSE,-0.0032834855078777586,0,0,0
JOR,JO,Jordan,Donor pool,1,2001,1997-2008,0,85,82,83,82,74,8,0.9024390243902439,0,1,0.6498327,-0.11095681493375313,3.875668,-0.16181800024908236,-0.019729805077848456,-0.32928369195648793,-0.14792938956394572,0.24002594590149737,0.292021300465367,0,0.08191560934039283,FALSE,-0.09590631787214948,0,0,1
JOR,JO,Jordan,Donor pool,1,2002,1997-2008,0,105,104,101,100,86,14,0.86,0,1,0.7393884,-0.11108493566475446,3.990992,-0.03614456388500597,0.18953733981442988,-0.3271098945361603,-0.14792937971069722,0.24002594590149737,0.28052773899677463,0,0.37936926824428846,FALSE,-0.09292036132007635,0,0,1
JOR,JO,Jordan,Donor pool,1,2003,1997-2008,0,91,90,89,88,80,8,0.9090909090909091,0,1,0.3452138,-0.11084337022567996,4.200907,0.11604328043262638,-0.06603218858411428,-0.3250702193472202,-0.14792937961212096,0.24002594590149737,0.33574517325357606,0,0.7322474010248015,FALSE,0.1402986025352059,0,0,1
JOR,JO,Jordan,Donor pool,1,2004,1997-2008,0,90,88,88,86,76,10,0.8837209302325582,0,1,0.1365889,-0.11095305745055213,3.5095780999999997,0.2440817165068913,-0.04980428946121277,-0.32023879650946924,-0.14792937961212096,0.24002594590149737,0.32691506372652285,0,0.11497547323638709,FALSE,0.046291792795399106,0,0,1
JOR,JO,Jordan,Donor pool,1,2005,1997-2008,0,99,97,97,95,82,13,0.8631578947368421,0,1,0.20090509999999995,-0.11058812675186677,3.8203055,0.26912189390046204,-0.12289542451423867,-0.31589594546172267,-0.14792937961212096,0.24002594590149737,0.1961329100372948,0,-0.8794698676936258,FALSE,-0.2580824126377604,0,0,1
JOR,JO,Jordan,Donor pool,1,2006,1997-2008,0,111,106,108,103,81,22,0.7864077669902912,0,1,0.3710589,-0.11006905311255206,3.2936602,0.3733358315172258,-0.19389772635196845,-0.3084093541587635,-0.14792937961212096,0.24002594590149737,0.1828910914762593,0,-0.5236250286529307,FALSE,-0.13334981815149008,0,0,1
JOR,JO,Jordan,Donor pool,1,2007,1997-2008,0,94,90,93,89,81,8,0.9101123595505618,0,1,0.08789669999999994,-0.10980665438105217,3.4606587,0.3156629172887026,-0.14289899651829163,-0.30360257941536234,-0.14792937975012774,0.24002594590149737,0.10750157066703,0,-0.8123646295006877,FALSE,-0.21962797302278486,0,0,1
JOR,JO,Jordan,Donor pool,1,2008,1997-2008,0,99,98,97,96,70,26,0.7291666666666666,0,1,0.061964200000000025,-0.10915958186594746,3.3413949,0.05394358543034748,-0.14083179050604072,-0.2819904559621024,-0.14792898537611351,0.24002594590149737,0.09045662932238614,0,-0.3939414081927135,FALSE,0.05574032398232079,0,0,1
JOR,JO,Jordan,Donor pool,1,2009,2009-2016,1,84,83,83,82,67,15,0.8170731707317073,0,1,0.05724879999999999,-0.10842008607568994,3.2406991,0.09007041160232888,-0.10191157874083301,-0.27628416505526765,-0.1479287881546047,0.24002594590149737,-0.023205361849820822,0,-0.1776480350116498,FALSE,-0.49693002272835085,0,0,1
JOR,JO,Jordan,Donor pool,1,2010,2009-2016,1,88,88,87,87,78,9,0.896551724137931,0,1,0.20202730000000002,-0.10942097269815017,3.1815184,0.0904519637761982,-0.024359636471588304,-0.267978628996434,-0.1479287881546047,0.24002594590149737,0.02531530331458029,0,-0.2787630090085782,FALSE,-0.1809996358980329,0,0,1
JOR,JO,Jordan,Donor pool,1,2011,2009-2016,1,99,96,96,94,71,23,0.7553191489361702,0,1,0.12718209999999996,-0.10971620979370857,3.1148488999999997,0.018795361288409525,0.07076662979261414,-0.26126708876194465,-0.1479287881546047,0.24002594590149737,-0.04860437678948058,0,-0.44516623193620103,FALSE,-0.33938338120548744,0,0,1
JOR,JO,Jordan,Donor pool,1,2012,2009-2016,1,92,91,90,89,72,17,0.8089887640449438,0,1,0.13790499999999994,-0.11002798742467274,3.2740207000000003,0.03769201687997616,0.1400961807462296,-0.25472421648827537,-0.1479287881546047,0.24002594590149737,-0.13881146517442522,0,-0.7091535936931108,FALSE,-0.4673751289492136,0,0,1
JOR,JO,Jordan,Donor pool,1,2013,2009-2016,1,61,61,61,61,51,10,0.8360655737704918,0,1,0.12620569999999998,-0.11005781467599565,3.2860145,0.06616104903033843,-0.06411406910758535,-0.2505597383305254,-0.1479287881546047,0.24002594590149737,-0.22908735638243127,0,-0.4671883058335408,FALSE,-0.2673463171276932,0,0,1
JOR,JO,Jordan,Donor pool,1,2014,2009-2016,1,80,80,78,78,67,11,0.8589743589743589,0,1,0.1396946,-0.10955053601249833,3.3543808,0.1003829116290501,0.11239222007114545,-0.25408724272622946,-0.1479287881546047,0.24002594590149737,-0.3376356932385803,0,-0.29491344291359717,FALSE,-0.025950674807749242,0,0,1
JOR,JO,Jordan,Donor pool,1,2015,2009-2016,1,78,78,77,77,60,17,0.7792207792207793,0,1,0.3994478,-0.10985940057606752,3.186305,0.098112106435729,0.10636760557457199,-0.25844888169229335,-0.1479287881546047,0.24002594590149737,-0.34973089139356245,0,-0.39849632612693675,FALSE,-0.12575644501259953,0,0,1
JOR,JO,Jordan,Donor pool,1,2016,2009-2016,1,114,114,113,113,77,36,0.6814159292035398,0,1,0.43375469999999994,-0.10958227445382407,3.4154286,0.17290102812812697,0.030641067153557064,-0.2600956959296885,-0.1479287881546047,0.24002594590149737,-0.4628538710326252,0,-0.4351457735729319,FALSE,-0.10145666375900875,0,0,1
KEN,KE,Kenya,Donor pool,1,1997,1997-2008,0,88,88,82,82,67,15,0.8170731707317073,0,1,0.5506341,-0.10795405897702821,3.6654009000000003,-0.24229856413361708,-0.34760520576009774,-0.36353562081478313,-0.11361133379319466,0.6163477617471873,0.40858740633963836,0,-0.6420876113614178,FALSE,0.13385108645401717,0,0,0
KEN,KE,Kenya,Donor pool,1,1998,1997-2008,0,84,80,78,75,58,17,0.7733333333333333,0,1,0.0789048,-0.10800657042582446,3.3178069000000003,-0.2755163968262034,-0.33983859890355467,-0.36291382145589224,-0.11264438454391275,0.6163477617471873,0.42511339923570834,0,-0.914000994585047,FALSE,0.16485639092361606,0,0,0
KEN,KE,Kenya,Donor pool,1,1999,1997-2008,0,94,89,89,85,67,18,0.788235294117647,0,1,0.10373290000000002,-0.108140777864948,3.2440435,-0.26508506537531107,-0.30552704162149097,-0.36450544783621036,-0.1067537535530252,0.6163477617471873,0.3984433589959657,0,-0.895657829376642,FALSE,0.2402456179977,0,0,0
KEN,KE,Kenya,Donor pool,1,2000,1997-2008,0,77,76,76,75,62,13,0.8266666666666667,0,1,0.26860670000000003,-0.10830375682172684,3.1315109000000003,-0.27968341204704344,-0.31069659729949706,-0.36506657736188575,-0.10329412631668611,0.6163477617471873,0.3733104309828458,0,0.011510433371626768,FALSE,0.2866743685298854,0,0,0
KEN,KE,Kenya,Donor pool,1,2001,1997-2008,0,85,76,83,75,62,13,0.8266666666666667,0,1,0.05311160000000004,-0.1079003783251624,3.1727237,-0.2581730017224643,-0.2995441704763376,-0.3651819458059081,-0.10188193080644592,0.6163477617471873,0.2894380983332321,0,-0.03700703845645548,FALSE,0.2877009834248933,0,0,0
KEN,KE,Kenya,Donor pool,1,2002,1997-2008,0,105,105,101,101,76,25,0.7524752475247525,0,1,0.03659100000000004,-0.10796829329838238,3.2881945999999997,-0.19412240275879136,-0.2996252640376452,-0.36541010378915717,-0.10177195125282108,0.6163477617471873,0.2778936528903303,0,0.04798765281928802,FALSE,0.28655842308809387,0,0,0
KEN,KE,Kenya,Donor pool,1,2003,1997-2008,0,91,90,89,88,77,11,0.875,0,1,0.2210548,-0.10799413172346504,3.6346384,-0.16172284675883047,-0.28802137757375956,-0.36423576232262983,-0.10343605969121475,0.6163477617471873,0.33333708831139286,0,0.1444537959399589,FALSE,0.03465910268981228,0,0,0
KEN,KE,Kenya,Donor pool,1,2004,1997-2008,0,90,89,88,87,69,18,0.7931034482758621,0,1,0.6892425,-0.10796238447447512,2.9569245,-0.10494512637606399,-0.25033148721413145,-0.36362557356747116,-0.10152073890097484,0.6163477617471873,0.324387442906053,0,0.0521132806999328,FALSE,0.07760636621547763,0,0,0
KEN,KE,Kenya,Donor pool,1,2005,1997-2008,0,99,83,97,81,70,11,0.8641975308641975,0,1,0.23036110000000004,-0.10915775916107416,3.3890393,-0.1415192510370461,-0.24402691205759525,-0.36186845687795344,-0.10366167707123773,0.6163477617471873,0.19492400925398096,0,0.02356139599934214,FALSE,0.2594809389094882,0,0,0
KEN,KE,Kenya,Donor pool,1,2006,1997-2008,0,111,82,108,80,64,16,0.8,0,1,0.516312,-0.10901008963270448,3.1484071,-0.15367946199521823,-0.24641222750907957,-0.3566862808779993,-0.10570414219070509,0.6163477617471873,0.18199608952813887,0,-0.010510731347586299,FALSE,0.01419163427696895,0,0,0
KEN,KE,Kenya,Donor pool,1,2007,1997-2008,0,94,82,93,81,68,13,0.8395061728395061,0,1,0.19352920000000007,-0.10858992199585883,3.1792328000000003,-0.1964981167848203,-0.23704611185675645,-0.3525604575258894,-0.1085331999451964,0.6163477617471873,0.10647322750334912,0,-0.07828051427044938,FALSE,-0.024300011556992608,0,0,0
KEN,KE,Kenya,Donor pool,1,2008,1997-2008,0,99,96,97,94,76,18,0.8085106382978723,0,1,0.1054695,-0.10888880543039671,3.2978896,-0.2351687778592928,-0.2437936333333081,-0.3503464003974873,-0.1074344601456665,0.6163477617471873,0.09022777776901836,1,-0.2023598060037495,FALSE,-0.09480702538368514,0,0,0
KEN,KE,Kenya,Donor pool,1,2009,2009-2016,1,84,80,83,79,69,10,0.8734177215189873,0,1,0.2030596,-0.10856866586499743,2.9803907,-0.25349857038037515,-0.22875415102266547,-0.34645495096540596,-0.10259829391936554,0.6163477617471873,-0.02307978698023117,1,-0.11927663272314278,FALSE,-0.1653670139268357,0,0,0
KEN,KE,Kenya,Donor pool,1,2010,2009-2016,1,88,85,87,84,71,13,0.8452380952380952,0,1,0.27780420000000006,-0.10830882481357891,3.1057415,-0.2361713086758344,-0.2564819653992603,-0.3451751467916375,-0.101485679877969,0.6163477617471873,0.024375351614420372,1,-0.1857755716189134,FALSE,-0.19358097615998082,0,0,0
KEN,KE,Kenya,Donor pool,1,2011,2009-2016,1,99,95,96,93,78,15,0.8387096774193549,0,1,0.0039261000000000434,-0.1076923011975199,3.2459571,-0.2126843132487811,-0.21701029747532524,-0.34503919745204137,-0.0958209255663103,0.6163477617471873,-0.05031491938219371,1,-0.344374719014092,FALSE,-0.11563806764000878,0,0,0
KEN,KE,Kenya,Donor pool,1,2012,2009-2016,1,92,82,90,80,67,13,0.8375,0,1,0.23835099999999998,-0.10727323316755917,3.1735747,-0.21645710622057357,-0.2175459913566307,-0.3394892710528946,-0.09835305468470268,0.6163477617471873,-0.14113969506490717,1,-0.30797527620873344,FALSE,-0.13042887696292957,0,0,0
KEN,KE,Kenya,Donor pool,1,2013,2009-2016,1,61,54,61,54,46,8,0.8518518518518519,0,1,0.0030521999999999494,-0.10722707849007007,3.1567566,-0.23959841100919282,-0.22772863017581718,-0.33696575821859176,-0.0974106989442134,0.6163477617471873,-0.23147980376067676,0,-0.3282943627536216,FALSE,-0.24592400268521883,0,0,0
KEN,KE,Kenya,Donor pool,1,2014,2009-2016,1,80,63,78,62,50,12,0.8064516129032258,0,1,0.339082,-0.10724175065713695,3.1549934,-0.17806308721413225,-0.16865320853395882,-0.3336763382098475,-0.0963464983598696,0.6163477617471873,-0.33958700452566776,0,-0.408809269027998,FALSE,-0.2846807596099458,0,0,0
KEN,KE,Kenya,Donor pool,1,2015,2009-2016,1,78,76,77,75,58,17,0.7733333333333333,0,1,0.3046337,-0.10680675593348224,3.0914909,-0.16652130230610443,-0.06331991629154585,-0.33349108824039314,-0.09028033883570048,0.6163477617471873,-0.35231088867772425,0,-0.24462059767880287,FALSE,-0.5426491650581573,0,0,0
KEN,KE,Kenya,Donor pool,1,2016,2009-2016,1,114,111,113,110,83,27,0.7545454545454545,0,1,0.34867919999999997,-0.1065615656909544,3.3303531,-0.18175492112555103,-0.06559594083691443,-0.3315807809989658,-0.0883132007172572,0.6163477617471873,-0.4654068771361616,0,-0.19552884767821527,FALSE,-0.4413920321927336,0,0,0
KWT,KW,Kuwait,Donor pool,1,1997,1997-2008,0,88,86,82,80,63,17,0.7875,0,1,0.7375255000000001,-0.08093374978854531,3.4785095000000004,0.04825791657427076,-0.2867845732736494,0.12165342538764078,-0.14816930504264272,0.3841899033818392,0.3857507081694689,0,1.5105362210380577,FALSE,0.5850145575558229,0,0,0
KWT,KW,Kuwait,Donor pool,1,1998,1997-2008,0,84,80,78,75,57,18,0.76,0,1,0.1935056,-0.08137014711622209,3.4324077,0.045451477107724333,-0.14260822639876405,0.036126109148195404,-0.14816847297725155,0.3841899033818392,0.40260114909041667,0,0.5581821664830905,FALSE,-0.31592807682567914,0,0,0
KWT,KW,Kuwait,Donor pool,1,1999,1997-2008,0,94,93,89,88,71,17,0.8068181818181818,0,1,0.16957269999999997,-0.08383187170613507,3.1782037,-0.011555322468172518,-0.11567601987982262,0.08863007160274838,-0.1481686746484924,0.3841899033818392,0.377898251650103,0,0.9959671935934348,FALSE,1.479986063643793,0,0,0
KWT,KW,Kuwait,Donor pool,1,2000,1997-2008,0,77,74,76,73,64,9,0.8767123287671232,0,1,0.08661870000000005,-0.08189490361700685,3.3134989,-0.04937323365756502,-0.11367404891809389,0.18979924380223814,-0.14816729246156501,0.3841899033818392,0.3509905157868512,0,2.200445963215123,FALSE,2.9051033354923264,0,0,0
KWT,KW,Kuwait,Donor pool,1,2001,1997-2008,0,85,78,83,77,71,6,0.922077922077922,0,1,0.018425999999999942,-0.08259624028046468,3.2442613,-0.10836975584975993,0.08085450187644096,0.13331519252057833,-0.14816733381430303,0.3841899033818392,0.26805185293714373,0,1.386832490799889,FALSE,0.2968316766395223,0,0,0
KWT,KW,Kuwait,Donor pool,1,2002,1997-2008,0,105,105,101,101,88,13,0.8712871287128713,0,1,0.15422040000000004,-0.08431520342390289,3.405824,-0.08461199706652558,0.1022088212027605,0.16677221075591786,-0.14816897062270543,0.3841899033818392,0.2579028204210407,0,0.7012845339098697,FALSE,0.7719523565802098,0,0,0
KWT,KW,Kuwait,Donor pool,1,2003,1997-2008,0,91,87,89,85,79,6,0.9294117647058824,0,1,0.26983979999999996,-0.08164631205116434,4.125533,-0.10795558734278034,0.03669962000097232,0.28954574032683983,-0.14817246183707541,0.3841899033818392,0.31106875669826567,0,1.1611680316724868,FALSE,0.6569554203746458,0,0,0
KWT,KW,Kuwait,Donor pool,1,2004,1997-2008,0,90,87,88,85,79,6,0.9294117647058824,0,1,0.23353899999999994,-0.08034191964200825,3.8797059999999997,-0.09618482450566576,0.0705122734480222,0.4324114779813578,-0.14817442046111043,0.3841899033818392,0.3010435124462311,0,1.50764304858892,FALSE,1.1192143245027324,0,0,0
KWT,KW,Kuwait,Donor pool,1,2005,1997-2008,0,99,90,97,89,81,8,0.9101123595505618,0,1,0.4010716000000001,-0.08022914941645552,4.020472,-0.11971192731796938,0.04641481417485037,0.6842626780662199,-0.14817601739640435,0.3841899033818392,0.17047447669637228,0,2.1094590272117224,FALSE,2.684638468335441,0,0,0
KWT,KW,Kuwait,Donor pool,1,2006,1997-2008,0,111,111,108,108,93,15,0.8611111111111112,0,1,0.09107310000000002,-0.08145791285046482,3.573646,-0.20774409230750174,0.2167217109778809,0.8847961591145264,-0.14817709608183607,0.3841899033818392,0.15870987393681785,0,2.5097431518882765,FALSE,1.3760174101063327,0,0,0
KWT,KW,Kuwait,Donor pool,1,2007,1997-2008,0,94,94,93,93,86,7,0.9247311827956989,0,1,0.39436899999999986,-0.08172654091609706,3.767131,-0.22365258091613843,0.2566655210845728,0.9659841992123793,-0.14818062250927008,0.3841899033818392,0.08376915993441651,0,2.0465691772832106,FALSE,2.283912186049108,0,0,0
KWT,KW,Kuwait,Donor pool,1,2008,1997-2008,0,99,97,97,95,81,14,0.8526315789473684,0,1,0.40897190000000005,-0.08249647320564425,3.812331,-0.19278285157325944,0.5544799410873255,1.2561977036151213,-0.14818972243310355,0.3841899033818392,0.0679218255750878,0,2.3072623481083028,FALSE,0.407471726393939,0,0,0
KWT,KW,Kuwait,Donor pool,1,2009,2009-2016,1,84,84,83,83,68,15,0.8192771084337349,0,1,0.5011606999999999,-0.08424301212551115,3.6846110000000003,-0.22148182222142998,0.6658783202432659,0.7367022952562168,-0.14817851014339478,0.3841899033818392,-0.043639048843803555,0,1.5752457684189778,FALSE,1.5829596599341,0,0,0
KWT,KW,Kuwait,Donor pool,1,2010,2009-2016,1,88,88,87,87,81,6,0.9310344827586207,0,1,0.18818729999999995,-0.06607792440269729,3.571733,-0.20473299560441002,1.1735460095439467,0.7750560180246471,-0.1481792073683014,0.3841899033818392,-0.011316850107269936,0,1.8299137577655518,FALSE,1.5501934037333291,0,0,0
KWT,KW,Kuwait,Donor pool,1,2011,2009-2016,1,99,97,96,95,71,24,0.7473684210526316,0,1,0.036544699999999986,-0.07547446158223427,3.2785756999999998,-0.20072749180288046,1.1285498759026724,1.067666821371738,-0.14818549317013124,0.3841899033818392,-0.07754440346606958,0,2.41908532547061,FALSE,2.4518927194643787,0,0,0
KWT,KW,Kuwait,Donor pool,1,2012,2009-2016,1,92,92,90,90,75,15,0.8333333333333334,0,1,0.4270963,-0.04534104092571109,3.839022,-0.11800156397538303,1.0695770901673143,1.1554033366385759,-0.14818315300110768,0.3841899033818392,-0.19348279637356433,0,2.5553443284816715,FALSE,2.425399330585386,0,0,0
KWT,KW,Kuwait,Donor pool,1,2013,2009-2016,1,61,61,61,61,51,10,0.8360655737704918,0,1,0.43366720000000003,-0.06671336311099507,3.593476,-0.11505157837374616,1.020692604141574,1.0818145382124253,-0.1481809918843466,0.3841899033818392,-0.2657206958026688,0,2.2361726142066978,FALSE,2.4310716112581976,0,0,0
KWT,KW,Kuwait,Donor pool,1,2014,2009-2016,1,80,79,78,77,67,10,0.8701298701298701,0,1,0.2267925999999999,-0.06834750146969218,3.720868,-0.12128770231222269,1.2175567560429341,0.9265878512315765,-0.14818041361633297,0.3841899033818392,-0.37245917571561216,0,1.876733362010208,FALSE,0.8243528395035711,0,0,0
KWT,KW,Kuwait,Donor pool,1,2015,2009-2016,1,78,78,77,77,59,18,0.7662337662337663,0,1,0.7777728,-0.0725601067972822,3.56463,-0.20396216017791627,1.6688309122968412,0.5008797328564847,-0.14817078179968393,0.3841899033818392,-0.38125505745860694,0,0.28531716392400175,FALSE,-1.647492329855924,0,0,0
KWT,KW,Kuwait,Donor pool,1,2016,2009-2016,1,114,113,113,112,76,36,0.6785714285714286,0,1,0.483127,-0.06531521653204948,3.4648008999999997,-0.21317659483040868,1.9167201933265434,0.42569393280914675,-0.1481700215306236,0.3841899033818392,-0.5002669677366357,0,-0.15733936855082406,FALSE,-0.9003675778517896,0,0,0
LBN,LB,Lebanon,Donor pool,1,1997,1997-2008,0,88,71,82,70,58,12,0.8285714285714286,0,1,0.0961510000000001,-0.11071118252819301,4.119884,-0.23893879785100125,-0.35606232818519884,-0.26458175607997325,0.7621705504262443,0.21439853242280546,0.4109176386814151,0,-1.1620835939733107,FALSE,-1.9593403797061415,0,0,0
LBN,LB,Lebanon,Donor pool,1,1998,1997-2008,0,84,71,78,67,56,11,0.835820895522388,0,1,0.9272719,-0.11072443875324378,4.166174,-0.22152157310080722,-0.355146168670337,-0.25603630230122226,0.7483787469094245,0.21439853242280546,0.42741045432218394,0,-1.5218236874086726,FALSE,-1.1510650847119002,0,0,0
LBN,LB,Lebanon,Donor pool,1,1999,1997-2008,0,94,91,89,86,69,17,0.8023255813953488,0,1,0.45714960000000004,-0.11053053398929755,3.804926,-0.27883126555804966,-0.35398101582578,-0.2571505332783779,0.7432734827815102,0.21439853242280546,0.4004631041784284,0,-0.951873667047738,FALSE,-1.1808000718740839,0,1,0
LBN,LB,Lebanon,Donor pool,1,2000,1997-2008,0,77,71,76,70,60,10,0.8571428571428571,0,1,0.2982654,-0.1105053371371538,3.698383,-0.20326794264409354,-0.35370104829597365,-0.26009221748190925,0.7432734827815102,0.21439853242280546,0.3751711360106853,0,-0.8557010369323147,FALSE,-1.4495161695429142,0,1,0
LBN,LB,Lebanon,Donor pool,1,2001,1997-2008,0,85,82,83,82,75,7,0.9146341463414634,0,1,0.6399567,-0.11031931971980088,3.865792,-0.20560441912344127,-0.356551097436774,-0.2594244362571347,0.7432734827815102,0.21439853242280546,0.29148250996950664,0,-0.9685875850530343,FALSE,-1.1578080948974019,0,1,0
LBN,LB,Lebanon,Donor pool,1,2002,1997-2008,0,105,102,101,100,85,15,0.85,0,1,0.5752094000000001,-0.11059603066626246,3.826813,-0.30720774527126316,-0.3526489536511175,-0.2511582314464745,0.7432734827815102,0.21439853242280546,0.28011453218235294,0,-1.1860396767402983,FALSE,-0.9523896168358227,0,1,0
LBN,LB,Lebanon,Donor pool,1,2003,1997-2008,0,91,90,89,88,81,7,0.9204545454545454,0,1,0.33328479999999994,-0.11071135008286231,4.1889780000000005,-0.27419564418124676,-0.3454069617455798,-0.24684245503824062,0.7432734827815102,0.21439853242280546,0.3356335940657554,0,-1.2875506913084611,FALSE,-1.0157894270462062,0,1,0
LBN,LB,Lebanon,Donor pool,1,2004,1997-2008,0,90,85,88,84,79,5,0.9404761904761905,0,1,0.34592200000000006,-0.11070613966381418,3.992089,-0.3237994567775703,-0.34195672641223185,-0.24205341704605499,0.7432734827815102,0.21439853242280546,0.32670637673744246,0,-1.0297944366517389,FALSE,-0.5754031947356756,0,1,0
LBN,LB,Lebanon,Donor pool,1,2005,1997-2008,0,99,77,97,75,66,9,0.88,0,1,0.012153799999999992,-0.11042864666668055,3.6072466,-0.29839253107575114,-0.33800486664393986,-0.2420089162711612,0.7432734827815102,0.21439853242280546,0.1959981225874491,0,-0.5950387652673879,FALSE,-0.5230006465212242,0,1,0
LBN,LB,Lebanon,Donor pool,1,2006,1997-2008,0,111,102,108,101,81,20,0.801980198019802,0,1,0.18520380000000003,-0.10996099224052096,3.4795153,-0.32080130112151317,-0.3160446132849659,-0.24103759681847706,0.7432734827815102,0.21439853242280546,0.1827997618951887,0,-0.1777946899571424,FALSE,-0.7982229067933573,0,1,0
LBN,LB,Lebanon,Donor pool,1,2007,1997-2008,0,94,93,93,92,83,9,0.9021739130434783,0,1,0.1657422999999999,-0.1098606937979373,3.5385043,-0.31323213226695595,-0.32808800415445866,-0.22663806374397436,0.7432734827815102,0.21439853242280546,0.10754724304790805,0,-0.2532292894053356,FALSE,-0.8070723486673527,0,1,0
LBN,LB,Lebanon,Donor pool,1,2008,1997-2008,0,99,96,97,94,73,21,0.776595744680851,0,1,0.1607271,-0.10934019330540523,3.5640861999999998,-0.343327069468688,-0.3402602509782178,-0.20351721865803388,0.7432734827815102,0.21439853242280546,0.09060927631469831,0,-0.6656991091703011,FALSE,-0.7035936647880797,0,1,0
LBN,LB,Lebanon,Donor pool,1,2009,2009-2016,1,84,83,83,82,65,17,0.7926829268292683,0,1,0.2299333,-0.1073579398339797,3.4133836000000004,-0.34657936594033534,-0.3372227483886846,-0.16887624661892428,0.7432734827815102,0.21439853242280546,-0.02410305376612365,0,-0.9336137593426832,FALSE,-0.5365164070839233,0,1,0
LBN,LB,Lebanon,Donor pool,1,2010,2009-2016,1,88,87,87,86,80,6,0.9302325581395349,0,1,0.2252002999999999,-0.10805460898868739,3.608746,-0.3469783263511427,-0.3303041041513629,-0.15315582746022072,0.7432734827815102,0.21439853242280546,0.024160496557706482,0,-0.9661718794260845,FALSE,-0.4826816621102136,0,1,0
LBN,LB,Lebanon,Donor pool,1,2011,2009-2016,1,99,97,96,95,74,21,0.7789473684210526,0,1,0.278655,-0.10902445998640746,3.5206859999999995,-0.36507484317210825,-0.33962282760517815,-0.147009601262582,0.7432734827815102,0.21439853242280546,-0.04918902152646037,0,-0.6518923946184243,FALSE,-0.39095163443122993,0,1,0
LBN,LB,Lebanon,Donor pool,1,2012,2009-2016,1,92,91,90,89,72,17,0.8089887640449438,0,1,0.2924433000000001,-0.10894177838890108,3.7043690000000002,-0.3740794665504586,-0.3025982100168659,-0.13019994846263802,0.7432734827815102,0.21439853242280546,-0.13972949419202846,0,-1.1713838800910568,FALSE,-0.5790039058335925,0,1,0
LBN,LB,Lebanon,Donor pool,1,2013,2009-2016,1,61,59,61,59,49,10,0.8305084745762712,0,1,0.5132062,-0.10900548857637989,3.673015,-0.36190576943526576,-0.21783831186393854,-0.1373880021252546,0.7432734827815102,0.21439853242280546,-0.2299767486297922,0,-1.2911136378737704,FALSE,-0.7028717216346658,0,1,0
LBN,LB,Lebanon,Donor pool,1,2014,2009-2016,1,80,78,78,76,65,11,0.8552631578947368,0,1,0.24870559999999997,-0.10875287552704066,3.742781,-0.3650435550969734,-0.2651528314055985,-0.15457134645971624,0.7432734827815102,0.21439853242280546,-0.3383098502817727,0,-1.3175104963709472,FALSE,-0.5449962444644556,0,1,0
LBN,LB,Lebanon,Donor pool,1,2015,2009-2016,1,78,78,77,77,60,17,0.7792207792207793,0,1,0.615873,-0.10932258913409613,3.4027301999999997,-0.35613041142210977,-0.29371345762692475,-0.15056102339499325,0.7432734827815102,0.21439853242280546,-0.35018458719656265,0,-0.8295179449121416,FALSE,-0.43291793632143144,0,1,0
LBN,LB,Lebanon,Donor pool,1,2016,2009-2016,1,114,94,113,93,72,21,0.7741935483870968,0,1,0.8230820999999999,-0.10884694387737993,3.804756,-0.33022420886677867,-0.2760657968181498,-0.13954400025299282,0.7432734827815102,0.21439853242280546,-0.46347534883705827,0,-1.0061691141768718,FALSE,-0.6312964979504132,0,1,0
LBY,LY,Libya,Donor pool,1,1997,1997-2008,0,88,84,82,79,67,12,0.8481012658227848,0,1,0.846352,-0.09887952988582747,5.062387,-0.40716384537840455,-0.3317475472863862,-0.19911606637696214,-0.14807614026326052,-0.010830282502558566,0.40091790557831836,0,0.37241120552702234,FALSE,-0.021112523900359108,0,1,0
LBY,LY,Libya,Donor pool,1,1998,1997-2008,0,84,80,78,74,59,15,0.7972972972972973,0,1,1.2582229,-0.09918865610341114,4.4971250000000005,-0.40716384537840455,-0.3105795984751878,-0.2214711865996484,-0.14807217257570865,-0.010830282502558566,0.4176607810414949,0,0.05488072219663626,FALSE,-0.04420793065482731,0,1,0
LBY,LY,Libya,Donor pool,1,1999,1997-2008,0,94,93,89,88,73,15,0.8295454545454546,0,1,0.7954996,-0.10072075596524013,4.143276,-0.40716384537840455,-0.3248673443259203,-0.17464586045086242,-0.14807439862592844,-0.010830282502558566,0.39217219461521546,0,0.4175486625873519,FALSE,0.6766895658801695,0,1,0
LBY,LY,Libya,Donor pool,1,2000,1997-2008,0,77,77,76,76,70,6,0.9210526315789473,0,1,1.0392763999999999,-0.10034896957249614,4.439394,-0.40716384537840455,-0.33159256699556616,-0.16525450594376576,-0.1480457845946092,-0.010830282502558566,0.3665873000907679,0,0.982569235210423,FALSE,1.2944823614464671,0,1,0
LBY,LY,Libya,Donor pool,1,2001,1997-2008,0,85,84,83,83,77,6,0.927710843373494,0,1,1.1840487,-0.10086186378740708,4.409884,-0.40716384537840455,-0.2925958742528712,-0.1917404721645951,-0.1479908531905243,-0.010830282502558566,0.28348937173118466,0,0.6247407113547727,FALSE,0.10546674545079021,0,1,0
LBY,LY,Libya,Donor pool,1,2002,1997-2008,0,105,105,101,101,91,10,0.900990099009901,0,1,1.1499824,-0.10011749106211644,4.401586,-0.40716384537840455,-0.35813019462470574,-0.2679836649223018,-0.14759717024294375,-0.010830282502558566,0.27125840679404556,0,0.2796747399887673,FALSE,1.0343229299867163,0,1,0
LBY,LY,Libya,Donor pool,1,2003,1997-2008,0,91,90,89,88,83,5,0.9431818181818182,0,1,0.6481288000000001,-0.09988790628768388,4.503822,-0.40716384537840455,-0.3133189937998271,-0.23989599331305064,-0.14758400146848558,-0.010830282502558566,0.3264859667241099,0,0.7969910973940846,FALSE,0.9889011482680454,0,1,0
LBY,LY,Libya,Donor pool,1,2004,1997-2008,0,90,86,88,85,82,3,0.9647058823529412,0,1,0.4925649999999999,-0.09904952102184858,4.138732,-0.36173630668942164,-0.02121992598646506,-0.20758082885445767,-0.14757689095665313,-0.010830282502558566,0.31685457675416095,0,0.8502125536807437,FALSE,1.19361924481519,0,1,0
LBY,LY,Libya,Donor pool,1,2005,1997-2008,0,99,98,97,96,84,12,0.875,0,1,0.5103586,-0.09925186255547197,4.129759,-0.25971874619126106,0.1565867896624167,-0.1398308854306314,-0.14757486895287947,-0.010830282502558566,0.18655186335035595,0,1.8041937920558369,FALSE,2.993619728929477,0,1,0
LBY,LY,Libya,Donor pool,1,2006,1997-2008,0,111,110,108,108,95,13,0.8796296296296297,0,1,0.6397628999999999,-0.09898567833506476,4.304482,-0.2357897443065059,0.3325385292502971,-0.08195147476681378,-0.14757180118051672,-0.010830282502558566,0.1735237788102654,0,2.091901495073965,FALSE,3.327422318736057,0,1,0
LBY,LY,Libya,Donor pool,1,2007,1997-2008,0,94,93,93,92,85,7,0.9239130434782609,0,1,0.91894,-0.09853008176229075,4.291702,-0.2167962543910452,0.16769737875769683,-0.04974113461087145,-0.14760192219378993,-0.010830282502558566,0.09797097338584085,0,2.3631391719553476,FALSE,2.41595219346995,0,1,0
LBY,LY,Libya,Donor pool,1,2008,1997-2008,0,99,97,97,95,81,14,0.8526315789473684,0,1,0.9321119,-0.09800198274166523,4.335471,-0.23777871765946018,0.285223590184791,0.03140047683158631,-0.1476250378169451,-0.010830282502558566,0.08102658462054459,0,2.323476205247751,FALSE,2.443170912579744,0,1,0
LBY,LY,Libya,Donor pool,1,2009,2009-2016,1,84,83,83,82,68,14,0.8292682926829268,0,1,0.6849976999999999,-0.09869795579802078,3.868448,-0.2835110266285234,0.9064618451036138,-0.09657984905865663,-0.14760731059595664,-0.010830282502558566,-0.03142219435064307,0,0.9308190225749756,FALSE,-0.398752693242129,0,1,0
LBY,LY,Libya,Donor pool,1,2010,2009-2016,1,88,87,87,86,80,6,0.9302325581395349,0,1,0.4973112999999999,-0.09998431173289143,3.880857,-0.2972275866506212,1.0798224069494504,-0.03634205169556033,-0.1475994708730745,-0.010830282502558566,0.01733974031511242,0,1.3019500733506895,FALSE,1.253004955263086,0,1,0
LBY,LY,Libya,Donor pool,1,2011,2009-2016,1,99,83,96,81,60,21,0.7407407407407407,0,1,0.1962927,-0.10853151872187902,3.0457383,-0.3179191251191652,1.3762345121716577,-0.1540953507555654,-0.147624688797164,-0.010830282502558566,-0.049605639663400924,0,0.45487897483305056,FALSE,-1.3258956103911335,0,1,0
LBY,LY,Libya,Donor pool,1,2012,2009-2016,1,92,92,90,90,75,15,0.8333333333333334,0,1,0.1445172,-0.09980982489974462,3.2674085,-0.29915480706090775,1.3319029407796068,0.06283656465538434,-0.14760250491516136,-0.010830282502558566,-0.14744752821159424,0,1.489633326070513,FALSE,2.640904029437285,0,1,0
LBY,LY,Libya,Donor pool,1,2013,2009-2016,1,61,61,61,61,52,9,0.8524590163934426,0,1,0.2627796,-0.10095001866135458,3.4225884,-0.2536352619132273,0.3893215222128552,-0.026033109775136648,-0.14759657130517886,-0.010830282502558566,-0.23678497327981626,0,0.0972372584187499,FALSE,-1.4499474023225023,0,1,0
LBY,LY,Libya,Donor pool,1,2014,2009-2016,1,80,79,78,77,67,10,0.8701298701298701,0,1,0.2473955,-0.10476993200306932,3.2466799,-0.379554267195701,0.18591571337521096,-0.11493557354534306,-0.14759615122480169,-0.010830282502558566,-0.3416761063246364,0,-3.0278450397780796,FALSE,-4.31614862882457,0,1,0
LBY,LY,Libya,Donor pool,1,2015,2009-2016,1,78,75,77,74,56,18,0.7567567567567568,0,1,0.5644042,-0.10539515340803005,3.3512614,-0.3699902409912711,0.9846707091524303,-0.15807279941096752,-0.14753179603813926,-0.010830282502558566,-0.3535039298300342,0,-2.8526861090864095,FALSE,-6.593930414452669,0,1,0
LBY,LY,Libya,Donor pool,1,2016,2009-2016,1,114,109,113,108,79,29,0.7314814814814815,0,1,0.41016549999999996,-0.10574533929809833,3.3918394,-0.3494736807141905,0.15013212360904726,-0.15609468862808074,-0.14752637898563756,-0.010830282502558566,-0.46609672548845665,0,-0.4303328811813016,FALSE,-2.3699759286422046,0,1,0
LKA,LK,Sri Lanka,Donor pool,1,1997,1997-2008,0,88,87,82,81,71,10,0.8765432098765432,0,1,0.3135918000000001,-0.10576021109624449,3.9024432,0.5478110885741677,-0.34685732341259073,-0.35294734957966634,-0.11345592044469527,0.9430725341000762,0.40673323651740406,1,-0.04505816541264242,FALSE,-0.28101709843960626,0,0,0
LKA,LK,Sri Lanka,Donor pool,1,1998,1997-2008,0,84,84,78,78,61,17,0.782051282051282,0,1,0.3382707,-0.10546632407899775,3.5771728,0.6096702868321813,-0.3464170667667699,-0.3523449923668596,-0.11022921607859987,0.9430725341000762,0.4229664645468531,1,0.018434321308242598,FALSE,-0.3305569879800563,0,0,0
LKA,LK,Sri Lanka,Donor pool,1,1999,1997-2008,0,94,94,89,89,71,18,0.797752808988764,0,1,0.18153229999999998,-0.10575357855397617,3.5293087,0.6094751675598037,-0.32745846846945653,-0.35287915480759,-0.1065708551737449,0.9430725341000762,0.3964257747501151,1,-0.09754054370719974,FALSE,-0.24850714486310202,0,0,0
LKA,LK,Sri Lanka,Donor pool,1,2000,1997-2008,0,77,75,76,74,62,12,0.8378378378378378,0,1,0.12810959999999993,-0.10473991379294263,3.5282272,0.5501211014991811,-0.31809920182795476,-0.3519727752046514,-0.10280346794762882,0.9430725341000762,0.3702983852284286,1,-0.24925616809536083,FALSE,-0.42735792487227103,0,0,0
LKA,LK,Sri Lanka,Donor pool,1,2001,1997-2008,0,85,83,83,83,73,10,0.8795180722891566,0,1,0.16214099999999998,-0.1056954169549983,3.3879763,0.5872934027485966,-0.32639762214910156,-0.35363768696343695,-0.09548246792855124,0.9430725341000762,0.287574535746436,1,0.022390155337665786,FALSE,-0.4941121395651804,0,0,0
LKA,LK,Sri Lanka,Donor pool,1,2002,1997-2008,0,105,104,101,101,78,23,0.7722772277227723,0,1,0.2386062,-0.10637672090974842,3.4902097999999997,0.5757259290689091,-0.30113176672759434,-0.35271518940434554,-0.09176867562527177,0.9430725341000762,0.2765485069853867,1,0.0190880719659395,FALSE,-0.3721609552014315,0,0,0
LKA,LK,Sri Lanka,Donor pool,1,2003,1997-2008,0,91,91,89,89,79,10,0.8876404494382022,0,1,0.34627600000000003,-0.10667550476726641,3.5094172,0.5004421709254344,-0.2930048450462332,-0.3494401854872602,-0.09126068114353145,0.9430725341000762,0.3322226271263749,1,0.07613814343701503,FALSE,-0.3352223153290368,0,0,0
LKA,LK,Sri Lanka,Donor pool,1,2004,1997-2008,0,90,90,88,88,80,8,0.9090909090909091,0,1,0.12807460000000004,-0.10657054183176161,3.5180924,0.42213016478060256,-0.3002206921990742,-0.3470234941085884,-0.088496500498207,0.9430725341000762,0.32321110217248433,1,-0.07312361724717857,FALSE,-0.3697356838744665,0,0,0
LKA,LK,Sri Lanka,Donor pool,1,2005,1997-2008,0,99,99,97,97,81,16,0.8350515463917526,0,1,0.22435280000000002,-0.10786633351671521,3.3950476,0.39338211769789805,-0.2737942629295664,-0.34177510443115483,-0.08890839496270406,0.9430725341000762,0.19383253774476522,1,-0.04768986854944593,FALSE,-0.34359050307324474,0,0,0
LKA,LK,Sri Lanka,Donor pool,1,2006,1997-2008,0,111,111,108,108,97,11,0.8981481481481481,0,1,0.1677674,-0.1075720833408579,3.4969517000000003,0.3565875507827627,-0.28431270944803483,-0.3364362582026208,-0.08688774295429835,0.9430725341000762,0.18078073275984122,1,-0.19012507977721274,FALSE,-0.3367551330701991,0,0,0
LKA,LK,Sri Lanka,Donor pool,1,2007,1997-2008,0,94,94,93,93,85,8,0.9139784946236559,0,1,0.0561391,-0.1072643875424155,3.4289011,0.2448901923485134,-0.26892457681339305,-0.33086056708775335,-0.08291978016238451,0.9430725341000762,0.10535292832334008,1,-0.13783650472930184,FALSE,-0.3102310126597876,0,0,0
LKA,LK,Sri Lanka,Donor pool,1,2008,1997-2008,0,99,99,97,97,86,11,0.8865979381443299,0,1,0.3815849,-0.10694894118570808,3.784944,0.13165213780181917,-0.24413326873752816,-0.3192544003958187,-0.0842739047653282,0.9430725341000762,0.08858826676497908,1,-0.4197975571792841,FALSE,-0.3137241633977383,0,0,0
LKA,LK,Sri Lanka,Donor pool,1,2009,2009-2016,1,84,83,83,82,76,6,0.926829268292683,0,1,0.35194539999999996,-0.10702229148037214,3.5353957,0.0863000425252063,-0.18171837686482625,-0.31769472801549625,-0.08036376693296039,0.9430725341000762,-0.02438673298271581,1,0.06879027059791133,FALSE,-0.4859678706809482,0,0,0
LKA,LK,Sri Lanka,Donor pool,1,2010,2009-2016,1,88,88,87,87,78,9,0.896551724137931,0,1,0.08179789999999998,-0.10724283110243393,3.4653436,0.08928049840428183,-0.14055553144969685,-0.2947232887727547,-0.08147588620686375,0.9430725341000762,0.02347440794042715,1,-0.0027715363138030654,FALSE,-0.36160492199396277,0,0,0
LKA,LK,Sri Lanka,Donor pool,1,2011,2009-2016,1,99,94,96,92,82,10,0.8913043478260869,0,1,0.21519719999999998,-0.10678582009540417,3.4572282,0.08139097176919483,-0.10727688434958282,-0.28248106081339347,-0.08295409976981119,0.9430725341000762,-0.05108104811823349,1,-0.27207153537267176,FALSE,-0.3174998872626203,0,0,0
LKA,LK,Sri Lanka,Donor pool,1,2012,2009-2016,1,92,92,90,90,76,14,0.8444444444444444,0,1,0.002720399999999956,-0.10680843198486682,3.4092053,0.13265995364428876,-0.07873992940558633,-0.279459589682673,-0.07287676045866281,0.9430725341000762,-0.14153253010777264,1,-0.21143085027212194,FALSE,-0.27946366909336595,0,0,0
LKA,LK,Sri Lanka,Donor pool,1,2013,2009-2016,1,61,60,61,60,53,7,0.8833333333333333,0,1,0.5755872,-0.10673356761389877,3.7353959999999997,0.18410086885661892,-0.09741962844504497,-0.2673625109257939,-0.07200987452858594,0.9430725341000762,-0.23189690331509719,1,-0.08206974946823818,FALSE,-0.27393781755883384,0,0,0
LKA,LK,Sri Lanka,Donor pool,1,2014,2009-2016,1,80,79,78,77,68,9,0.8831168831168831,0,1,0.2996346,-0.10601411460028579,3.79371,0.19027378497672942,-0.0290083108160413,-0.2605268829676331,-0.07112525855942903,0.9430725341000762,-0.34062456312270534,1,-0.03387836952827817,FALSE,-0.2975178242146552,0,0,0
LKA,LK,Sri Lanka,Donor pool,1,2015,2009-2016,1,78,77,77,76,59,17,0.7763157894736842,0,1,0.4527635,-0.10592121906250983,3.2396206999999997,0.23903450342503496,0.155481244537157,-0.2580092889416205,-0.06799513078047109,0.9430725341000762,-0.3530593160217595,1,-0.023216082992108828,FALSE,-0.4535371829764775,0,0,0
LKA,LK,Sri Lanka,Donor pool,1,2016,2009-2016,1,114,111,113,110,73,37,0.6636363636363637,0,1,0.19234839999999997,-0.10614045452059595,3.1740223,0.24355110549655604,0.044784976029031316,-0.25532113636481885,-0.06224335152229674,0.9430725341000762,-0.4657627867827348,1,-0.010686712123719962,FALSE,-0.26628335310950163,0,0,0
LTU,LT,Lithuania,Donor pool,1,1997,1997-2008,0,88,88,82,82,39,43,0.47560975609756095,0,1,2.59283,-0.11096339047297264,1.6232050000000002,-0.3557890071532805,-0.3344349718268469,-0.2936712431844925,-0.14598289292608593,-0.08768119228540426,0.4111307967422975,0,-0.4256274394584933,FALSE,-0.8810281094735614,0,0,0
LTU,LT,Lithuania,Donor pool,1,1998,1997-2008,0,84,84,78,78,39,39,0.5,0,1,1.6364581,-0.11019432245345578,1.6024440000000002,-0.32107271512187635,-0.3523956539121576,-0.28378324471192456,-0.14598289292608593,-0.08768119228540426,0.4269624170384912,0,-0.5256220738726988,FALSE,-0.13393580319245046,0,0,0
LTU,LT,Lithuania,Donor pool,1,1999,1997-2008,0,94,94,89,89,40,49,0.449438202247191,0,1,1.8344424,-0.11101980555091258,1.513334,-0.31256554494319577,-0.35217535598901295,-0.28534463879407496,-0.14598289292608593,-0.08768119228540426,0.40087662080023695,0,-0.4895911770603306,FALSE,0.008827536340604184,0,0,0
LTU,LT,Lithuania,Donor pool,1,2000,1997-2008,0,77,76,76,75,39,36,0.52,0,1,1.9238536,-0.11112548387745828,1.4762640000000002,-0.25599501057157253,-0.3214078399923275,-0.2802571303678538,-0.14598289292608593,-0.08768119228540426,0.37569526413337895,0,-0.21964816983141855,FALSE,-0.06274387688158745,0,0,0
LTU,LT,Lithuania,Donor pool,1,2001,1997-2008,0,85,80,83,79,41,38,0.5189873417721519,0,1,1.7080223,-0.1105374295222764,1.517813,-0.2605794002024963,-0.34202838592631757,-0.27344267302001585,-0.14598289292608593,-0.08768119228540426,0.29166684937481663,1,-0.15664475646199866,FALSE,-0.06163636453458499,0,0,0
LTU,LT,Lithuania,Donor pool,1,2002,1997-2008,0,105,105,101,101,48,53,0.4752475247524752,0,1,1.6588436,-0.11042781215223958,1.59276,-0.17586833444459862,-0.3272957532476703,-0.25535231512791984,-0.1461739583479034,-0.08768119228540426,0.2799723592928952,1,-0.1765470396443894,FALSE,-0.02434082170893064,0,0,0
LTU,LT,Lithuania,Donor pool,1,2003,1997-2008,0,91,91,89,89,46,43,0.5168539325842697,0,1,2.1524012,-0.11039546726812809,1.7032920000000003,-0.2694499081726418,-0.3279264699421412,-0.21540610393875742,-0.1465383503948629,-0.08768119228540426,0.33536662004828954,1,-0.2712237428896711,FALSE,0.01809371265073597,0,0,0
LTU,LT,Lithuania,Donor pool,1,2004,1997-2008,0,90,90,88,88,49,39,0.5568181818181818,0,1,1.8166982,-0.10997970024565079,1.8294688,-0.2544760018507841,-0.33569802059537207,-0.1793460356021423,-0.14670412115023468,-0.08768119228540426,0.32609241345464696,1,-0.31849102386470296,FALSE,-0.024060086691069484,0,0,0
LTU,LT,Lithuania,Donor pool,1,2005,1997-2008,0,99,99,97,97,55,42,0.5670103092783505,0,1,1.7420664000000001,-0.10993817373398554,1.8773339999999998,-0.2513476465757926,-0.33970675932543787,-0.14636107522222822,-0.1467080050545915,-0.08768119228540426,0.195583590605359,1,-0.29858236998735327,FALSE,0.09210378544938343,0,0,0
LTU,LT,Lithuania,Donor pool,1,2006,1997-2008,0,111,111,108,108,62,46,0.5740740740740741,0,1,1.8546211000000001,-0.1095054022809139,1.8100980000000002,-0.27448697656689525,-0.34063430545869094,-0.10659922645560571,-0.1467208988284461,-0.08768119228540426,0.18241471188246192,1,-0.4755102904946329,FALSE,0.11526715060716745,0,0,0
LTU,LT,Lithuania,Donor pool,1,2007,1997-2008,0,94,94,93,93,58,35,0.6236559139784946,0,1,1.64432,-0.10932925620243682,1.728442,-0.31714086639314626,-0.3428184596810928,-0.015941588500987314,-0.14685604687091314,-0.08768119228540426,0.1070980890474833,1,-0.72120715489377,FALSE,0.1290711354495427,0,0,0
LTU,LT,Lithuania,Donor pool,1,2008,1997-2008,0,99,99,97,97,53,44,0.5463917525773195,0,1,1.6319328,-0.1094551497399898,1.7714263,-0.31135406057167214,-0.33189105117585366,0.062238382914078835,-0.14695461326599907,-0.08768119228540426,0.09070643380394143,0,-0.6059527716312981,FALSE,0.00550159156929834,0,0,0
LTU,LT,Lithuania,Donor pool,1,2009,2009-2016,1,84,84,83,83,47,36,0.5662650602409639,0,1,1.6927553,-0.11102785748623073,1.490695,-0.3036532552483856,-0.32232080367288857,-0.028893649861915637,-0.14687952280549632,-0.08768119228540426,-0.021001357144178428,0,0.20134614273824347,FALSE,-0.3044840510611621,0,0,0
LTU,LT,Lithuania,Donor pool,1,2010,2009-2016,1,88,88,87,87,47,40,0.5402298850574713,0,1,1.9470307,-0.11118857977301116,1.436515,-0.3159685773974952,-0.3209724871014505,-0.029635612288393957,-0.14680718755125685,-0.08768119228540426,0.026809228086886284,0,0.09823599144735264,FALSE,-0.21434937813754532,0,0,0
LTU,LT,Lithuania,Donor pool,1,2011,2009-2016,1,99,98,96,96,55,41,0.5729166666666666,0,1,1.7903630000000001,-0.11076498083395124,1.4516679999999997,-0.2985508520385934,-0.30101677830385604,0.04185329601958568,-0.14688125774754404,-0.08768119228540426,-0.04771798916421137,0,-0.11570033864916454,FALSE,-0.15301725475480737,0,0,0
LTU,LT,Lithuania,Donor pool,1,2012,2009-2016,1,92,92,90,90,45,45,0.5,0,1,1.8997766999999999,-0.11110853271519637,1.5121490000000002,-0.2928841135482427,-0.3005538782812768,0.04262739173304492,-0.14675989559401867,-0.08768119228540426,-0.13789822297254073,1,0.010196296990329352,FALSE,0.06305024624556686,0,0,0
LTU,LT,Lithuania,Donor pool,1,2013,2009-2016,1,61,61,61,61,30,31,0.4918032786885246,0,1,1.5205358,-0.11103756688682763,1.639273,-0.2663891087946078,-0.2858903766145917,0.08225024913644265,-0.14681033706253097,-0.08768119228540426,-0.22825930125677604,1,0.1813698743797807,FALSE,0.04301345298371733,0,0,0
LTU,LT,Lithuania,Donor pool,1,2014,2009-2016,1,80,79,78,77,35,42,0.45454545454545453,0,1,1.8910494,-0.11117698831567545,1.6030259999999998,-0.3127389869442328,-0.26034649573075835,0.10604263904741153,-0.14681076094041765,-0.08768119228540426,-0.3362610679492562,1,0.27800591452082235,FALSE,0.10623950509147305,0,0,0
LTU,LT,Lithuania,Donor pool,1,2015,2009-2016,1,78,78,77,77,33,44,0.42857142857142855,0,1,1.3998902,-0.11072879515228114,1.3869669999999998,-0.28714765295587885,-0.24906671682093348,0.04208722967154245,-0.14781564444716924,-0.08768119228540426,-0.3489961069990063,1,-0.04351667646701491,FALSE,0.07129701552659479,0,0,0
LTU,LT,Lithuania,Donor pool,1,2016,2009-2016,1,114,114,113,113,53,60,0.4690265486725664,0,1,1.6711169,-0.11016245216278972,1.310557,-0.2744061015815526,-0.2503325104170904,0.061613502774371984,-0.14781438759232315,-0.08768119228540426,-0.46236352345250403,1,0.038505453699333184,FALSE,0.12546561480499996,0,0,0
LVA,LV,Latvia,Donor pool,1,1997,1997-2008,0,88,85,82,79,36,43,0.45569620253164556,0,1,2.6212660000000003,-0.11391402897781275,1.594769,-0.3576743816144928,-0.3399604203445356,-0.3005555889363648,-0.14800513546232952,-0.11621796982307897,0.41362458171249444,0,-0.19753842794960297,FALSE,0.1696571684525226,1,0,0
LVA,LV,Latvia,Donor pool,1,1998,1997-2008,0,84,83,78,77,38,39,0.4935064935064935,0,1,1.6451091,-0.11380931506466778,1.5937930000000002,-0.3251858054554973,-0.30794714700321196,-0.29221258689014423,-0.14799986163280948,-0.11621796982307897,0.430017692778446,0,-0.4073491676448928,FALSE,0.1597271720888802,1,0,0
LVA,LV,Latvia,Donor pool,1,1999,1997-2008,0,94,89,89,84,35,49,0.4166666666666667,0,1,1.8053634,-0.1137941997144209,1.542413,-0.2937689333301418,-0.3095421192897943,-0.28721402004439106,-0.14800262176788537,-0.11621796982307897,0.40322144970930524,0,-0.38681391594028364,FALSE,0.009759808738621732,1,0,0
LVA,LV,Latvia,Donor pool,1,2000,1997-2008,0,77,76,76,75,37,38,0.49333333333333335,0,1,1.9415626000000001,-0.1138228694116121,1.458555,-0.13402624747875108,-0.3330276688876056,-0.2809170720876867,-0.14799000400753834,-0.11621796982307897,0.37797500782033494,0,-0.15796993839032514,FALSE,-0.006792910739617539,1,0,0
LVA,LV,Latvia,Donor pool,1,2001,1997-2008,0,85,79,83,78,39,39,0.5,0,1,1.7515782999999998,-0.11361346173705557,1.4742570000000002,-0.22805254574418976,-0.3259836548087101,-0.27426283510349375,-0.14797733695906498,-0.11621796982307897,0.2942666130844259,0,-0.3090468941607782,FALSE,0.07949803860997964,1,0,0
LVA,LV,Latvia,Donor pool,1,2002,1997-2008,0,105,103,101,99,46,53,0.46464646464646464,0,1,1.6593806,-0.11325080334981065,1.592223,-0.1973635181462552,-0.32322693177131695,-0.2595992835710071,-0.14798308888341066,-0.11621796982307897,0.2823582608555409,0,-0.2529934963149921,FALSE,0.020378213737007857,1,0,0
LVA,LV,Latvia,Donor pool,1,2003,1997-2008,0,91,91,89,89,48,41,0.5393258426966292,0,1,2.0645442000000003,-0.11304647644906146,1.791149,-0.11550823911736473,-0.29260040218737093,-0.23282913699059624,-0.1480107198070456,-0.11621796982307897,0.3376071679298485,0,-0.32347321683006064,FALSE,-0.011477631171932965,1,0,0
LVA,LV,Latvia,Donor pool,1,2004,1997-2008,0,90,87,88,85,46,39,0.5411764705882353,0,1,1.998843,-0.11286054635645242,1.647324,-0.1795672084115074,-0.3361414637612903,-0.1977078996711403,-0.14802919792561633,-0.11621796982307897,0.3285272121332321,0,-0.5660396197370541,FALSE,0.015271853802217307,1,0,0
LVA,LV,Latvia,Donor pool,1,2005,1997-2008,0,99,99,97,97,53,44,0.5463917525773195,0,1,1.8719834,-0.11251851648785828,1.747417,-0.22660630716842559,-0.33634988237184676,-0.1632066564708379,-0.14801471707409306,-0.11621796982307897,0.1977644134906457,0,-0.5418098808019912,FALSE,0.041117949474243416,1,0,0
LVA,LV,Latvia,Donor pool,1,2006,1997-2008,0,111,111,108,108,60,48,0.5555555555555556,0,1,1.8781330999999999,-0.11190917672152668,1.7865860000000002,-0.2890387738716899,-0.33587849848892115,-0.10655114253008403,-0.14801726527022563,-0.11621796982307897,0.18444630489594413,0,-1.026607747973318,FALSE,0.005820193699294302,1,0,0
LVA,LV,Latvia,Donor pool,1,2007,1997-2008,0,94,94,93,93,56,37,0.6021505376344086,0,1,1.657581,-0.11156628624834192,1.715181,-0.29762326693934005,-0.3322221275936172,0.01567399644506628,-0.14804483704810895,-0.11621796982307897,0.10898875504984402,0,-1.02096336382425,FALSE,-0.025370844334237,1,0,0
LVA,LV,Latvia,Donor pool,1,2008,1997-2008,0,99,98,97,96,51,45,0.53125,0,1,1.6544051,-0.11204092325709823,1.748954,-0.3304023403336052,-0.3410475502441415,0.08345752559414064,-0.14806434035970786,-0.11621796982307897,0.0928918465960275,0,-0.5671646793083498,FALSE,-0.20830377544730852,1,0,0
LVA,LV,Latvia,Donor pool,1,2009,2009-2016,1,84,84,83,83,48,35,0.5783132530120482,0,1,1.5896089,-0.11340326233671702,1.5938414,-0.3449090849111542,-0.32130187554768513,-0.0247307379675039,-0.1480497116438055,-0.11621796982307897,-0.018993741197813836,0,0.5108999259814344,FALSE,-0.35097904064183094,1,0,0
LVA,LV,Latvia,Donor pool,1,2010,2009-2016,1,88,87,87,86,46,40,0.5348837209302325,0,1,1.9541617000000002,-0.1135258054137611,1.429384,-0.3316790115526643,-0.31261761724396064,-0.04846358054823108,-0.14803496956521256,-0.11621796982307897,0.028784576190458357,0,0.18820257368470658,FALSE,-0.32619418446993625,1,0,0
LVA,LV,Latvia,Donor pool,1,2011,2009-2016,1,99,97,96,95,54,41,0.5684210526315789,0,1,1.7983989999999999,-0.11312222957634133,1.4436319999999998,-0.3210526045782924,-0.29376957029676687,0.0019092624106686745,-0.14805226476875075,-0.11621796982307897,-0.04572571817772973,0,-0.0877917039213106,FALSE,-0.073858199576499875,1,0,0
LVA,LV,Latvia,Donor pool,1,2012,2009-2016,1,92,91,90,89,44,45,0.4943820224719101,0,1,1.9004207000000002,-0.11312614863502882,1.511505,-0.34662216669883483,-0.2831982899480477,0.014450671360283258,-0.1480252696619458,-0.11621796982307897,-0.13619299874793547,0,-0.10516682010725686,FALSE,0.10090555007856657,1,0,0
LVA,LV,Latvia,Donor pool,1,2013,2009-2016,1,61,58,61,58,30,28,0.5172413793103449,0,1,1.5300988,-0.11323144127455075,1.62971,-0.34726291960821176,-0.25969341047332334,0.04839553611800047,-0.1480356103108552,-0.11621796982307897,-0.22640510903172756,0,-0.05458680354585076,FALSE,0.13429549579075933,1,0,0
LVA,LV,Latvia,Donor pool,1,2014,2009-2016,1,80,80,78,78,38,40,0.48717948717948717,0,1,1.8908754,-0.11319865047083691,1.6032,-0.35248034059689004,-0.2297347309217633,0.06900548438794155,-0.14790351624137238,-0.11621796982307897,-0.334552423976405,0,0.008481909446898528,FALSE,0.021341166034167077,1,0,0
LVA,LV,Latvia,Donor pool,1,2015,2009-2016,1,78,78,77,77,35,42,0.45454545454545453,0,1,1.3775502,-0.11336673796581144,1.4093069999999999,-0.33972722923077275,-0.20594093314616843,0.014233956083225974,-0.14781564444716924,-0.11621796982307897,-0.3467666023918406,0,0.06337787840084849,FALSE,0.008318979062607196,1,0,0
LVA,LV,Latvia,Donor pool,1,2016,2009-2016,1,114,113,113,112,55,57,0.49107142857142855,0,1,1.6326509,-0.11332693017695124,1.3490229999999999,-0.33438293418125903,-0.21268556903074545,0.029413541783604353,-0.14781438759232315,-0.11621796982307897,-0.45968900819172576,0,0.18167513254784987,FALSE,0.1596699357733387,1,0,0
MAR,MA,Morocco,Donor pool,1,1997,1997-2008,0,88,80,82,76,63,13,0.8289473684210527,0,1,0.4036873000000001,-0.10062360448507969,3.8123477,-0.3052034229233648,-0.2695974353525143,-0.33497704026736896,-0.1427138441448759,-0.2519297588246469,0.4023919414574621,0,0.08434540964633401,FALSE,0.12525177714715716,0,0,0
MAR,MA,Morocco,Donor pool,1,1998,1997-2008,0,84,82,78,77,62,15,0.8051948051948052,0,1,0.36229720000000004,-0.10003617079716504,3.6011993,-0.294205529593837,-0.18651782025426428,-0.3277826029626979,-0.14266811905717455,-0.2519297588246469,0.41837707326158174,1,0.07967044715301372,FALSE,-0.018681841510738345,0,0,0
MAR,MA,Morocco,Donor pool,1,1999,1997-2008,0,94,89,89,85,71,14,0.8352941176470589,0,1,0.1492808,-0.10182192268256703,3.4970572,-0.2814701878401308,-0.24641123029503614,-0.3287407621961248,-0.14254982558239607,-0.2519297588246469,0.3931028653852358,1,0.0768890987774107,FALSE,-0.0072775519467925456,0,0,0
MAR,MA,Morocco,Donor pool,1,2000,1997-2008,0,77,70,76,70,63,7,0.9,0,1,0.22433110000000006,-0.10172245745184039,3.1757865,-0.28613494069017337,-0.24885627437337748,-0.3327760973194418,-0.14206411061525973,-0.2519297588246469,0.3677481279673914,1,0.03668796793555936,FALSE,-0.0036848645047601694,0,0,0
MAR,MA,Morocco,Donor pool,1,2001,1997-2008,0,85,78,83,78,70,8,0.8974358974358975,0,1,0.40551079999999995,-0.09916535284072701,3.6313461,-0.28897816434658213,-0.2126610419596438,-0.3325497422780952,-0.14166349347122514,-0.2519297588246469,0.28205553512474635,1,0.29521078871455547,FALSE,-0.16105175341760702,0,0,0
MAR,MA,Morocco,Donor pool,1,2002,1997-2008,0,105,101,101,99,87,12,0.8787878787878788,0,1,0.5459784000000001,-0.09952815307487166,3.7975820000000002,-0.30424193284980533,-0.16523391138368665,-0.329870225063797,-0.14183051614500636,-0.2519297588246469,0.27076031724070077,0,0.2660887945198916,FALSE,-0.15666119239523763,0,0,0
MAR,MA,Morocco,Donor pool,1,2003,1997-2008,0,91,91,89,89,81,8,0.9101123595505618,0,1,0.20651780000000008,-0.09936956047239312,4.0622110000000005,-0.3222079695142005,-0.14941744606257681,-0.31958465205173975,-0.14268588200503182,-0.2519297588246469,0.32604787747616715,0,0.2438384330878077,FALSE,-0.11005647389895808,0,0,0
MAR,MA,Morocco,Donor pool,1,2004,1997-2008,0,90,87,88,85,80,5,0.9411764705882353,0,1,0.19292299999999996,-0.0996855859848704,3.8390899999999997,-0.3269971923084511,-0.16762524207932944,-0.3123874802768277,-0.14310366787927237,-0.2519297588246469,0.31739215844783547,0,0.1757206606249189,FALSE,-0.1278894363445104,0,0,0
MAR,MA,Morocco,Donor pool,1,2005,1997-2008,0,99,97,97,95,81,14,0.8526315789473684,0,1,0.2855394,-0.10128161883630522,3.9049398,-0.33991351809180803,-0.12210787850578728,-0.3106022212521229,-0.1431054471806338,-0.2519297588246469,0.1882673482184624,0,0.1781437170537445,FALSE,-0.14994151999905275,0,0,0
MAR,MA,Morocco,Donor pool,1,2006,1997-2008,0,111,110,108,107,87,20,0.8130841121495327,0,1,0.18885470000000004,-0.10104635883238076,3.4758644000000003,-0.32071564158257965,-0.10557723059569979,-0.30478208498475146,-0.14314650911870067,-0.2519297588246469,0.17526539983369968,0,0.19699067011350985,FALSE,0.07687944571053693,0,0,1
MAR,MA,Morocco,Donor pool,1,2007,1997-2008,0,94,93,93,92,83,9,0.9021739130434783,0,1,0.09028939999999996,-0.10114373175941459,3.4630514000000003,-0.3338069609179553,-0.1393641346388452,-0.29532162958520863,-0.14350330586538879,-0.2519297588246469,0.10017994648420266,1,0.08880531363025958,FALSE,0.2229817206958534,0,0,1
MAR,MA,Morocco,Donor pool,1,2008,1997-2008,0,99,97,97,95,72,23,0.7578947368421053,0,1,0.0067030000000000145,-0.10035997464833593,3.4100620999999998,-0.315984525557665,-0.1434631987552654,-0.2825810757319158,-0.14376473501639148,-0.2519297588246469,0.08301948370562577,1,-0.14416448766052528,FALSE,0.24976705912332575,0,0,1
MAR,MA,Morocco,Donor pool,1,2009,2009-2016,1,84,83,83,82,66,16,0.8048780487804879,0,1,0.10374070000000002,-0.09975443485870032,3.287191,-0.32487201710820385,-0.13129498615193558,-0.2844470889379104,-0.14358329063683864,-0.2519297588246469,-0.030529292153871134,1,-0.16943357839624162,FALSE,0.1470991297867566,0,0,1
MAR,MA,Morocco,Donor pool,1,2010,2009-2016,1,88,88,87,87,78,9,0.896551724137931,0,1,0.20151200000000002,-0.10023693293773753,3.1820337,-0.27335636135578645,-0.03232217628993839,-0.28595617567741993,-0.14337033142929403,-0.2519297588246469,0.01755324765014004,1,-0.11409510406551647,FALSE,-0.11461669858436943,0,0,1
MAR,MA,Morocco,Donor pool,1,2011,2009-2016,1,99,98,96,96,73,23,0.7604166666666666,0,1,0.16447259999999997,-0.09961363296584619,3.0775584,-0.27710191514540333,-0.12099611851328965,-0.2789641348276358,-0.14356390561674298,-0.2519297588246469,-0.057142750504952114,0,-0.29667926027787084,FALSE,-0.3073303526297307,0,0,1
MAR,MA,Morocco,Donor pool,1,2012,2009-2016,1,92,92,90,90,72,18,0.8,0,1,0.17186409999999996,-0.09881775973106394,3.2400616,-0.2800288688101078,-0.035061322640246154,-0.2830377206859436,-0.14324536458864764,-0.2519297588246469,-0.14828598985406655,0,-0.3877301611537341,FALSE,-0.40721600829394144,0,0,1
MAR,MA,Morocco,Donor pool,1,2013,2009-2016,1,61,60,61,60,51,9,0.85,0,1,0.1982444,-0.09766275342409017,3.3580532,-0.2836652539937615,-0.06593906627296928,-0.2765878693597929,-0.14337722452158333,-0.2519297588246469,-0.23956326436098183,0,-0.27019032331509285,FALSE,-0.2400370556565144,0,0,1
MAR,MA,Morocco,Donor pool,1,2014,2009-2016,1,80,78,78,76,66,10,0.868421052631579,0,1,0.1290633,-0.0971188919688943,3.3650121,-0.29358203399403726,-0.09873225369728252,-0.2749019054548076,-0.14337673197261014,-0.2519297588246469,-0.3481425198186319,0,-0.22637459201659377,FALSE,-0.2208373661792561,0,0,1
MAR,MA,Morocco,Donor pool,1,2015,2009-2016,1,78,78,77,77,61,16,0.7922077922077922,0,1,0.30510329999999997,-0.098275488458026,3.0919605,-0.2849103813755193,-0.08527048308608687,-0.2834950726623833,-0.14257352580979363,-0.2519297588246469,-0.3595212421561745,0,-0.01936746105285032,FALSE,0.2438165062922776,0,0,1
MAR,MA,Morocco,Donor pool,1,2016,2009-2016,1,114,112,113,111,88,23,0.7927927927927928,0,1,0.1975051,-0.09846514600894447,3.179179,-0.2922578871526526,-0.07940776879227243,-0.28363576997907797,-0.1425480175767127,-0.2519297588246469,-0.4722497112150512,0,-0.12261755927951765,FALSE,-0.16600888574469097,0,0,1
MDA,MD,Moldova,Donor pool,1,1997,1997-2008,0,88,83,82,77,38,39,0.4935064935064935,0,1,2.311083,-0.11578679920972905,1.9049520000000002,-0.28402079952974774,-0.3494915173789838,-0.35793550372531485,-0.14561406987656703,0.014053560312534082,0.41520738701016935,0,-0.673979465079718,FALSE,-0.34499696630552196,0,0,0
MDA,MD,Moldova,Donor pool,1,1998,1997-2008,0,84,79,78,74,40,34,0.5405405405405406,0,1,1.4133481,-0.11593268362665475,1.8255540000000001,-0.10509918042938932,-0.35176514873968295,-0.3602440261370569,-0.1451721821085386,0.014053560312534082,0.43181229574230745,0,-0.9693820906705078,FALSE,-0.1500126692771026,0,0,0
MDA,MD,Moldova,Donor pool,1,1999,1997-2008,0,94,90,89,85,40,45,0.47058823529411764,0,1,1.6469136,-0.11603228928680548,1.7008628,-0.059200440131414594,-0.359240166270991,-0.3655110921257171,-0.1421290691127801,0.014053560312534082,0.4051130111894429,0,-0.21720940589963744,FALSE,-0.10531353291081609,0,0,0
MDA,MD,Moldova,Donor pool,1,2000,1997-2008,0,77,73,76,72,41,31,0.5694444444444444,0,1,1.643318,-0.11606862851482805,1.7567996000000001,-0.07886593830844586,-0.18860510598297114,-0.3643051075665535,-0.1409944120847606,0.014053560312534082,0.37987305134179533,0,-0.31582025830880894,FALSE,0.04021442592819841,0,0,0
MDA,MD,Moldova,Donor pool,1,2001,1997-2008,0,85,77,83,76,45,31,0.5921052631578947,0,1,1.4803267,-0.11603545153618729,1.7455086,-0.18494096741341604,-0.13003488075001982,-0.3623401743290387,-0.1407395382545632,0.014053560312534082,0.296313601134347,1,-0.0014325555117800507,FALSE,0.14533649807036358,0,0,0
MDA,MD,Moldova,Donor pool,1,2002,1997-2008,0,105,98,101,94,48,46,0.5106382978723404,0,1,1.4018061,-0.11598554077605987,1.8497975,-0.2334768574047097,-0.2730789440379429,-0.360477200217481,-0.14032235024529538,0.014053560312534082,0.28466957316297153,1,0.031950395470867934,FALSE,0.06512217724640243,0,0,0
MDA,MD,Moldova,Donor pool,1,2003,1997-2008,0,91,89,89,87,49,38,0.5632183908045977,0,1,1.6688102,-0.11594126201370651,2.186883,-0.28255296401241364,-0.2452484598278366,-0.3572000514000772,-0.14010091693018645,0.014053560312534082,0.3400537477874662,1,-0.25893371799919906,FALSE,0.27900307195816987,0,0,0
MDA,MD,Moldova,Donor pool,1,2004,1997-2008,0,90,86,88,84,49,35,0.5833333333333334,0,1,1.5235926000000002,-0.11593263180029997,2.1225744,-0.29543944195731225,-0.3579282883796427,-0.35088610692573313,-0.1410562193952105,0.014053560312534082,0.3311236401587123,1,3.6379992063696395e-4,FALSE,0.13136585198186843,0,0,0
MDA,MD,Moldova,Donor pool,1,2005,1997-2008,0,99,83,97,81,47,34,0.5802469135802469,0,1,1.5192373,-0.11601817799768689,2.1001631,-0.3014636333823478,-0.35825109270529454,-0.34685389648518067,-0.1408965800827574,0.014053560312534082,0.2007222150850028,1,-0.31232901430214727,FALSE,0.28391940445977126,0,0,0
MDA,MD,Moldova,Donor pool,1,2006,1997-2008,0,111,104,108,101,54,47,0.5346534653465347,0,1,1.9063291000000002,-0.11601935872525046,1.7583900000000001,-0.33136016459355655,-0.3535884542112661,-0.34248611232058784,-0.14058225984336253,0.014053560312534082,0.18792009881846167,1,-0.5168664176932259,FALSE,0.1758075078625635,0,0,0
MDA,MD,Moldova,Donor pool,1,2007,1997-2008,0,94,93,93,92,57,35,0.6195652173913043,0,1,1.5134669,-0.11598430095493825,1.8592951000000002,-0.36769037165495844,-0.34892101396056946,-0.33225402101622015,-0.14116846128973445,0.014053560312534082,0.11272271929363235,1,-0.7283836009074635,FALSE,0.12924941912127147,0,0,0
MDA,MD,Moldova,Donor pool,1,2008,1997-2008,0,99,99,97,97,54,43,0.5567010309278351,0,1,1.5199981,-0.11585985136727392,1.8833609999999998,-0.38455157731410555,-0.3371304399944591,-0.31522939544776846,-0.1422022706455887,0.014053560312534082,0.09611948207485543,1,-0.7751213920168573,FALSE,0.10945815282742664,0,0,0
MDA,MD,Moldova,Donor pool,1,2009,2009-2016,1,84,84,83,83,48,35,0.5783132530120482,0,1,1.5601601999999999,-0.11605803446767078,1.6232901000000002,-0.3748745413747336,-0.3282805171927683,-0.32146264185681267,-0.14177788109820952,0.014053560312534082,-0.016750012991660585,0,-0.3860812086431409,FALSE,-0.314223096419256,0,0,0
MDA,MD,Moldova,Donor pool,1,2010,2009-2016,1,88,88,87,87,50,37,0.5747126436781609,0,1,1.7495895,-0.11606998964699967,1.6339562,-0.3730855968736242,-0.30699147527539883,-0.3056421908900852,-0.14103283062489963,0.014053560312534082,0.030934839054531135,0,-0.276977383167671,FALSE,-0.0018694323308448293,0,0,0
MDA,MD,Moldova,Donor pool,1,2011,2009-2016,1,99,98,96,96,56,40,0.5833333333333334,0,1,1.6924104,-0.11604922790005567,1.5496206,-0.3790959957476264,-0.27901319899015153,-0.29081490343138544,-0.14140583240543206,0.014053560312534082,-0.043251913129941685,0,-0.4512680680925249,FALSE,0.0466900015704584,0,0,0
MDA,MD,Moldova,Donor pool,1,2012,2009-2016,1,92,92,90,90,47,43,0.5222222222222223,0,1,1.7928682,-0.11610383547525298,1.6190575000000003,-0.36964969222961996,-0.25031347428967193,-0.2877749921455028,-0.14118532265359224,0.014053560312534082,-0.1336763533927271,0,-0.3033395510384518,FALSE,0.028446304359386058,0,0,0
MDA,MD,Moldova,Donor pool,1,2013,2009-2016,1,61,60,61,60,30,30,0.5,0,1,1.4385710999999999,-0.11608151626374894,1.7212377,-0.36994273711360215,-0.2564000762059427,-0.2796574236060613,-0.140904191412648,0.014053560312534082,-0.2239963171175911,0,-0.18286808445033365,FALSE,0.05443220991174845,0,0,0
MDA,MD,Moldova,Donor pool,1,2014,2009-2016,1,80,79,78,77,38,39,0.4935064935064935,0,1,1.7685222999999999,-0.11603027208984236,1.7255531,-0.36763396105390683,-0.2248089830113506,-0.2805709407982693,-0.1400472441025828,0.014053560312534082,-0.33215922825853705,0,-0.23054652027694791,FALSE,0.052256177913522384,0,0,0
MDA,MD,Moldova,Donor pool,1,2015,2009-2016,1,78,77,77,76,36,40,0.47368421052631576,0,1,1.1324148,-0.11617821389065457,1.6544423999999998,-0.3590967870453812,-0.2223420365531296,-0.2964515345973781,-0.13721839442178724,0.014053560312534082,-0.3443904331681478,0,-0.2246626031558803,FALSE,0.03467100909294602,0,0,0
MDA,MD,Moldova,Donor pool,1,2016,2009-2016,1,114,111,113,110,57,53,0.5181818181818182,0,1,1.3095926,-0.11620970540646691,1.6720812999999999,-0.36739494193712524,-0.19720340656555413,-0.2935852856182801,-0.13656462542600595,0.014053560312534082,-0.4572525790839141,1,-0.09907829277117117,FALSE,-0.017702397864225627,0,0,0
MDG,MG,Madagascar,Donor pool,1,1997,1997-2008,0,88,59,82,56,47,9,0.8392857142857143,0,1,0.8859692,-0.11493934574536323,3.3300658000000003,-0.155662534578464,-0.2765158405021237,-0.3688942889668381,0.453859815125395,0.9166373912657285,0.41449114653919705,1,-0.15968754996966636,FALSE,-0.0057587265527648665,0,0,0
MDG,MG,Madagascar,Donor pool,1,1998,1997-2008,0,84,66,78,63,52,11,0.8253968253968254,0,1,0.2007176,-0.11492857060032222,3.4396197,-0.15890888703931566,-0.23816286617856142,-0.36889954680603837,0.49532246565950994,0.9166373912657285,0.4309636516371967,1,-0.2591631661868709,FALSE,-0.2925283700820131,0,0,0
MDG,MG,Madagascar,Donor pool,1,1999,1997-2008,0,94,68,89,64,51,13,0.796875,0,1,0.22661399999999998,-0.11491848070547098,3.1211624000000002,-0.1483707232555714,-0.24121655518167598,-0.36939419023330766,0.5949684678651144,0.9166373912657285,0.40417165592167603,1,-0.18746388315990084,FALSE,-0.042427959528926945,0,0,0
MDG,MG,Madagascar,Donor pool,1,2000,1997-2008,0,77,69,76,68,57,11,0.8382352941176471,0,1,0.018265099999999923,-0.1149491758231428,3.4183827,0.00618206879330322,-0.22586582189694415,-0.3690144481509868,0.6521867580225652,0.9166373912657285,0.37892692585309434,1,-0.20795608753703423,FALSE,0.018962456694825696,0,0,0
MDG,MG,Madagascar,Donor pool,1,2001,1997-2008,0,85,74,83,74,63,11,0.8513513513513513,0,1,0.09581050000000002,-0.11482330788039921,3.1300248,0.2143170756585625,-0.20331713556604472,-0.36786836755619556,0.6310141561602423,0.9166373912657285,0.29528913621749353,1,-0.0429118086417916,FALSE,-0.11065383869382427,0,0,0
MDG,MG,Madagascar,Donor pool,1,2002,1997-2008,0,105,94,101,90,62,28,0.6888888888888889,0,1,0.32777309999999993,-0.11510630944449055,2.9238304999999998,0.21939032037134462,-0.1057044910072901,-0.36828981265227856,0.6598136026948296,0.9166373912657285,0.28392647505847746,0,-0.385742401157388,FALSE,-0.14939306129719732,0,0,0
MDG,MG,Madagascar,Donor pool,1,2003,1997-2008,0,91,85,89,83,71,12,0.8554216867469879,0,1,0.393571,-0.1149616541464363,3.4621222,0.4395063353300624,-0.17898895118158142,-0.36688871846214194,0.5840694830603569,0.9166373912657285,0.33922581465635676,0,-0.18196937799223584,FALSE,-0.10716190647761663,0,0,0
MDG,MG,Madagascar,Donor pool,1,2004,1997-2008,0,90,83,88,82,70,12,0.8536585365853658,0,1,0.28256520000000007,-0.11493942485034327,3.3636017999999996,0.4704392778914257,-0.14727830202692424,-0.3692519536575513,0.957001289368505,0.9166373912657285,0.33028421351934795,0,-0.3297261442052898,FALSE,-0.16896097152288841,0,0,0
MDG,MG,Madagascar,Donor pool,1,2005,1997-2008,0,99,63,97,62,55,7,0.8870967741935484,0,1,0.3116759,-0.11515111514859198,3.3077245,0.35846963650093094,-0.10342074152826299,-0.3682642377400985,1.0363559614110303,0.9166373912657285,0.199989401391376,0,-0.5813992879062557,FALSE,-0.17898711299540063,0,0,0
MDG,MG,Madagascar,Donor pool,1,2006,1997-2008,0,111,49,108,46,36,10,0.782608695652174,0,1,0.5562913,-0.11508099712232311,3.1084278000000003,0.21687742608053312,-0.01685495262185709,-0.3677254439543043,1.118731699870399,0.9166373912657285,0.18712702570626896,0,-0.39880934132540635,FALSE,0.13779066793236439,0,0,0
MDG,MG,Madagascar,Donor pool,1,2007,1997-2008,0,94,68,93,67,60,7,0.8955223880597015,0,1,0.36246210000000006,-0.1148889368146029,3.0102999,0.2446789741023205,0.022001489046806016,-0.3649219481834398,0.9599697160664008,0.9166373912657285,0.11179695267546509,0,-0.4383238476274003,FALSE,-0.031560129325603786,0,0,0
MDG,MG,Madagascar,Donor pool,1,2008,1997-2008,0,99,79,97,77,64,13,0.8311688311688312,0,1,0.26630950000000003,-0.11461541629952879,3.1370495999999997,0.215108553103337,0.3143380040348669,-0.36218807843326595,0.8620800469553457,0.9166373912657285,0.09506772549293697,0,-0.7493844033975354,FALSE,0.02891927667190267,0,0,0
MDG,MG,Madagascar,Donor pool,1,2009,2009-2016,1,84,74,83,73,66,7,0.9041095890410958,0,1,0.2229774,-0.11435014827224102,2.9604729,0.11161195134795808,0.3715116849009593,-0.36413535542222436,1.0086639204994043,0.9166373912657285,-0.01819346359327933,1,-0.8865247804496406,FALSE,0.01124798521287409,0,0,0
MDG,MG,Madagascar,Donor pool,1,2010,2009-2016,1,88,80,87,79,70,9,0.8860759493670886,0,1,0.43968760000000007,-0.11473271161264449,2.9438581,-0.18080636038432912,1.0124826695059532,-0.3640267975523294,1.087767913131287,0.9166373912657285,0.029804614576819457,1,-0.3876322020466323,FALSE,0.11507273443041206,0,0,0
MDG,MG,Madagascar,Donor pool,1,2011,2009-2016,1,99,85,96,83,71,12,0.8554216867469879,0,1,0.3618357,-0.11484512423496121,2.8801952999999996,-0.2786825675229434,0.7815756233409469,-0.36237662477116955,1.0494222437078997,0.9166373912657285,-0.04426958290468585,0,-0.26750918925971096,FALSE,0.06585089455459142,0,0,0
MDG,MG,Madagascar,Donor pool,1,2012,2009-2016,1,92,71,90,69,54,15,0.782608695652174,0,1,0.4145688,-0.11478569437134145,2.9973569,-0.2575319720886029,0.6825977200914461,-0.36274843705324983,1.1498808099646063,0.9166373912657285,-0.13479040395098496,0,-0.30726338328742825,FALSE,0.089494667072816,0,0,0
MDG,MG,Madagascar,Donor pool,1,2013,2009-2016,1,61,42,61,42,36,6,0.8571428571428571,0,1,1.5609999999999236e-4,-0.1148623257959658,3.1596527,-0.2180333108347282,0.9474338141448811,-0.36210809484106715,1.1569472486402077,0.9166373912657285,-0.2250267377737908,0,-0.25548745574155934,FALSE,0.041395947981410344,0,0,0
MDG,MG,Madagascar,Donor pool,1,2014,2009-2016,1,80,67,78,65,44,21,0.676923076923077,0,1,0.86475986,-0.1148709608790812,2.62931554,-0.1864462810278501,0.4542750506031223,-0.3623906940706832,1.2799097876283485,0.9166373912657285,-0.33313904088839147,0,0.06128587887544713,FALSE,0.0023062764594338108,0,0,0
MDG,MG,Madagascar,Donor pool,1,2015,2009-2016,1,78,58,77,57,43,14,0.7543859649122807,0,1,0.19701130000000003,-0.11492643702060065,2.9838685,-0.08391729284377626,0.7578176988518988,-0.36416459985439614,1.5866968297910393,0.9166373912657285,-0.34544839480575923,0,-0.02581551997752098,FALSE,0.036989773358400695,0,0,0
MDG,MG,Madagascar,Donor pool,1,2016,2009-2016,1,114,89,113,88,66,22,0.75,0,1,0.13730869999999995,-0.11479153386708553,3.1189826,0.00469829451678244,0.6057485123831586,-0.36391038852935814,1.7304392428507016,0.9166373912657285,-0.4584511721559792,0,0.116851072247446,FALSE,0.10560075702639138,0,0,0
MDV,MV,Maldives,Donor pool,1,1997,1997-2008,0,88,86,82,80,65,15,0.8125,0,1,0.6028813000000001,-0.11706194309701652,3.6131537000000002,0.12420675265887669,-0.35992996725897497,-0.32146286246066147,-0.14138726802469048,0.9372936026764431,0.41628509770083505,0,-0.2729847113039355,FALSE,0.0406847856474862,0,0,0
MDV,MV,Maldives,Donor pool,1,1998,1997-2008,0,84,77,78,73,57,16,0.7808219178082192,0,1,0.014467300000000016,-0.1170446909866723,3.2244348,0.4738287437299774,-0.3523006913605302,-0.31905458124474656,-0.14138726802469048,0.9372936026764431,0.43275212867562396,0,-0.12255609625892165,FALSE,-0.027740373454683415,0,0,0
MDV,MV,Maldives,Donor pool,1,1999,1997-2008,0,94,91,89,86,65,21,0.7558139534883721,0,1,0.24554359999999997,-0.1170335122037001,3.1022328,0.8282510278078843,-0.35896418782135836,-0.31483247268833653,-0.14138726802469048,0.9372936026764431,0.40595921266680907,0,-0.6281599825667572,FALSE,-0.09506467044716031,0,0,0
MDV,MV,Maldives,Donor pool,1,2000,1997-2008,0,77,74,76,73,60,13,0.821917808219178,0,1,0.19069760000000002,-0.117041692815862,3.20942,0.8764829503066255,-0.3581740153073745,-0.31219497632826854,-0.14138726802469048,0.9372936026764431,0.38069545406072297,0,-0.3496010101862984,FALSE,-0.16994687953051277,0,0,0
MDV,MV,Maldives,Donor pool,1,2001,1997-2008,0,85,79,83,79,68,11,0.8607594936708861,0,1,0.05726039999999999,-0.11707551845567614,3.1685749000000003,0.8104338633543408,-0.3518572475808336,-0.2880946012126444,-0.14110805078888608,0.9372936026764431,0.2971926323160946,0,-0.26869073394015697,FALSE,-0.17626894208605448,0,0,0
MDV,MV,Maldives,Donor pool,1,2002,1997-2008,0,105,95,101,93,78,15,0.8387096774193549,0,1,0.038417799999999946,-0.1170638643490149,3.2131857999999998,0.8216480800034712,-0.3597957975302153,-0.28685632507906533,-0.14077806678293536,0.9372936026764431,0.28558093764046805,0,-0.11818136324365926,FALSE,-0.1764193778890487,0,0,0
MDV,MV,Maldives,Donor pool,1,2003,1997-2008,0,91,88,89,86,77,9,0.8953488372093024,0,1,0.26529270000000005,-0.11703409698489291,3.5904005000000003,0.7566379184619173,-0.3588883434531829,-0.272971055738587,-0.14077806678293536,0.9372936026764431,0.3409773768330376,0,-0.0644998628248724,FALSE,-0.13120633514084212,0,0,0
MDV,MV,Maldives,Donor pool,1,2004,1997-2008,0,90,83,88,81,76,5,0.9382716049382716,0,1,0.12707069999999998,-0.11701929073775592,3.5190963,0.4351876605940307,-0.34763197174234745,-0.2576406332683913,-0.14077806678293536,0.9372936026764431,0.3320420494187801,0,-0.44292937002927324,FALSE,-0.02824515124998574,0,0,0
MDV,MV,Maldives,Donor pool,1,2005,1997-2008,0,99,97,97,95,84,11,0.8842105263157894,0,1,0.13111929999999994,-0.11711112156444257,3.7505197,-0.2901770510197609,-0.35567891915950334,-0.26568502776549713,-0.14077806678293536,0.9372936026764431,0.20164593591206414,0,-1.1729555589089493,FALSE,-0.5090016904551132,0,0,0
MDV,MV,Maldives,Donor pool,1,2006,1997-2008,0,111,105,108,102,95,7,0.9313725490196079,0,1,0.28541890000000003,-0.117074803915247,3.3793002000000003,-0.37764556167851043,-0.30980081412155713,-0.2297622714991485,-0.14077806678293536,0.9372936026764431,0.18881212722091179,0,-0.9405463134878262,FALSE,-0.22457091680008062,0,0,0
MDV,MV,Maldives,Donor pool,1,2007,1997-2008,0,94,86,93,85,81,4,0.9529411764705882,0,1,0.15505269999999993,-0.11702011597223815,3.5278147,-0.3548983142399748,-0.341424832987461,-0.20804103350206274,-0.14077806678293536,0.9372936026764431,0.1135981569041055,0,-0.6822265489385394,FALSE,-0.1059294233667594,0,0,0
MDV,MV,Maldives,Donor pool,1,2008,1997-2008,0,99,92,97,90,78,12,0.8666666666666667,0,1,0.11411539999999998,-0.1169774243860747,3.2892437,-0.35948443014953585,-0.2488244234174746,-0.178674323047798,-0.14077806678293536,0.9372936026764431,0.09706401892435806,0,-1.3601343144895124,FALSE,-0.6924968557616102,0,0,0
MDV,MV,Maldives,Donor pool,1,2009,2009-2016,1,84,81,83,80,72,8,0.9,0,1,0.26503350000000003,-0.11698594577870175,2.9184168,-0.35736572723573606,-0.3438078789241892,-0.1793619987242801,-0.14077806678293536,0.9372936026764431,-0.01596577213080016,0,-0.41291385362625554,FALSE,-1.3821331563247492,0,0,0
MDV,MV,Maldives,Donor pool,1,2010,2009-2016,1,88,88,87,87,76,11,0.8735632183908046,0,1,0.46227470000000004,-0.11688405377001683,2.921271,-0.3783467527922261,-0.32170200544704053,-0.1664447840574991,-0.14077806678293536,0.9372936026764431,0.03162285992575174,0,-0.3133937715057747,FALSE,-0.9961738705550693,0,0,0
MDV,MV,Maldives,Donor pool,1,2011,2009-2016,1,99,97,96,95,78,17,0.8210526315789474,0,1,0.4521959,-0.11678263909676323,2.7898351,-0.3665848841043071,-0.3498581023953574,-0.15907101921118166,-0.13971225536819265,0.9372936026764431,-0.04263205752366406,0,-0.6511776387532306,FALSE,-0.4227242790886108,0,0,0
MDV,MV,Maldives,Donor pool,1,2012,2009-2016,1,92,91,90,89,70,19,0.7865168539325843,0,1,0.2580743,-0.11685180105768232,3.1538514,-0.20881812250486903,-0.34753259970874806,-0.1579902865313437,-0.13926107565708717,0.9372936026764431,-0.1330441968867274,1,-0.2493640314407794,FALSE,-0.4309039883679471,0,0,0
MDV,MV,Maldives,Donor pool,1,2013,2009-2016,1,61,59,61,59,50,9,0.847457627118644,0,1,0.03914769999999995,-0.11678632421161494,3.1206611,-0.14708048989645742,-0.33457741342539993,-0.13522215131412846,-0.13925996684344566,0.9372936026764431,-0.22340063605927757,0,-0.11273053731450845,FALSE,-0.1347938077228723,0,0,0
MDV,MV,Maldives,Donor pool,1,2014,2009-2016,1,80,77,78,75,63,12,0.84,0,1,0.1318182,-0.11672715847246629,3.3622572,-0.014261846393385059,-0.33161624082733904,-0.1145637350757215,-0.13925187364173452,0.9372936026764431,-0.33157024225294124,0,-0.07597023461776982,FALSE,-0.008863220486947468,0,0,0
MDV,MV,Maldives,Donor pool,1,2015,2009-2016,1,78,77,77,76,58,18,0.7631578947368421,0,1,0.41958419999999996,-0.11672883203775401,3.2064414,-0.06295475832695673,-0.3486041042026999,-0.09382186150832436,-0.13926019089292677,0.9372936026764431,-0.34392506838106823,0,-0.2987804031691141,FALSE,-0.2969755613860698,0,0,0
MDV,MV,Maldives,Donor pool,1,2016,2009-2016,1,114,113,113,112,84,28,0.75,0,1,0.048275999999999986,-0.11664924802373443,3.0299499,-0.13896585348371085,-0.3465266364509346,-0.08492069425226674,-0.13925896275468724,0.9372936026764431,-0.45688109176992936,0,-1.1699094897807967,FALSE,-0.5625895505319265,0,0,0
MEX,MX,Mexico,Donor pool,1,1997,1997-2008,0,88,88,82,82,66,16,0.8048780487804879,0,1,0.7232045,0.06441326896413756,3.4928305,1.5928886102227746,-0.33212885659226615,-0.21364639765620455,-0.1436652903068939,-0.7052819870816742,0.2629080725047464,0,0.016912744008397766,TRUE,0.10065787520782829,0,0,1
MEX,MX,Mexico,Donor pool,1,1998,1997-2008,0,84,84,78,78,65,13,0.8333333333333334,0,1,0.2505808,0.06898972580316426,3.4894829,1.6454568964758909,-0.3391270325537189,-0.2058490856599626,-0.14294514242918677,-0.7052819870816742,0.27552180996025477,0,-0.061305771760001106,TRUE,0.12421889667530504,0,0,1
MEX,MX,Mexico,Donor pool,1,1999,1997-2008,0,94,94,89,89,72,17,0.8089887640449438,0,1,0.16845099999999996,0.07798785411607628,3.1793254,1.6570143271566447,-0.3406571757794735,-0.1862401746693451,-0.1426941540312781,-0.7052819870816742,0.24113341262462867,0,-0.022948513803832317,TRUE,0.13338619975611785,0,0,1
MEX,MX,Mexico,Donor pool,1,2000,1997-2008,0,77,77,76,76,62,14,0.8157894736842105,0,1,0.26890890000000006,0.07565983948276349,3.1312087,1.6217799783526428,-0.3142324554181316,-0.15614687461756624,-0.14275616194440227,-0.7052819870816742,0.21783030328337444,0,-0.04040646192038878,TRUE,0.16092890430621454,0,0,1
MEX,MX,Mexico,Donor pool,1,2001,1997-2008,0,85,83,83,83,73,10,0.8795180722891566,0,1,0.014081499999999969,0.07212799550118239,3.2399168,1.620407948714042,-0.28691536181528865,-0.1435478178562832,-0.142823124792869,-0.7052819870816742,0.1372838943801906,0,-0.02350282874598044,TRUE,-0.055619118291013646,0,0,1
MEX,MX,Mexico,Donor pool,1,2002,1997-2008,0,105,104,101,101,77,24,0.7623762376237624,0,1,0.18265789999999998,0.062266941136910295,3.0689457,1.6378207074110962,-0.25557707057500934,-0.14265831533564288,-0.14263763385814235,-0.7052819870816742,0.13401629606186555,0,-0.003539701557888494,TRUE,-0.021702866705519356,0,0,1
MEX,MX,Mexico,Donor pool,1,2003,1997-2008,0,91,91,89,89,76,13,0.8539325842696629,0,1,0.6239745999999999,0.06471374580439426,3.2317186,1.6039524135043224,-0.2097037609257402,-0.15879025455442486,-0.14196747651187946,-0.7052819870816742,0.187369932894999,0,0.03729968361305637,TRUE,0.10647211882693765,0,0,1
MEX,MX,Mexico,Donor pool,1,2004,1997-2008,0,90,90,88,88,71,17,0.8068181818181818,0,1,0.6907697,0.06045995311993739,2.9553973,1.5546321318909497,-0.20074591316994153,-0.14657747348771655,-0.1416735531778143,-0.7052819870816742,0.18204228830666094,0,0.05006277129266248,TRUE,0.1089729849710237,0,0,1
MEX,MX,Mexico,Donor pool,1,2005,1997-2008,0,99,98,97,96,75,21,0.78125,0,1,0.62685822,0.0475103184912775,2.99254218,1.5520557072902252,-0.21403744546196118,-0.12241916814213669,-0.14190308305343965,-0.7052819870816742,0.06251317793113301,0,0.04296252536771146,TRUE,0.11896231779308471,0,0,1
MEX,MX,Mexico,Donor pool,1,2006,1997-2008,0,111,109,108,106,86,20,0.8113207547169812,0,1,0.79630007,0.041234702676708555,2.86841903,1.5430990026955687,-0.21267953871498596,-0.09770882419829531,-0.14190228458579268,-0.7052819870816742,0.05501401283627323,0,0.079973793467788,TRUE,0.09928960437103251,0,0,1
MEX,MX,Mexico,Donor pool,1,2007,1997-2008,0,94,94,93,93,75,18,0.8064516129032258,0,1,0.5432840600000001,0.041591695240926985,2.8294779400000003,1.4695745623866132,-0.194027932591413,-0.07943938795441469,-0.14188516189069678,-0.7052819870816742,-0.020455455644593088,0,0.05214428302924727,TRUE,0.11388333329169185,0,0,1
MEX,MX,Mexico,Donor pool,1,2008,1997-2008,0,99,99,97,97,73,24,0.7525773195876289,0,1,0.56328893,0.04554744107041595,2.8400701699999997,1.396384658190506,-0.18245005936973038,-0.06799527055096768,-0.14176596841473105,-0.7052819870816742,-0.04029678149014116,0,0.021878674936623335,TRUE,0.09090692344660065,0,0,1
MEX,MX,Mexico,Donor pool,1,2009,2009-2016,1,84,84,83,83,70,13,0.8433734939759037,0,1,0.53485892,0.04042793876470939,2.64859138,1.4410189951715706,-0.1256702519628711,-0.12971256688768934,-0.1403560766315167,-0.7052819870816742,-0.14900693550298041,0,0.05281403780120343,TRUE,-0.225634541711421,0,0,1
MEX,MX,Mexico,Donor pool,1,2010,2009-2016,1,88,88,87,87,68,19,0.7816091954022989,0,1,0.8046958700000001,0.044121776829728426,2.5788498300000002,1.4464700693212522,-0.04932415183860172,-0.09135651191241786,-0.14087506088679055,-0.7052819870816742,-0.10445410097782697,0,0.07738223441412294,TRUE,-0.1773585277063959,0,0,1
MEX,MX,Mexico,Donor pool,1,2011,2009-2016,1,99,98,96,96,75,21,0.78125,0,1,0.72252589,0.03908015785353937,2.51950511,1.3870988007705018,-0.002625886390739166,-0.0638598438974149,-0.1410008540428753,-0.7052819870816742,-0.17436229144080967,0,0.04874205143003601,TRUE,-0.1341746747599177,0,0,1
MEX,MX,Mexico,Donor pool,1,2012,2009-2016,1,92,92,90,90,63,27,0.7,0,1,0.78599713,0.039819807643493174,2.62592857,1.3722498515071522,-0.01376170783538887,-0.061519536742777374,-0.14055954787473787,-0.7052819870816742,-0.26545801253872064,0,0.016612244517332356,TRUE,-0.15784842497831336,0,0,1
MEX,MX,Mexico,Donor pool,1,2013,2009-2016,1,61,61,61,61,50,11,0.819672131147541,0,1,0.3956556,0.052024417230837845,2.7641532,1.3697848993463533,0.019980027191405344,-0.04762954510257356,-0.14079463252220348,-0.7052819870816742,-0.3660740571260874,0,-0.04217476824038525,TRUE,-0.1247448654367267,0,0,1
MEX,MX,Mexico,Donor pool,1,2014,2009-2016,1,80,80,78,78,61,17,0.782051282051282,0,1,0.7258891000000001,0.04083407028522938,2.7681863,1.398393418779582,0.04144279834269824,-0.042499370072425574,-0.14048680352904963,-0.7052819870816742,-0.4647359362263535,0,-0.0019560293264092184,TRUE,-0.19218888735368983,0,0,1
MEX,MX,Mexico,Donor pool,1,2015,2009-2016,1,78,78,77,77,56,21,0.7272727272727273,0,1,0.00581520000000002,0.03777708495274748,2.7926724,1.448352782483528,0.006748970906012923,-0.08276281659657429,-0.13897514655134888,-0.7052819870816742,-0.47450851090219426,0,-0.0465758222848202,TRUE,-0.11454808961436026,0,0,1
MEX,MX,Mexico,Donor pool,1,2016,2009-2016,1,114,114,113,113,75,38,0.6637168141592921,0,1,0.3418918,0.03788896651857298,2.6397820999999997,1.439650566519317,0.017910585151669618,-0.10989571081288829,-0.13730972540585665,-0.7052819870816742,-0.587491831145325,0,-0.03248125291071869,TRUE,0.01135269547113614,0,0,1
MUS,MU,Mauritius,Donor pool,1,1997,1997-2008,0,88,84,82,79,58,21,0.7341772151898734,0,1,1.0695664,-0.11603128098069908,3.1464686,-0.03197418027720675,-0.3516153466508382,-0.26864655332373766,-0.1358942492779262,1.0604175126823574,0.41541401515690174,1,-0.016974684769295267,FALSE,0.24098371689066522,1,0,0
MUS,MU,Mauritius,Donor pool,1,1998,1997-2008,0,84,78,78,74,53,21,0.7162162162162162,0,1,0.14084429999999998,-0.11599692537129083,3.0980578000000003,0.003649924263262299,-0.3483721545381937,-0.270236806142476,-0.13415808981348834,1.0604175126823574,0.4318665908031803,1,0.10061182824322992,FALSE,0.3202605659462898,1,0,0
MUS,MU,Mauritius,Donor pool,1,1999,1997-2008,0,94,94,89,89,66,23,0.7415730337078652,0,1,0.31862429999999997,-0.1160164257267171,3.0291521,0.01076228142991086,-0.14256631295196923,-0.2671784215881661,-0.13345238734914164,1.0604175126823574,0.4050996038175619,1,-0.05620524378058786,FALSE,0.3004414750182352,1,0,0
MUS,MU,Mauritius,Donor pool,1,2000,1997-2008,0,77,75,76,74,58,16,0.7837837837837838,0,1,0.35416410000000004,-0.11602357638172231,3.0459535,0.0157660370281933,-0.08781627424621787,-0.2602347916873519,-0.13282322441621247,1.0604175126823574,0.37983497472474115,1,0.05411877611782201,FALSE,0.38739686981730115,1,0,0
MUS,MU,Mauritius,Donor pool,1,2001,1997-2008,0,85,65,83,64,48,16,0.75,0,1,0.2924098,-0.11598629701933534,2.9334255000000002,-0.009265683803731703,-0.27301561588513423,-0.26239253177519606,-0.1311200042066181,1.0604175126823574,0.29627205731420697,1,0.4157746432757222,FALSE,0.15892587787017542,1,0,0
MUS,MU,Mauritius,Donor pool,1,2002,1997-2008,0,105,101,101,97,67,30,0.6907216494845361,0,1,0.25913839999999994,-0.11602766367725267,2.9924652,0.016075311445194144,-0.30945817811407517,-0.25755836355197786,-0.13062747288875928,1.0604175126823574,0.2847051740872201,1,0.37132751678452897,FALSE,-0.2650737534239214,1,0,0
MUS,MU,Mauritius,Donor pool,1,2003,1997-2008,0,91,89,89,87,74,13,0.8505747126436781,0,1,0.6519571,-0.11603468485062557,3.2037361,0.002185940461664318,-0.3244574801147329,-0.2344840078603923,-0.13184618588746555,1.0604175126823574,0.34013270577103544,1,0.1818945410876967,FALSE,-0.24624180967814516,1,0,0
MUS,MU,Mauritius,Donor pool,1,2004,1997-2008,0,90,89,88,87,73,14,0.8390804597701149,0,1,0.32192370000000003,-0.11605875813999583,3.3242433,-0.06014451524446266,-0.29225628853286684,-0.21678333700544286,-0.132084518622458,1.0604175126823574,0.33123023809328234,1,0.0057072912462584925,FALSE,-0.20515404131179987,1,0,0
MUS,MU,Mauritius,Donor pool,1,2005,1997-2008,0,99,97,97,95,74,21,0.7789473684210526,0,1,0.2158717,-0.11624564620000911,3.4035287,-0.14418585551729673,-0.28341108729764897,-0.21991528848065645,-0.130902954084586,1.0604175126823574,0.2009144639095261,1,-0.1700620074758982,FALSE,-0.17430379696102638,1,0,0
MUS,MU,Mauritius,Donor pool,1,2006,1997-2008,0,111,111,108,108,88,20,0.8148148148148148,0,1,0.5237887999999999,-0.11623326313969093,3.1409303000000004,-0.16285011632277313,-0.30700649923237067,-0.20727340047771886,-0.12959474863485582,1.0604175126823574,0.18810088396476662,1,-0.3687278998360926,FALSE,-0.193515382514963,1,0,0
MUS,MU,Mauritius,Donor pool,1,2007,1997-2008,0,94,89,93,88,73,15,0.8295454545454546,0,1,0.24293700000000007,-0.11619673181764734,3.1298250000000003,-0.19473528629373987,-0.31778999986341994,-0.1810276796384814,-0.12982802564028736,1.0604175126823574,0.11290225904130435,1,-0.19159371840740871,FALSE,-0.12463197662574833,1,0,0
MUS,MU,Mauritius,Donor pool,1,2008,1997-2008,0,99,96,97,94,70,24,0.7446808510638298,0,1,0.2640772,-0.1161453869779426,3.1392819,-0.22638588528058223,-0.28986525962990184,-0.13803071820610655,-0.13152007839265276,1.0604175126823574,0.09636080760937116,1,-0.43190641704387855,FALSE,0.07453004285176239,1,0,0
MUS,MU,Mauritius,Donor pool,1,2009,2009-2016,1,84,80,83,80,67,13,0.8375,0,1,0.18619760000000002,-0.11608888978829594,2.9972527,-0.21071004326615084,-0.3093836778186077,-0.15900148965775185,-0.12944585906276085,1.0604175126823574,-0.016723935064900764,1,-0.2916874983739311,FALSE,0.13038879632817849,1,0,0
MUS,MU,Mauritius,Donor pool,1,2010,2009-2016,1,88,82,87,81,68,13,0.8395061728395061,0,1,0.33030590000000004,-0.11604935267299724,3.0532398,-0.18349586156995484,-0.2911053143834532,-0.13883388905919233,-0.1301410582273812,1.0604175126823574,0.030917397346401757,1,-0.4474295567298814,FALSE,-0.07372044466079813,1,0,0
MUS,MU,Mauritius,Donor pool,1,2011,2009-2016,1,99,89,96,87,72,15,0.8275862068965517,0,1,0.3749222,-0.1160843911278131,2.8671087999999996,-0.15955983195919463,-0.2974989527674012,-0.10324502910889526,-0.1313703731020666,1.0604175126823574,-0.04322219429832602,1,-0.6363176187732803,FALSE,1.5758891523909245e-4,1,0,0
MUS,MU,Mauritius,Donor pool,1,2012,2009-2016,1,92,90,90,88,66,22,0.75,0,1,0.26200120000000005,-0.11599534547720984,3.1499245,-0.15619016194465463,-0.2978566955713909,-0.10038623720190341,-0.13057544138529073,1.0604175126823574,-0.13376804565733136,1,-0.2871967516504686,FALSE,0.03378766344085013,1,0,0
MUS,MU,Mauritius,Donor pool,1,2013,2009-2016,1,61,60,61,60,52,8,0.8666666666666667,0,1,0.025730399999999987,-0.116124118264924,3.1340784,-0.12060335862660612,-0.2895052203293536,-0.08699739559423841,-0.13019017384529458,1.0604175126823574,-0.22396031127341318,1,-0.23373168721041918,FALSE,-0.12259661160366088,1,0,0
MUS,MU,Mauritius,Donor pool,1,2014,2009-2016,1,80,79,78,77,65,12,0.8441558441558441,0,1,0.29833370000000003,-0.1159992530993156,3.1957417,-0.08632342167577295,-0.2850435814167587,-0.06897786317281879,-0.1302373376534042,1.0604175126823574,-0.33218544451384524,1,-0.18908260710979807,FALSE,-0.07362333467374721,1,0,0
MUS,MU,Mauritius,Donor pool,1,2015,2009-2016,1,78,76,77,75,57,18,0.76,0,1,0.07700550000000003,-0.11610226013743873,2.8638627,-0.11784346693387408,-0.2832850580321546,-0.09424393152660787,-0.12761417428063324,1.0604175126823574,-0.3444546268428014,1,-0.09144559409158051,FALSE,0.06816092263873548,1,0,0
MUS,MU,Mauritius,Donor pool,1,2016,2009-2016,1,114,104,113,103,72,31,0.6990291262135923,0,1,0.001483000000000012,-0.11603881557991148,2.9801908999999998,-0.09984704272321888,-0.10846235036984958,-0.08059163333775532,-0.12732720895136573,1.0604175126823574,-0.4573970096809945,1,-0.11463221555204665,FALSE,-0.010762234991274352,1,0,0
MWI,MW,Malawi,Donor pool,1,1997,1997-2008,0,88,80,82,75,59,16,0.7866666666666666,0,1,0.9115809,-0.11623310462234657,3.3044541,-0.013768329208459362,-0.34153435873310134,-0.36646748305016846,-0.13862269208859268,0.7064839021296423,0.4155845900217474,0,-0.28908059452135043,FALSE,-0.28841835820130673,0,0,0
MWI,MW,Malawi,Donor pool,1,1998,1997-2008,0,84,79,78,74,55,19,0.7432432432432432,0,1,0.06147449999999999,-0.11621832674769911,3.3003766000000003,-0.07152791650047095,-0.35992996725897497,-0.37031442689858446,-0.1299705508830667,0.7064839021296423,0.43205371214114235,0,0.08710637244287552,FALSE,-0.39715746240422745,0,0,0
MWI,MW,Malawi,Donor pool,1,1999,1997-2008,0,94,32,89,32,18,14,0.5625,0,1,0.4750752,-0.11622853743826593,2.8727012,0.012348570584538237,-0.35992996725897497,-0.3703764173134394,-0.12227246022415529,0.7064839021296423,0.4052788738289153,0,-0.23332842479874547,FALSE,-0.2308971512436241,0,0,0
MWI,MW,Malawi,Donor pool,1,2000,1997-2008,0,77,48,76,47,34,13,0.723404255319149,0,1,0.18460220000000005,-0.11629682723227022,3.2155154,-0.07988185262433456,-0.3561674670262114,-0.3706618129575456,-0.11313109000523629,0.7064839021296423,0.3800659175742541,0,-0.0602821919430214,FALSE,-0.3164013589318592,0,0,0
MWI,MW,Malawi,Donor pool,1,2001,1997-2008,0,85,19,83,19,13,6,0.6842105263157895,0,1,0.34495,-0.11633183476364624,2.8808853,-0.023861674555730853,-0.3424202089100408,-0.3709189332202138,-0.1056470675367126,0.7064839021296423,0.2965640947264432,0,-0.033416816547344276,FALSE,-0.3379247487202773,0,0,0
MWI,MW,Malawi,Donor pool,1,2002,1997-2008,0,105,93,101,90,64,26,0.7111111111111111,0,1,0.02971349999999995,-0.11643216481444496,3.2218901,-0.05361602156727366,-0.29292725454670177,-0.3646673902938582,-0.10299185209537252,0.7064839021296423,0.2850470454668224,0,-0.11698639367768232,FALSE,-0.5162146369752292,0,0,0
MWI,MW,Malawi,Donor pool,1,2003,1997-2008,0,91,65,89,63,52,11,0.8253968253968254,0,1,0.4813302,-0.11640623700552317,3.3743630000000002,-0.05599578530458633,-0.3574293398986376,-0.36598571840625016,-0.09072155332389731,0.7064839021296423,0.34044672972822504,0,-0.1919988378637668,FALSE,-0.8408984296438584,0,0,0
MWI,MW,Malawi,Donor pool,1,2004,1997-2008,0,90,51,88,51,38,13,0.7450980392156863,0,1,0.86798156,-0.1163828142413001,2.77818544,-0.10803173451618306,-0.3569371700370331,-0.3653590342546701,-0.08394047318464458,0.7064839021296423,0.33150411991025414,0,-0.3088372286574526,FALSE,-0.5053159719759326,0,0,0
MWI,MW,Malawi,Donor pool,1,2005,1997-2008,0,99,75,97,73,58,15,0.7945205479452054,0,1,0.3297318,-0.11642708997791762,3.2896685999999997,0.046661353033694064,-0.3103215926449279,-0.365074371903376,-0.07830832391480348,0.7064839021296423,0.20106781436758517,0,-0.4187534853900578,FALSE,-0.30282045908818217,0,0,0
MWI,MW,Malawi,Donor pool,1,2006,1997-2008,0,111,105,108,104,74,30,0.7115384615384616,0,1,0.80201358,-0.11649648868445085,2.86270552,-0.19735981419714602,-0.3393414130150631,-0.3642967775490853,-0.0679031075598744,0.7064839021296423,0.18832335374756717,0,-0.18861096934453642,FALSE,0.16638016107629558,0,0,0
MWI,MW,Malawi,Donor pool,1,2007,1997-2008,0,94,88,93,87,72,15,0.8275862068965517,0,1,0.34837360000000006,-0.11643965893725186,3.0243884000000003,-0.2359911455699334,-0.2457022264858519,-0.3632871162698901,-0.06556980765820065,0.7064839021296423,0.11310757324659526,0,-0.254099185878538,FALSE,0.07873835226189638,0,0,0
MWI,MW,Malawi,Donor pool,1,2008,1997-2008,0,99,88,97,86,71,15,0.8255813953488372,0,1,0.06115599999999999,-0.1163325549930167,3.3422031,-0.20348938981208378,-0.17530271006926912,-0.3609694531680965,-0.06523612704277311,0.7064839021296423,0.09651899600897566,0,-0.3879434117849921,FALSE,-0.019325344908554712,0,0,0
MWI,MW,Malawi,Donor pool,1,2009,2009-2016,1,84,75,83,74,66,8,0.8918918918918919,0,1,0.2745073,-0.11627423016445014,2.9089430000000003,-0.24132718073193726,-0.06703098614165334,-0.35885889511441726,-0.0648536511822541,0.7064839021296423,-0.016567291327056772,0,-0.22996998527930526,FALSE,-0.11731648840301476,0,0,0
MWI,MW,Malawi,Donor pool,1,2010,2009-2016,1,88,84,87,83,71,12,0.8554216867469879,0,1,0.40492940000000005,-0.11623579261675793,2.9786163,-0.25233231089683233,0.14580915912665124,-0.3571763777520341,-0.059342745774435324,0.7064839021296423,0.03107497040349853,0,-0.4212516747517395,FALSE,0.16974305067818385,0,0,0
MWI,MW,Malawi,Donor pool,1,2011,2009-2016,1,99,81,96,79,66,13,0.8354430379746836,0,1,0.39127629999999997,-0.11597608721587994,2.8507547,-0.293951185733303,0.2679041660589333,-0.35482733741035166,-0.055776256951344666,0.7064839021296423,-0.04331372928892141,0,-0.4314554131084435,FALSE,0.05410344654958978,0,0,0
MWI,MW,Malawi,Donor pool,1,2012,2009-2016,1,92,70,90,68,53,15,0.7794117647058824,0,1,0.6258874,-0.11621848698174536,2.7860383000000004,-0.2608719538261393,0.4375788260731183,-0.3608397631064645,-0.0010127126389092354,0.7064839021296423,-0.13357945361892148,0,-0.36272061820494916,FALSE,-0.16105856887820397,0,0,0
MWI,MW,Malawi,Donor pool,1,2013,2009-2016,1,61,52,61,52,39,13,0.75,0,1,0.41226894999999997,-0.1159346587916879,2.74753985,-0.23356174588862166,0.19091779748860738,-0.36264745934416265,0.06718184610542433,0.7064839021296423,-0.22412043633991732,0,-0.7361393416935389,FALSE,0.1112555033778492,0,0,0
MWI,MW,Malawi,Donor pool,1,2014,2009-2016,1,80,70,78,69,55,14,0.7971014492753623,0,1,0.5213639,-0.11571792942667088,2.9727115,-0.271506322211634,0.10549028728069153,-0.36169046251822606,0.10295960414568502,0.7064839021296423,-0.33242321025351573,0,-0.5971682280900681,FALSE,-0.1308578792281405,0,0,0
MWI,MW,Malawi,Donor pool,1,2015,2009-2016,1,78,66,77,66,49,17,0.7424242424242424,0,1,0.2580291,-0.11600472101135205,3.0448863,-0.2618014525513784,0.1172632366964823,-0.3613938943934421,0.14714690230473726,0.7064839021296423,-0.3445370637818713,0,-0.5280961732380579,FALSE,-0.10511720633980247,0,0,0
MWI,MW,Malawi,Donor pool,1,2016,2009-2016,1,114,94,113,93,63,30,0.6774193548387096,0,1,0.144279,-0.11603206221825588,2.8373949,-0.23144544316804774,0.0293954915629935,-0.36401220091945724,0.2763207309762102,0.7064839021296423,-0.4574027174055323,0,-0.5912750515378659,FALSE,-0.034914100097000675,0,0,0
NAM,NA,Namibia,Donor pool,1,1997,1997-2008,0,88,84,82,79,65,14,0.8227848101265823,0,1,0.24688350000000003,-0.11598080831479508,3.9691515,-0.3531930447893634,-0.35611466571348066,-0.3049708360287289,-0.14562330942873364,0.5792969350948509,0.4153713572794865,1,0.21403629627748433,FALSE,-0.03896014991265029,0,0,0
NAM,NA,Namibia,Donor pool,1,1998,1997-2008,0,84,77,78,73,58,15,0.7945205479452054,0,1,0.1739171,-0.1159563561037902,3.4128192000000004,-0.36549517664656894,0.4377759479075329,-0.31156514334853114,-0.14507897776871892,0.5792969350948509,0.431832302960268,1,0.32241729290184096,FALSE,-0.07176583252032895,0,0,0
NAM,NA,Namibia,Donor pool,1,1999,1997-2008,0,94,93,89,89,72,17,0.8089887640449438,0,1,0.09258640000000007,-0.11586057911156693,3.4403628,-0.4037797446504165,-0.35992996725897497,-0.31325362192275735,-0.14473522266026448,0.5792969350948509,0.4049678872599831,1,0.057801031356031686,FALSE,-0.04694039337851613,0,0,0
NAM,NA,Namibia,Donor pool,1,2000,1997-2008,0,77,74,76,73,61,12,0.8356164383561644,0,1,0.06160960000000004,-0.11594760939005737,3.338508,-0.28519238784122425,-0.29159716054294266,-0.3138740108307746,-0.14424410936180093,0.5792969350948509,0.3797707698613755,1,0.36052155431204824,FALSE,0.052001279687196894,0,0,0
NAM,NA,Namibia,Donor pool,1,2001,1997-2008,0,85,70,83,70,59,11,0.8428571428571429,0,1,0.08464309999999997,-0.11589550840578022,3.3104784,-0.34881238556667415,-0.242114771649049,-0.3209586795112806,-0.14325675827837664,0.5792969350948509,0.2961953256916859,1,0.11242332157365491,FALSE,-0.11086129718381288,0,0,0
NAM,NA,Namibia,Donor pool,1,2002,1997-2008,0,105,89,101,88,64,24,0.7272727272727273,0,1,0.09512510000000007,-0.11589542366377266,3.3467287,-0.29796903051793516,-0.022116418879883318,-0.32517602803595896,-0.14211431914808687,0.5792969350948509,0.2845934090717718,1,0.23505489544578173,FALSE,0.10019266322658228,0,0,0
NAM,NA,Namibia,Donor pool,1,2003,1997-2008,0,91,87,89,85,73,12,0.8588235294117647,0,1,0.2983127,-0.11591959010246611,3.5573805000000003,-0.21406898062194263,0.003753123885731751,-0.30175001959745357,-0.143874495237854,0.5792969350948509,0.34003543138359743,1,0.3881175994141728,FALSE,-0.31334885870086693,0,0,0
NAM,NA,Namibia,Donor pool,1,2004,1997-2008,0,90,89,88,87,74,13,0.8505747126436781,0,1,0.2682261,-0.11588776851679122,3.3779409,-0.11290120120527194,-0.006077113889910191,-0.27724447729573504,-0.1445280893092551,0.5792969350948509,0.33108572315127666,1,0.4616496307909166,FALSE,0.0183718763811901,0,0,0
NAM,NA,Namibia,Donor pool,1,2005,1997-2008,0,99,98,97,96,76,20,0.7916666666666666,0,1,0.27792140000000004,-0.11586403153866086,3.341479,-0.28566078628339914,0.08871222512445165,-0.26893935027131183,-0.14457692940654213,0.5792969350948509,0.20059193544481746,1,0.34224116753089057,FALSE,0.1846082650169368,0,0,0
NAM,NA,Namibia,Donor pool,1,2006,1997-2008,0,111,109,108,106,92,14,0.8679245283018868,0,1,0.2217597,-0.11579528958195227,3.4429594000000003,-0.3265796068229971,0.17649931607513608,-0.2592003892165169,-0.1443462412599474,0.5792969350948509,0.18773072276954017,1,0.8283886677188884,FALSE,0.6561042726106427,0,0,0
NAM,NA,Namibia,Donor pool,1,2007,1997-2008,0,94,84,93,83,72,11,0.8674698795180723,0,1,0.12342190000000003,-0.11579732445808685,3.2493401,-0.2596783073956045,0.3217775884266334,-0.2485666359523221,-0.1441763500172123,0.5792969350948509,0.11256469275908274,1,0.5540009272070271,FALSE,1.2991732984049635,0,0,0
NAM,NA,Namibia,Donor pool,1,2008,1997-2008,0,99,97,97,95,79,16,0.8315789473684211,0,1,0.005499299999999985,-0.11563198367260684,3.4088583999999997,-0.23885284118875125,0.648638050088429,-0.2536874391705885,-0.1434681683601099,0.5792969350948509,0.09592689561222317,1,0.09060655629811229,FALSE,1.0181991198355889,0,0,0
NAM,NA,Namibia,Donor pool,1,2009,2009-2016,1,84,78,83,77,70,7,0.9090909090909091,0,1,0.34965159999999995,-0.11537376289895142,3.5331019,-0.23829536397402692,0.6666166699893478,-0.25080380489994386,-0.14330783714093898,0.5792969350948509,-0.017328337361388245,1,-0.09534635513958212,FALSE,-1.334507543789781,0,0,0
NAM,NA,Namibia,Donor pool,1,2010,2009-2016,1,88,55,87,55,50,5,0.9090909090909091,0,1,0.1303974000000001,-0.1157096889918709,3.2531483,-0.281402549186503,1.6207739693063348,-0.21802907557030093,-0.1440131915325374,0.5792969350948509,0.03063032450385446,1,-0.11576932012150362,FALSE,-0.4135409209511873,0,0,0
NAM,NA,Namibia,Donor pool,1,2011,2009-2016,1,99,87,96,86,74,12,0.8604651162790697,0,1,0.00754100000000002,-0.1155209392816612,3.2495719999999997,-0.17278823200618557,0.4124824538958011,-0.20578742277764414,-0.14403106833596657,0.5792969350948509,-0.043698405715976295,1,-0.2740025265447074,FALSE,-0.9984318119979241,0,0,0
NAM,NA,Namibia,Donor pool,1,2012,2009-2016,1,92,87,90,85,69,16,0.8117647058823529,0,1,0.09727459999999999,-0.11534761565196006,3.3146511000000003,-0.2854915242828719,0.4488293532922416,-0.20261795124589563,-0.14350245564520916,0.5792969350948509,-0.1343154861182027,1,-0.36787892090787694,FALSE,-2.11587126976513,0,0,0
NAM,NA,Namibia,Donor pool,1,2013,2009-2016,1,61,60,61,60,52,8,0.8666666666666667,0,1,0.3360831000000001,-0.11540425596045735,3.4958919,-0.2787388321384334,0.4440258683958284,-0.22013299560873525,-0.14258196784823635,0.5792969350948509,-0.22456871579079002,1,-0.34918002847326113,FALSE,-0.10456050712649802,0,0,0
NAM,NA,Namibia,Donor pool,1,2014,2009-2016,1,80,80,78,78,67,11,0.8589743589743589,0,1,0.03669869999999997,-0.11516830013677427,3.4573767,-0.2887421084081006,0.6322778432477196,-0.21920138936334072,-0.1419356156812407,0.5792969350948509,-0.33288773929022286,1,-0.4136135983802503,FALSE,-0.7651065424470128,0,0,0
NAM,NA,Namibia,Donor pool,1,2015,2009-2016,1,78,70,77,70,54,16,0.7714285714285715,0,1,0.8277008,-0.11499553170541701,3.6145579999999997,-0.3528347684533236,0.57238582649919,-0.2369571452449123,-0.14072961409032153,0.5792969350948509,-0.3453899981955912,1,-0.647772076724924,FALSE,-0.20933344697312958,0,0,0
NAM,NA,Namibia,Donor pool,1,2016,2009-2016,1,114,107,113,106,74,32,0.6981132075471698,0,1,0.31708040000000004,-0.11526454455760486,3.2987542999999997,-0.35135479565593153,0.5213401202398028,-0.2480775103317732,-0.13964911239113525,0.5792969350948509,-0.4580513987005645,1,-0.7959359741927441,FALSE,-0.5611146022471055,0,0,0
NGA,NG,Nigeria,Donor pool,1,1997,1997-2008,0,88,85,82,80,72,8,0.9,0,1,0.420428,-0.06473479809795538,4.636463,0.5106926023437827,-0.35037726493142,-0.32669825083887377,-0.13540405421725663,0.14739219793963415,0.3720598740694342,0,0.10092800622092764,FALSE,0.3057827308351448,0,1,0
NGA,NG,Nigeria,Donor pool,1,1998,1997-2008,0,84,82,78,76,58,18,0.7631578947368421,0,1,0.7736869,-0.06606249098363771,4.012589,0.5195032187371357,-0.3225116251135764,-0.3236951200660299,-0.13540408379013244,0.14739219793963415,0.38966360939188593,0,0.06645263500053196,FALSE,-0.256515187147039,0,1,0
NGA,NG,Nigeria,Donor pool,1,1999,1997-2008,0,94,92,89,88,67,21,0.7613636363636364,0,1,0.19653499999999996,-0.06495098396337463,3.1512414,0.34267584976760607,-0.15359927389041542,-0.3631258113084983,-0.09373465970833056,0.14739219793963415,0.3619407312694684,0,0.1426499123836911,FALSE,-0.0023974446509094417,0,1,0
NGA,NG,Nigeria,Donor pool,1,2000,1997-2008,0,77,75,76,74,61,13,0.8243243243243243,0,1,0.03421150000000006,-0.06311360714555314,3.3659061,0.6854347605110971,-0.16007709072740306,-0.3611672389723434,-0.08819907080683309,0.14739219793963415,0.3351171667525674,0,0.6771748322798231,FALSE,0.5193861330360623,0,0,0
NGA,NG,Nigeria,Donor pool,1,2001,1997-2008,0,85,82,83,81,69,12,0.8518518518518519,0,1,0.07693419999999995,-0.059413045465551886,3.3027695,0.5354608144579098,-0.20711947647442647,-0.36060566681872974,-0.08256016413486866,0.14739219793963415,0.24845816069197638,0,0.27859810543684593,FALSE,-0.11185139773234991,0,0,0
NGA,NG,Nigeria,Donor pool,1,2002,1997-2008,0,105,103,101,99,77,22,0.7777777777777778,0,1,0.21293040000000008,-0.05787104549970335,3.464534,0.3198204561112856,-0.2698455406571549,-0.35632299203960804,-0.0770318649472592,0.14739219793963415,0.2355530668091667,0,0.1580314395163653,FALSE,0.28354389323379087,0,0,0
NGA,NG,Nigeria,Donor pool,1,2003,1997-2008,0,91,91,89,89,77,12,0.8651685393258427,0,1,0.36018890000000003,-0.05750701012351018,3.4955043000000003,0.5508770765885592,-0.3185923458683848,-0.3548177061651243,-0.0719191928139555,0.14739219793963415,0.2906669934055121,0,0.27149831410095826,FALSE,0.042540583935755216,0,0,0
NGA,NG,Nigeria,Donor pool,1,2004,1997-2008,0,90,89,88,88,77,11,0.875,0,1,0.04611109999999996,-0.056327326985049254,3.6922781,0.7540534826953578,-0.16412921242787804,-0.34896710008044873,-0.06975110178301307,0.14739219793963415,0.2807471494268066,0,0.7673449781295376,FALSE,0.08088429296894142,0,0,0
NGA,NG,Nigeria,Donor pool,1,2005,1997-2008,0,99,98,97,96,77,19,0.8020833333333334,0,1,0.2589405,-0.06160699700732909,3.3604599,0.8812930721857176,-0.1910463014393592,-0.34165294259331513,-0.07070553184820086,0.14739219793963415,0.15473563111619756,0,1.2211542890677984,FALSE,0.10443293301633373,0,0,0
NGA,NG,Nigeria,Donor pool,1,2006,1997-2008,0,111,107,108,104,87,17,0.8365384615384616,0,1,0.555669,-0.061574300871320535,3.1090501,0.6955705619889139,-0.29430610544986635,-0.3302462618777985,-0.07225672776086366,0.14739219793963415,0.14190488321176645,0,0.9247498910389269,FALSE,0.13675804562189853,0,0,0
NGA,NG,Nigeria,Donor pool,1,2007,1997-2008,0,94,92,93,91,78,13,0.8571428571428571,0,1,0.21480250000000006,-0.062189853660000384,3.1579595,0.6915456661619496,-0.24813250087435149,-0.3238991501153486,-0.07393857171005803,0.14739219793963415,0.06725737885151754,1,0.6338438928131,FALSE,0.13648319410202994,0,0,0
NGA,NG,Nigeria,Donor pool,1,2008,1997-2008,0,99,90,97,88,72,16,0.8181818181818182,0,1,0.19059510000000002,-0.05870260917458905,3.212764,0.6085759975121252,-0.27712279701415643,-0.31394954768363387,-0.07822157681241744,0.14739219793963415,0.04781201530648981,1,0.5607815131954972,FALSE,0.1567665805384094,0,0,0
NGA,NG,Nigeria,Donor pool,1,2009,2009-2016,1,84,84,83,83,76,7,0.9156626506024096,0,1,0.04879979999999995,-0.05631776383577619,3.2322501,0.37705194201671305,-0.1299938065807949,-0.3237534122823622,-0.0602925279693074,0.14739219793963415,-0.06724057250037012,1,0.3506966014863862,FALSE,0.00881263526538997,0,0,0
NGA,NG,Nigeria,Donor pool,1,2010,2009-2016,1,88,83,87,82,73,9,0.8902439024390244,0,1,0.36566990000000005,-0.057496253514065364,3.0178758,0.459084164504774,-0.17463295034148169,-0.31253455444079414,-0.05945413693999876,0.14739219793963415,-0.018569802932952555,0,0.2896429947625751,FALSE,-0.005389803605361511,0,0,0
NGA,NG,Nigeria,Donor pool,1,2011,2009-2016,1,99,76,96,74,61,13,0.8243243243243243,0,1,0.25642149999999997,-0.05356995538418951,2.9856095,0.24959156316234204,-0.09839858953104057,-0.30618249458758356,-0.05734559089450652,0.14739219793963415,-0.09605738912889016,0,0.2356258335170839,FALSE,0.009715673468028832,0,0,0
NGA,NG,Nigeria,Donor pool,1,2012,2009-2016,1,92,92,90,90,73,17,0.8111111111111111,0,1,0.24464229999999998,-0.055106157880408554,3.1672834,0.015138851589276657,-0.1869411061039085,-0.29987076061208734,-0.055194164179084924,0.14739219793963415,-0.18522963291287778,0,0.29894877463751246,FALSE,0.05085742854346621,0,0,0
NGA,NG,Nigeria,Donor pool,1,2013,2009-2016,1,61,60,61,60,53,7,0.8833333333333333,0,1,0.14425920000000003,-0.05723047729113784,3.304068,-0.10614607987423327,-0.1218177840771751,-0.29282997029804797,-0.055305555344648365,0.14739219793963415,-0.27373532656576005,0,0.294499875900167,FALSE,0.04391839125415898,0,0,0
NGA,NG,Nigeria,Donor pool,1,2014,2009-2016,1,80,79,78,77,66,11,0.8571428571428571,0,1,0.11844120000000002,-0.05566177859714048,3.3756342,-0.3014036427657986,0.046056463219028496,-0.28648455062005773,-0.054571571353398796,0.14739219793963415,-0.3831807415678033,0,0.10493713114592293,FALSE,-0.043143169833387465,0,0,0
NGA,NG,Nigeria,Donor pool,1,2015,2009-2016,1,78,76,77,75,59,16,0.7866666666666666,0,1,0.6954383,-0.059053767417705204,3.4822954999999998,-0.2947931839841704,-0.020909919217168824,-0.3012655491136516,-0.03452844140820696,0.14739219793963415,-0.3926701820466979,1,-0.07298135988666778,FALSE,-0.16180155734782473,0,0,0
NGA,NG,Nigeria,Donor pool,1,2016,2009-2016,1,114,113,113,112,82,30,0.7321428571428571,0,1,0.3347226,-0.061694029093698276,3.3163964999999997,-0.11489040965198324,-0.003178254084700383,-0.31640897497949405,0.0015810257224272528,0.14739219793963415,-0.5033274791456792,1,0.16426549983344677,FALSE,-0.2350207114338807,0,0,0
NIC,NI,Nicaragua,Donor pool,1,1997,1997-2008,0,88,76,82,71,52,19,0.7323943661971831,0,1,1.179372356,-0.11575572912881688,3.036662644,0.9579547173250008,-0.3590020473351719,-0.3504282980918507,-0.14276058308933637,-0.6948873697918353,0.4151811275749067,0,-0.9395390730848405,TRUE,0.13405346949115216,0,0,0
NIC,NI,Nicaragua,Donor pool,1,1998,1997-2008,0,84,75,78,69,44,25,0.6376811594202898,0,1,0.6058507,-0.11575377939281262,2.6330514000000003,0.952485429725524,-0.3593847148598189,-0.3493586935186184,-0.14208996884214217,-0.6948873697918353,0.43166109162539246,0,-0.7048454047790392,TRUE,0.11393457316363428,0,0,0
NIC,NI,Nicaragua,Donor pool,1,1999,1997-2008,0,94,78,89,75,50,25,0.6666666666666666,0,1,0.59716428,-0.11569978570307181,2.75061212,1.1019762208690274,-0.3570126371980967,-0.34844582344696307,-0.14136405331717702,-0.6948873697918353,0.40483198983142515,0,-0.9377052414590009,TRUE,0.021995439925017696,0,0,0
NIC,NI,Nicaragua,Donor pool,1,2000,1997-2008,0,77,71,76,70,51,19,0.7285714285714285,0,1,0.6149329,-0.11568430378228857,2.7851847000000003,1.0576678568623632,-0.3539713971541571,-0.3473558025214933,-0.14084644420062847,-0.6948873697918353,0.3795482324118893,0,-0.8941395921780003,TRUE,-0.07521681001422226,0,0,0
NIC,NI,Nicaragua,Donor pool,1,2001,1997-2008,0,85,79,83,78,47,31,0.6025641025641025,0,1,0.8606453000000001,-0.11569330519659606,2.36519,0.9999000957212092,-0.358420789214334,-0.3463401558269578,-0.14043978758531903,-0.6948873697918353,0.2960244300285402,0,-0.7326829172747096,TRUE,-0.26028240201263025,0,0,0
NIC,NI,Nicaragua,Donor pool,1,2002,1997-2008,0,105,90,101,86,59,27,0.686046511627907,0,1,0.27348949999999994,-0.11568461560869954,2.9781141,1.1841947118423728,-0.357711582836742,-0.3474433310699937,-0.13991966955527463,-0.6948873697918353,0.2844152408690337,0,-0.7155180985031273,TRUE,0.0027384489464678426,0,0,0
NIC,NI,Nicaragua,Donor pool,1,2003,1997-2008,0,91,89,89,87,67,20,0.7701149425287356,0,1,0.91292083,-0.11569386052143939,2.94277237,1.2233698468104264,-0.35496247690318355,-0.34723708959518346,-0.13941496816112053,-0.6948873697918353,0.33984465198599556,0,-0.620609599972031,TRUE,-0.022787929338373716,0,0,0
NIC,NI,Nicaragua,Donor pool,1,2004,1997-2008,0,90,87,88,85,63,22,0.7411764705882353,0,1,0.8516597100000001,-0.11570435399342177,2.79450729,1.2603505813527933,-0.32849674256010386,-0.3449664311821938,-0.1389225182772247,-0.6948873697918353,0.3309307070824006,0,-0.5454487082764877,TRUE,0.019028649274259596,0,0,0
NIC,NI,Nicaragua,Donor pool,1,2005,1997-2008,0,99,83,97,81,66,15,0.8148148148148148,0,1,0.66895956,-0.11578208456426882,2.9504408399999997,1.1425060182548417,-0.24566362378313242,-0.34247796271712927,-0.138451669466066,-0.6948873697918353,0.20052267649196479,0,-0.574088412491242,TRUE,0.0449030910664957,0,0,0
NIC,NI,Nicaragua,Donor pool,1,2006,1997-2008,0,111,103,108,100,80,20,0.8,0,1,0.82057458,-0.11580082318937501,2.8441445200000004,1.418020016209137,-0.35403907673249435,-0.34057162057384827,-0.13795681535780605,-0.6948873697918353,0.18773539959694543,0,-0.6111121060257172,TRUE,0.17174261387922649,0,0,1
NIC,NI,Nicaragua,Donor pool,1,2007,1997-2008,0,94,94,93,93,86,7,0.9247311827956989,0,1,0.16395969999999993,-0.11580226748438963,3.5367217,1.3001771915882177,-0.34980295886350066,-0.3375681028783389,-0.1374372153590677,-0.6948873697918353,0.11256887044627918,1,-0.7830768682756543,TRUE,0.19512729724372155,0,0,1
NIC,NI,Nicaragua,Donor pool,1,2008,1997-2008,0,99,98,97,96,84,12,0.875,0,1,0.36945589999999995,-0.11568315549822521,3.7728149999999996,1.1642414439041346,-0.3547940325218895,-0.33247535395415106,-0.1368910692571815,-0.6948873697918353,0.09597014439699149,1,-0.8268428720442712,TRUE,0.09157272682496108,0,0,1
NIC,NI,Nicaragua,Donor pool,1,2009,2009-2016,1,84,81,83,80,72,8,0.9,0,1,0.5921267,-0.11565856673415578,3.775577,1.240043293839877,-0.34529555318362753,-0.3341386680524249,-0.1363187835620462,-0.6948873697918353,-0.017087630300010707,1,-0.36083628528060896,TRUE,0.020785344569575866,0,0,1
NIC,NI,Nicaragua,Donor pool,1,2010,2009-2016,1,88,88,87,87,76,11,0.8735632183908046,0,1,0.23342030000000002,-0.11567129094259707,3.616966,1.2177241570345292,-0.33688470257196895,-0.3323906418153509,-0.13571729089656348,-0.6948873697918353,0.0305978717049068,1,-0.3836402265746534,TRUE,0.10467163419728605,0,0,1
NIC,NI,Nicaragua,Donor pool,1,2011,2009-2016,1,99,97,96,95,72,23,0.7578947368421053,0,1,0.823705,-0.11552393180491173,4.065735999999999,1.019028439151627,-0.2998132973407709,-0.32789026578658426,-0.13508571958830096,-0.6948873697918353,-0.043695876531362615,1,-0.5476962481903508,TRUE,0.20699418619568455,0,0,1
NIC,NI,Nicaragua,Donor pool,1,2012,2009-2016,1,92,92,90,90,77,13,0.8555555555555555,0,1,0.8150343000000001,-0.11544826949500064,4.22696,1.0274575423096954,-0.050476204578813966,-0.324805092169629,-0.1344218718626822,-0.6948873697918353,-0.1342304167203237,1,-0.5377737489341834,TRUE,0.21136005408145933,0,0,1
NIC,NI,Nicaragua,Donor pool,1,2013,2009-2016,1,61,60,61,60,53,7,0.8833333333333333,0,1,1.0876252,-0.11535420671686264,4.247434,0.9258646077797027,-0.13552987504873623,-0.3233139790574793,-0.13372625830188023,-0.6948873697918353,-0.22461101580525847,1,-0.5834409021984492,TRUE,0.17288358168297452,0,0,1
NIC,NI,Nicaragua,Donor pool,1,2014,2009-2016,1,80,80,78,78,65,13,0.8333333333333334,0,1,0.4332105999999999,-0.1152150281156293,3.9272859999999996,1.0355849404446271,-0.2581586856004589,-0.31970149371886947,-0.13299513625521495,-0.6948873697918353,-0.33284824630212323,1,-0.3378577302016569,TRUE,0.1430608028689766,0,0,1
NIC,NI,Nicaragua,Donor pool,1,2015,2009-2016,1,78,78,77,77,61,16,0.7922077922077922,0,1,1.3165988000000002,-0.11532944925394654,4.1034559999999995,1.1652288843464238,-0.27254571756870727,-0.3162901518780398,-0.13222745718138262,-0.6948873697918353,-0.3451077817999052,1,-0.4376505141755836,TRUE,0.1167327276336677,0,0,1
NIC,NI,Nicaragua,Donor pool,1,2016,2009-2016,1,114,111,113,110,79,31,0.7181818181818181,0,1,1.0269741,-0.11532348805047593,4.008648,1.2018306388908964,-0.31726847673709524,-0.3146083434012026,-0.1314206396508676,-0.6948873697918353,-0.4580015815520485,1,-0.3624674926975513,TRUE,0.11648036455215516,0,0,1
NLD,NL,Netherlands,Donor pool,1,1997,1997-2008,0,88,88,82,82,39,43,0.47560975609756095,0,1,2.82172,0.07619514740086393,1.3943150000000002,-0.30783179308123065,-0.2571500272677277,0.4086871719947158,-0.14719462973267597,-0.24487828812691342,0.25295040696286464,1,0.42239186091654013,FALSE,-0.039478723852433686,1,0,0
NLD,NL,Netherlands,Donor pool,1,1998,1997-2008,0,84,84,78,78,41,37,0.5256410256410257,0,1,1.7261461,0.07974385425809252,1.5127560000000002,-0.3098943381434812,-0.2849860703513822,0.4433431918349831,-0.14717542919803725,-0.24487828812691342,0.26643276571966895,1,0.255843156592496,FALSE,0.02989091351809526,1,0,0
NLD,NL,Netherlands,Donor pool,1,1999,1997-2008,0,94,94,89,89,40,49,0.449438202247191,0,1,1.9697404,0.08206727973143703,1.378036,-0.2983965714652733,-0.2686327099081391,0.4549350939882271,-0.14779376841559996,-0.24487828812691342,0.23768561301449856,1,0.28799056029319864,FALSE,0.09494544011299956,1,0,0
NLD,NL,Netherlands,Donor pool,1,2000,1997-2008,0,77,77,76,76,40,36,0.5263157894736842,0,1,1.9796136,0.07507051184746547,1.4205040000000002,-0.22722391195884964,-0.26933217593937514,0.39341240403122124,-0.1477083489329035,-0.24487828812691342,0.218328384087586,1,0.19679603506559856,FALSE,0.14139089110526135,1,0,0
NLD,NL,Netherlands,Donor pool,1,2001,1997-2008,0,85,84,83,83,43,40,0.5180722891566265,0,1,1.8049373000000002,0.07966914056535662,1.420898,-0.24691133065252518,-0.25711531166002705,0.4148804345314427,-0.14768834110548895,-0.24487828812691342,0.13091036058800865,1,0.22547772912404995,FALSE,0.1393425508919011,1,0,0
NLD,NL,Netherlands,Donor pool,1,2002,1997-2008,0,105,104,101,100,46,54,0.46,0,1,1.8312476,0.07417691911700933,1.420356,-0.24013835479370216,-0.25175805183605093,0.48807667848499,-0.14772322177393252,-0.24487828812691342,0.1239503648969913,0,0.2288973995335006,FALSE,0.051810550055037125,1,0,0
NLD,NL,Netherlands,Donor pool,1,2003,1997-2008,0,91,91,89,89,48,41,0.5393258426966292,0,1,2.0670722,0.06891077914298671,1.7886210000000002,-0.24730193133918452,-0.22477344543710875,0.6776253535190206,-0.14782584619988048,-0.24487828812691342,0.18382273501154872,0,0.3728156285916238,FALSE,-0.07228124656474468,1,0,0
NLD,NL,Netherlands,Donor pool,1,2004,1997-2008,0,90,90,88,88,49,39,0.5568181818181818,0,1,1.822731,0.06544208908573063,1.8234359999999998,-0.22225421307973253,-0.18491763332015548,0.8161702148860567,-0.1478732374901042,-0.24487828812691342,0.17783154687879937,0,0.5055552997951723,FALSE,0.02510323832494427,1,0,0
NLD,NL,Netherlands,Donor pool,1,2005,1997-2008,0,99,99,97,97,55,42,0.5670103092783505,0,1,1.7870064,0.18049615584122075,1.8323939999999999,-0.21240592317244225,-0.18983000125738844,0.8618382906150044,-0.14787330932592352,-0.24487828812691342,-0.049882183916256505,0,0.4777527616410581,FALSE,0.15971939562252296,1,0,0
NLD,NL,Netherlands,Donor pool,1,2006,1997-2008,0,111,111,108,108,62,46,0.5740740740740741,0,1,1.8556691,0.22086803841579072,1.8090500000000003,-0.23573565992246534,-0.1850729980528237,0.9487675870146521,-0.14787766686623338,-0.24487828812691342,-0.09680631760327076,0,0.5877003044181379,FALSE,0.2186569598476108,1,0,0
NLD,NL,Netherlands,Donor pool,1,2007,1997-2008,0,94,94,93,93,58,35,0.6236559139784946,0,1,1.682089,0.2724032101428019,1.690673,-0.2506545979563377,-0.2207029238935447,1.1538040418594568,-0.1479171527657711,-0.24487828812691342,-0.21552994066419376,0,0.46880804799579906,FALSE,0.1839019638619157,1,0,0
NLD,NL,Netherlands,Donor pool,1,2008,1997-2008,0,99,98,97,96,53,43,0.5520833333333334,0,1,1.6544971,0.13877925111036482,1.748862,-0.2572367820252781,-0.1726797333632798,1.3344100144057323,-0.1479465776115626,-0.24487828812691342,-0.11909331527104916,0,0.3649949170338818,FALSE,0.18068563183359676,1,0,0
NLD,NL,Netherlands,Donor pool,1,2009,2009-2016,1,84,84,83,83,48,35,0.5783132530120482,0,1,1.7739533,0.18314476609513514,1.4094970000000002,-0.2609108443780146,-0.13341328299882546,1.1852835343335046,-0.1479246729694513,-0.24487828812691342,-0.2696266177876781,0,0.38930690757309105,FALSE,-0.09211018893129849,1,0,0
NLD,NL,Netherlands,Donor pool,1,2010,2009-2016,1,88,88,87,87,47,40,0.5402298850574713,0,1,1.9177587000000003,0.08620971082180845,1.465787,-0.28138245597555966,-0.1836847038867044,1.1304399200828228,-0.14790258126936834,-0.24487828812691342,-0.14002547207053212,0,0.47171468401889843,FALSE,-0.16429426042887763,1,0,0
NLD,NL,Netherlands,Donor pool,1,2011,2009-2016,1,99,97,96,95,53,42,0.5578947368421052,0,1,1.865608,0.1791023179026929,1.3764229999999997,-0.28198291701425193,-0.16052478031825018,1.230237282833643,-0.1479238116910051,-0.24487828812691342,-0.292704527418651,0,0.5583307300578421,FALSE,-0.06319617563029335,1,0,0
NLD,NL,Netherlands,Donor pool,1,2012,2009-2016,1,92,92,90,90,44,46,0.4888888888888889,0,1,1.8415807,0.15242529872165783,1.570345,-0.2811019520540482,-0.1294001256221722,1.1059966156990906,-0.14788836905963662,-0.24487828812691342,-0.3606285597784923,0,0.6481762541798096,FALSE,-0.08142261733430889,1,0,0
NLD,NL,Netherlands,Donor pool,1,2013,2009-2016,1,61,61,61,61,30,31,0.4918032786885246,0,1,1.5142928,0.15357764793055903,1.645516,-0.28985020730246147,-0.10075721337406496,1.1685409230497565,-0.1479033879389956,-0.24487828812691342,-0.45190358859139,0,0.6238544367791454,FALSE,0.05952589928570197,1,0,0
NLD,NL,Netherlands,Donor pool,1,2014,2009-2016,1,80,80,78,78,37,41,0.47435897435897434,0,1,1.9047614,0.09144613176772157,1.589314,-0.24624361245025161,-0.08539364432694567,1.1936644574173743,-0.14790351624137238,-0.24487828812691342,-0.5075116263112912,0,0.5384597329199259,FALSE,0.0751551651588779,1,0,0
NLD,NL,Netherlands,Donor pool,1,2015,2009-2016,1,78,78,77,77,33,44,0.42857142857142855,0,1,1.3377712,0.1476104431234332,1.4490859999999999,-0.24916492308829966,-0.049188372733648074,0.9684644189838388,-0.14781564444716924,-0.24487828812691342,-0.5673361403739239,0,0.37779650615033,FALSE,0.0321196001126604,1,0,0
NLD,NL,Netherlands,Donor pool,1,2016,2009-2016,1,114,114,113,113,57,56,0.504424778761062,0,1,1.5294609,0.10786388022851237,1.452213,-0.27187590196455613,-0.038898662338526784,0.9982832587851391,-0.14781438759232315,-0.24487828812691342,-0.6466323825257903,0,0.4812745179235759,FALSE,0.09017520113987573,1,0,0
NOR,NO,Norway,Donor pool,1,1997,1997-2008,0,88,88,82,82,40,42,0.4878048780487805,0,1,2.651444,-0.024542121716778022,1.564591,-0.20746764730106215,-0.23108092443300762,0.6991444402692742,-0.1441651069027093,-0.23863887395205305,0.33809031388544236,0,0.43081275899936344,FALSE,0.8228301829945716,1,0,0
NOR,NO,Norway,Donor pool,1,1998,1997-2008,0,84,84,78,78,41,37,0.5256410256410257,0,1,1.6199421,-0.02437657289228144,1.6189600000000002,-0.2250401287968585,-0.23725167908558958,0.6454975815308198,-0.14388611836381118,-0.23863887395205305,0.35443200923667906,0,0.08043229812276861,FALSE,0.5601840171450179,1,0,0
NOR,NO,Norway,Donor pool,1,1999,1997-2008,0,94,94,89,89,40,49,0.449438202247191,0,1,1.8060564000000001,-0.025081839138465054,1.54172,-0.16937536318398788,-0.1735124951708396,0.6922169442444974,-0.1437358442882469,-0.23863887395205305,0.32824460957381774,0,0.3922112738749095,FALSE,0.7397158888498409,1,0,0
NOR,NO,Norway,Donor pool,1,2000,1997-2008,0,77,77,76,76,42,34,0.5526315789473685,0,1,1.8745536,-0.023442070558379696,1.5255640000000001,-0.05082574049549924,-0.21586228690849718,0.7446700284203912,-0.14314280758041137,-0.23863887395205305,0.3015880571976603,1,0.8941823165188983,FALSE,1.4998857215772676,1,0,0
NOR,NO,Norway,Donor pool,1,2001,1997-2008,0,85,84,83,83,44,39,0.5301204819277109,0,1,1.7836433,-0.02355930301565261,1.4421920000000001,-0.03376893193410039,-0.2174008117968913,0.7571198934919423,-0.1430305415506049,-0.23863887395205305,0.21815572821839366,0,0.9542719494016414,FALSE,1.3678698367563566,1,0,0
NOR,NO,Norway,Donor pool,1,2002,1997-2008,0,105,105,101,101,49,52,0.48514851485148514,0,1,1.6801076,-0.020511058638157515,1.571496,-0.032362486303767035,-0.1470095801055564,0.8913763551179957,-0.1436266569919651,-0.23863887395205305,0.20397760489838065,0,0.7635658406122202,FALSE,0.9445085424053339,1,0,0
NOR,NO,Norway,Donor pool,1,2003,1997-2008,0,91,89,89,87,46,41,0.5287356321839081,0,1,2.1107152,-0.024142979395388463,1.7449780000000001,-0.09951698992147341,-0.19292507948591842,1.0994253938693028,-0.1441610756268547,-0.23863887395205305,0.26246878537748836,0,0.7468544502510777,FALSE,0.8766314289468017,1,0,0
NOR,NO,Norway,Donor pool,1,2004,1997-2008,0,90,89,88,87,48,39,0.5517241379310345,0,1,1.826492,-0.02458091968057696,1.819675,-0.004589344150480065,-0.17284517714039394,1.320363179653535,-0.14436180645025048,-0.23863887395205305,0.25391610480247256,0,0.7656052367677074,FALSE,1.1565456175171542,1,0,0
NOR,NO,Norway,Donor pool,1,2005,1997-2008,0,99,99,97,97,56,41,0.5773195876288659,0,1,1.6563406999999999,-0.008579147931663046,1.9630597,-0.08818628889787064,-0.2277539367241838,1.5930240900868715,-0.14453825794260353,-0.23863887395205305,0.10991819488676882,1,0.9877670001128942,FALSE,1.4439017933895018,1,0,0
NOR,NO,Norway,Donor pool,1,2006,1997-2008,0,111,110,108,107,61,46,0.5700934579439252,0,1,1.8613971,-0.011622894339693112,1.8033220000000003,-0.1235839767753278,-0.23640202517065248,1.8101111098849079,-0.144555508786828,-0.23863887395205305,0.09968755748906818,1,0.9824258300931282,FALSE,1.721612729425062,1,0,0
NOR,NO,Norway,Donor pool,1,2007,1997-2008,0,94,94,93,93,56,37,0.6021505376344086,0,1,1.5465647,-0.007195681707861238,1.8261973,-0.11952931080979874,-0.2218016113097551,2.1353529804361187,-0.144881796183302,-0.23863887395205305,0.02077806963159578,1,0.7711290161814389,FALSE,1.6814669403248572,1,0,0
NOR,NO,Norway,Donor pool,1,2008,1997-2008,0,99,98,97,96,55,41,0.5729166666666666,0,1,1.4197232,-0.01293609183104308,1.9836359,-0.16974240362182,-0.20600738045595102,2.488027204716497,-0.14501290259940788,-0.23863887395205305,0.00913162362096944,1,0.9513889391136935,FALSE,1.8618365767074203,1,0,0
NOR,NO,Norway,Donor pool,1,2009,2009-2016,1,84,83,83,82,48,34,0.5853658536585366,0,1,1.4759457999999999,-0.011668088075110099,1.7075045000000002,-0.26636734981560567,-0.03139893259880905,1.9838749679339884,-0.14462944097636138,-0.23863887395205305,-0.10497704552255385,1,0.6870387314592828,FALSE,1.1360141457334323,1,0,0
NOR,NO,Norway,Donor pool,1,2010,2009-2016,1,88,88,87,87,51,36,0.5862068965517241,0,1,1.7151384,-0.011709862445005654,1.6684073000000001,-0.1998425944951351,0.09460366880270774,2.2135484565869934,-0.14477385518658326,-0.23863887395205305,-0.0572669912534744,1,0.684803778181614,FALSE,1.1809759458205427,1,0,0
NOR,NO,Norway,Donor pool,1,2011,2009-2016,1,99,98,96,96,56,40,0.5833333333333334,0,1,1.6134226,-0.021145770377715572,1.6286083999999996,-0.24780356590712338,-0.004610408997156028,2.59729385759527,-0.14503383587384366,-0.23863887395205305,-0.12346126971520781,1,0.7757598150248495,FALSE,1.377006023645285,1,0,0
NOR,NO,Norway,Donor pool,1,2012,2009-2016,1,92,92,90,90,47,43,0.5222222222222223,0,1,1.7483811999999999,-0.0143897115971416,1.6635445000000002,-0.2611596396773951,-0.043191209582882605,2.625331593971422,-0.14490791889027047,-0.23863887395205305,-0.21964186660890117,1,0.7788865624276241,FALSE,1.4008212256504335,1,0,0
NOR,NO,Norway,Donor pool,1,2013,2009-2016,1,61,61,61,61,30,31,0.4918032786885246,0,1,1.4198791,-0.029083208273395843,1.7399297,-0.27267265273972163,0.025838788242562062,2.665823728353483,-0.1448739100830851,-0.23863887395205305,-0.2975244950163829,0,0.6519539989136137,FALSE,1.1532416474430458,1,0,0
NOR,NO,Norway,Donor pool,1,2014,2009-2016,1,80,80,78,78,39,39,0.5,0,1,1.807272,-0.027176824836112928,1.6868034,-0.2739499506108378,0.12896280552285758,2.4928217254600704,-0.14462155487614445,-0.23863887395205305,-0.4072553103262201,0,0.6965412806939041,FALSE,0.9754959220844821,1,0,0
NOR,NO,Norway,Donor pool,1,2015,2009-2016,1,78,78,77,77,36,41,0.4675324675324675,0,1,1.1645638999999999,-0.025470609289544352,1.6222933,-0.24925312019968682,0.24617195106389356,1.821144707931235,-0.1435791110037237,-0.23863887395205305,-0.4210535895208349,0,0.5298614612774556,FALSE,0.7136001590995623,1,0,0
NOR,NO,Norway,Donor pool,1,2016,2009-2016,1,114,110,113,109,55,54,0.5045871559633027,0,1,1.3962742000000001,-0.028677354370501323,1.5853997,-0.24085860082950236,0.17729216622020788,1.7052857416383007,-0.14338047985451066,-0.23863887395205305,-0.5312321130259492,0,0.3136958372953058,FALSE,0.5530526909287778,1,0,0
PAK,PK,Pakistan,Donor pool,1,1997,1997-2008,0,88,88,82,82,67,15,0.8170731707317073,0,1,0.2732779000000001,-0.06903186664389001,3.9427571,0.07242980945479592,0.39010217903371863,-0.3643788010582751,-0.12403300252470126,0.5530281832428006,0.3756916184997261,0,-0.051892992581269164,FALSE,-0.2778896281420476,0,0,0
PAK,PK,Pakistan,Donor pool,1,1998,1997-2008,0,84,84,78,78,59,19,0.7564102564102564,0,1,0.28798019999999996,-0.05554261191988983,3.5268823,0.130936441624292,0.3772154561691488,-0.3647777874222994,-0.12170553340837537,0.5530281832428006,0.38077254521902,0,-0.09911859322005126,FALSE,-0.20553368311996023,1,0,0
PAK,PK,Pakistan,Donor pool,1,1999,1997-2008,0,94,93,89,89,73,16,0.8202247191011236,0,1,0.050212399999999935,-0.030843247643584107,3.297564,0.1840331612888922,0.4150106921775552,-0.36496011360662345,-0.11907116689377194,0.5530281832428006,0.3331139671429208,0,0.017375341576966626,FALSE,-0.19897592954522988,1,0,0
PAK,PK,Pakistan,Donor pool,1,2000,1997-2008,0,77,73,76,72,63,9,0.875,0,1,0.160709,-0.022299734493833906,3.5608266000000004,0.20775919918722352,0.5179625142270634,-0.3583749417404377,-0.11661809985162978,0.5530281832428006,0.30062259141660813,0,0.09177572027765785,FALSE,-0.16118525383366342,0,0,0
PAK,PK,Pakistan,Donor pool,1,2001,1997-2008,0,85,81,83,81,67,14,0.8271604938271605,0,1,0.16982819999999998,-0.014947244478840372,3.3956635,0.1919076553294821,0.6111124512130053,-0.3593270270361822,-0.1117214377623161,0.5530281832428006,0.21087709272769253,0,0.20096360442940184,FALSE,-0.13399683254415942,0,1,0
PAK,PK,Pakistan,Donor pool,1,2002,1997-2008,0,105,103,101,100,82,18,0.82,0,1,0.19705879999999998,-0.010164411486874025,3.0545448,0.24110539924713803,0.555871722446108,-0.3596209545565912,-0.11302464342450866,0.5530281832428006,0.19523295077844133,0,0.3092823900568312,FALSE,-0.062334660105018556,0,1,0
PAK,PK,Pakistan,Donor pool,1,2003,1997-2008,0,91,91,89,89,79,10,0.8876404494382022,0,1,0.5179462,-0.0057480348430166885,3.3377470000000002,0.13696229167982113,0.3607051824252618,-0.3574903099720392,-0.11419087048322141,0.5530281832428006,0.24692196858611817,0,0.2683839598922232,FALSE,-0.06449592527195126,0,1,0
PAK,PK,Pakistan,Donor pool,1,2004,1997-2008,0,90,88,88,86,74,12,0.8604651162790697,0,1,0.18262109999999998,-0.0026372382926078,3.4635458999999997,0.12939984331244314,0.2876909393508401,-0.3545675249810615,-0.11389167184099246,0.5530281832428006,0.2353700095263674,0,0.06297326834216421,FALSE,0.010394452037662079,0,1,0
PAK,PK,Pakistan,Donor pool,1,2005,1997-2008,0,99,95,97,94,76,18,0.8085106382978723,0,1,0.10119089999999997,-0.004950025136851296,3.5182095,0.16556816652457723,0.5015832709505202,-0.35293018483198924,-0.1131484394257135,0.5530281832428006,0.10685097676911214,0,-0.03793412932670851,FALSE,-0.09016487060073423,0,1,0
PAK,PK,Pakistan,Donor pool,1,2006,1997-2008,0,111,108,108,108,97,11,0.8981481481481481,0,1,0.1993853,-0.001958835815781028,3.4653338000000002,0.1381598796410611,0.5067507221453046,-0.35077752210967783,-0.11270078888995158,0.5530281832428006,0.09151980537083944,0,-0.12905804816787067,FALSE,-0.17268665338466013,0,1,0
PAK,PK,Pakistan,Donor pool,1,2007,1997-2008,0,94,94,93,93,80,13,0.8602150537634409,0,1,0.010112800000000033,-1.789923503214125e-4,3.3626492,0.08670447533239997,0.5345151680006432,-0.3479206776002458,-0.1124244712746206,0.5530281832428006,0.014847788971436638,0,-0.14744000497634982,FALSE,-0.17209232456769621,0,1,0
PAK,PK,Pakistan,Donor pool,1,2008,1997-2008,0,99,98,97,96,82,14,0.8541666666666666,0,1,0.11168999999999996,0.0015981393161723244,3.5150490999999997,0.009586377516786138,0.30387811733322123,-0.3458943932216958,-0.10670536247056933,0.5530281832428006,-0.0031522421012597788,1,-0.32236719196678,FALSE,-0.4530257342909545,0,1,0
PAK,PK,Pakistan,Donor pool,1,2009,2009-2016,1,84,83,83,82,70,12,0.8536585365853658,0,1,0.08020640000000001,0.0032072396555259527,3.1032439000000003,0.0043373131459162936,0.595717336270929,-0.3489286913357657,-0.10001901903898451,0.5530281832428006,-0.11754919513036369,1,-0.018905753318192733,FALSE,-0.23016318809606653,0,0,0
PAK,PK,Pakistan,Donor pool,1,2010,2009-2016,1,88,88,87,87,69,18,0.7931034482758621,0,1,0.03302959999999999,0.0037559006944459395,3.4165753,-0.028111149901195367,0.7357875063187562,-0.3482376258951501,-0.0979601999858056,0.5530281832428006,-0.07033815792012099,1,0.05916551428210602,FALSE,-0.26493959211471624,0,0,0
PAK,PK,Pakistan,Donor pool,1,2011,2009-2016,1,99,96,96,93,72,21,0.7741935483870968,0,1,0.03848039999999997,0.004760944317229465,3.2805114,-0.06363868389244359,0.7499868242336937,-0.3439933313147056,-0.09728027993872228,0.5530281832428006,-0.1453567935577448,1,0.04462602795236833,FALSE,-0.3867728483572272,0,0,0
PAK,PK,Pakistan,Donor pool,1,2012,2009-2016,1,92,90,90,88,68,20,0.7727272727272727,0,1,0.05213559999999995,0.006588006226619017,3.4640613,-0.08292130347589403,1.4597889113514562,-0.34185900826983373,-0.09310943161082216,0.5530281832428006,-0.23737156048096109,1,0.04574704458263236,FALSE,-0.5263117211966822,0,0,0
PAK,PK,Pakistan,Donor pool,1,2013,2009-2016,1,61,60,61,60,54,6,0.9,0,1,0.05859389999999998,0.008324095621118363,3.2184027,-0.06770722392268791,1.4852047830279433,-0.34123985863248285,-0.08823954668560698,0.5530281832428006,-0.32913994776490096,0,0.0040499111057954885,FALSE,-0.2860764007169116,0,0,0
PAK,PK,Pakistan,Donor pool,1,2014,2009-2016,1,80,80,78,78,70,8,0.8974358974358975,0,1,0.15243410000000002,0.010982196703251337,3.6465095,0.010624903489935457,1.0402201428695783,-0.3400297443672327,-0.08855231579779367,0.5530281832428006,-0.4395060907034812,0,0.023490267319086735,FALSE,-0.40164591822426193,0,0,0
PAK,PK,Pakistan,Donor pool,1,2015,2009-2016,1,78,78,77,77,65,12,0.8441558441558441,0,1,0.035895099999999985,0.010969290130082989,2.7509620999999997,0.08323995084954351,1.0319438767627673,-0.3366839027770608,-0.08756506485927351,0.5530281832428006,-0.4518514230538451,0,0.045852660775021384,FALSE,-0.3320379256090383,0,0,0
PAK,PK,Pakistan,Donor pool,1,2016,2009-2016,1,114,113,113,112,86,26,0.7678571428571429,0,1,0.10999200000000003,0.012176057979276966,2.8716819,-0.06210859818182418,0.9533777133944774,-0.3353843948740547,-0.08638224124914023,0.5530281832428006,-0.5657601060457708,0,-0.0276209542950617,FALSE,-0.17259848610802883,0,0,0
PAN,PA,Panama,Donor pool,1,1997,1997-2008,0,88,86,82,80,64,16,0.8,0,1,0.8604398,-0.11278871399385137,3.3555952000000002,-0.07980783797109299,-0.35253275644699056,-0.27304746029862764,-0.14775726547488724,-0.6629740771663384,0.41267350160249866,1,-0.17607496341024395,TRUE,0.10214912896580472,0,0,0
PAN,PA,Panama,Donor pool,1,1998,1997-2008,0,84,82,78,76,56,20,0.7368421052631579,0,1,0.09635890000000003,-0.11280173585692573,3.1425432,-0.10742091860475819,-0.3520810805908442,-0.2653522789975705,-0.14775726547488724,-0.6629740771663384,0.4291661191680466,1,-0.4023142036597536,TRUE,-0.04999537195881644,0,0,0
PAN,PA,Panama,Donor pool,1,1999,1997-2008,0,94,85,89,82,61,21,0.7439024390243902,0,1,0.3782105,-0.11292417119696048,2.9695659,-0.08420692664023796,-0.34991636018372935,-0.2611646359011358,-0.14775726547488724,-0.6629740771663384,0.4024861295279528,0,-0.44113371098861287,TRUE,0.08725968650365414,0,0,0
PAN,PA,Panama,Donor pool,1,2000,1997-2008,0,77,77,76,76,61,15,0.8026315789473685,0,1,0.31964830000000005,-0.11351348131244643,3.0804693000000003,-0.14944322354284367,-0.3527281046957382,-0.26043727368086417,-0.14775726547488724,-0.6629740771663384,0.37771352292803384,0,-0.21951598435909186,TRUE,0.12009403535166174,0,0,0
PAN,PA,Panama,Donor pool,1,2001,1997-2008,0,85,81,83,80,66,14,0.825,0,1,0.3351694,-0.11358092970736952,2.8906659,-0.21237109569271137,-0.3428671380547244,-0.2599470021847794,-0.14775726547488724,-0.6629740771663384,0.29423911805697683,0,0.012080430024443112,TRUE,-0.013510084133583537,0,0,0
PAN,PA,Panama,Donor pool,1,2002,1997-2008,0,105,103,101,99,71,28,0.7171717171717171,0,1,0.27549009999999996,-0.1136266275736136,2.9761135,-0.20687923888672444,-0.3450520867922328,-0.2570433482415418,-0.14775726547488724,-0.6629740771663384,0.28267589542826743,0,0.048606496840182936,TRUE,-0.08836848041066853,0,0,0
PAN,PA,Panama,Donor pool,1,2003,1997-2008,0,91,91,89,89,75,14,0.8426966292134831,0,1,0.5838683,-0.11365751944853883,3.2718249000000004,-0.2257129982010457,-0.22603909944789607,-0.25192781863818375,-0.14775726547488724,-0.6629740771663384,0.33812360186295803,0,-0.13231502082913854,TRUE,-0.19826555202191995,0,0,0
PAN,PA,Panama,Donor pool,1,2004,1997-2008,0,90,88,88,86,71,15,0.8255813953488372,0,1,0.5881978,-0.11355971020403996,3.0579692,-0.2252903682627838,-0.3115718933657134,-0.24076388012320352,-0.14775726547488724,-0.6629740771663384,0.3291181229791244,1,-0.27807489657614815,TRUE,-0.21304580770737092,0,0,0
PAN,PA,Panama,Donor pool,1,2005,1997-2008,0,99,98,97,96,76,20,0.7916666666666666,0,1,0.49418360000000006,-0.11335342652990404,3.1252168,-0.2733216348661397,-0.32962573467629597,-0.2297976012982126,-0.14775726547488724,-0.6629740771663384,0.19847005266362663,1,-0.24983631401322312,TRUE,-0.03620587771505126,0,0,0
PAN,PA,Panama,Donor pool,1,2006,1997-2008,0,111,110,108,107,87,20,0.8130841121495327,0,1,0.7271223,-0.11269379788991583,2.9375968,0.12868992307475974,-0.3423275277460728,-0.21478038762595544,-0.14775726547488724,-0.6629740771663384,0.18510944152681785,1,-0.03775812275828756,TRUE,0.20697383533360664,0,0,0
PAN,PA,Panama,Donor pool,1,2007,1997-2008,0,94,93,93,92,76,16,0.8260869565217391,0,1,0.5399103000000001,-0.1122943977869146,2.8328517,0.06963998571888971,-0.34548931394508275,-0.19159304058562768,-0.14775726547488724,-0.6629740771663384,0.10960413155514621,1,-0.19739889167540053,TRUE,0.4347389798443476,0,0,0
PAN,PA,Panama,Donor pool,1,2008,1997-2008,0,99,98,97,96,70,26,0.7291666666666666,0,1,0.63070927,-0.11249682467927825,2.7726498299999998,0.07093853748564868,-0.28613950873479205,-0.16133171271222385,-0.14775726547488724,-0.6629740771663384,0.09327715984692482,1,-0.38458664876422527,TRUE,0.19949819669491434,0,0,0
PAN,PA,Panama,Donor pool,1,2009,2009-2016,1,84,82,83,81,58,23,0.7160493827160493,0,1,0.846078,-0.112662705797733,2.3373723,0.10439486872438854,-0.3173985236621649,-0.1481273538010249,-0.14775726547488724,-0.6629740771663384,-0.019619635818069713,0,0.055077027295149135,TRUE,0.09354568391353703,0,0,0
PAN,PA,Panama,Donor pool,1,2010,2009-2016,1,88,87,87,86,60,26,0.6976744186046512,0,1,1.0821519,-0.1121145605658039,2.3013938,0.1110656536547543,-0.3305472284842973,-0.13241920458088188,-0.14775726547488724,-0.6629740771663384,0.027591837335688183,0,-0.46209427751052295,TRUE,0.024076716368035427,0,0,0
PAN,PA,Panama,Donor pool,1,2011,2009-2016,1,99,96,96,94,64,30,0.6808510638297872,0,1,1.0068408,-0.11137715565870161,2.2351902,0.0739637561799188,-0.31496241995363966,-0.09331085083450258,-0.14775726547488724,-0.6629740771663384,-0.0472005986487037,0,-0.5882853643497143,TRUE,0.011432364074932167,0,0,0
PAN,PA,Panama,Donor pool,1,2012,2009-2016,1,92,91,90,89,53,36,0.5955056179775281,0,1,1.0591634,-0.11135338500146236,2.3527623,0.126775869805147,-0.29472745467960887,-0.052096115985557696,-0.14775726547488724,-0.6629740771663384,-0.13769128167817124,0,-0.3893119505482417,TRUE,0.049740694671746986,0,0,1
PAN,PA,Panama,Donor pool,1,2013,2009-2016,1,61,60,61,60,39,21,0.65,0,1,0.6839776,-0.11128959425562306,2.4758312,0.11679434142205018,-0.3091409663275889,-0.016582176180723232,-0.14775726547488724,-0.6629740771663384,-0.2280462958129205,0,-0.37411895213946444,TRUE,-0.01884340923270758,0,0,1
PAN,PA,Panama,Donor pool,1,2014,2009-2016,1,80,80,78,78,57,21,0.7307692307692307,0,1,0.9322986,-0.1097853857446314,2.5617768,0.2033306865776444,-0.20522287254286906,0.011037410485739573,-0.14775726547488724,-0.6629740771663384,-0.3374372057819539,0,-0.6059018060716264,TRUE,-0.147189251133811,0,0,1
PAN,PA,Panama,Donor pool,1,2015,2009-2016,1,78,78,77,77,51,26,0.6623376623376623,0,1,0.25027387,-0.11104305451253668,2.53658333,0.26947435932185626,0.0916189826614946,0.03658758984940267,-0.14775726547488724,-0.6629740771663384,-0.34873050507316433,0,-0.3738591206373729,TRUE,-0.19237682884287813,0,0,1
PAN,PA,Panama,Donor pool,1,2016,2009-2016,1,114,112,113,111,69,42,0.6216216216216216,0,1,0.3979804,-0.11102320676805541,2.5836935,0.32281016281498665,-0.2887235545539192,0.05861876053291337,-0.14775726547488724,-0.6629740771663384,-0.46163604128411273,0,-0.3115979577113906,TRUE,-0.13295877593651304,0,0,1
PNG,PG,Papua New Guinea,Donor pool,1,1997,1997-2008,0,88,88,82,82,65,17,0.7926829268292683,0,1,0.4218362,-0.11425431476528831,3.7941988,-0.32865030528986483,0.19914488260041113,-0.34816659955607837,-0.14749822384072522,0.9645785971476389,0.413912180339363,0,-0.012097866193633351,FALSE,0.1840701960200709,1,0,0
PNG,PG,Papua New Guinea,Donor pool,1,1998,1997-2008,0,84,71,78,66,52,14,0.7878787878787878,0,1,0.2846985,-0.11445488990559716,3.5236006,-0.24674080046462896,-0.11288637030010455,-0.35569662066315233,-0.14712228161423552,0.9645785971476389,0.43056331191572944,0,0.16387475312917724,FALSE,0.06500190501977737,1,0,0
PNG,PG,Papua New Guinea,Donor pool,1,1999,1997-2008,0,94,84,89,81,63,18,0.7777777777777778,0,1,0.08622090000000004,-0.1145394624211904,3.4339973,-0.22369821457980388,0.285795637561149,-0.358149948486001,-0.14682822027341658,0.9645785971476389,0.40385132183154004,0,0.28305717923152457,FALSE,0.006664257514858748,1,0,0
PNG,PG,Papua New Guinea,Donor pool,1,2000,1997-2008,0,77,71,76,70,55,15,0.7857142857142857,0,1,0.35389070000000006,-0.1147183892960012,3.0462269,-0.34917874328027027,0.9810144737612746,-0.3585624395407833,-0.1467031955192217,0.9645785971476389,0.3787318724869279,0,0.6350947155771889,FALSE,0.05682632632262109,1,0,0
PNG,PG,Papua New Guinea,Donor pool,1,2001,1997-2008,0,85,78,83,77,53,24,0.6883116883116883,0,1,0.550243695,-0.11484020163220018,2.675591605,-0.34373987098897185,0.6273746757060259,-0.36144555285393226,-0.14634444199571897,0.9645785971476389,0.29530341427434886,0,0.5987568389615755,FALSE,0.09249603069642039,1,0,0
PNG,PG,Papua New Guinea,Donor pool,1,2002,1997-2008,0,105,96,101,93,56,37,0.6021505376344086,0,1,0.5802828,-0.11492925439295838,2.6713208,-0.271690704490078,1.0133827977757455,-0.36237168497664574,-0.1460448653704886,0.9645785971476389,0.2837768338111055,0,0.051084909965590224,FALSE,0.033509024693445306,1,0,0
PNG,PG,Papua New Guinea,Donor pool,1,2003,1997-2008,0,91,83,89,81,52,29,0.6419753086419753,0,1,1.0887868,-0.11494153906149181,2.7669064000000003,-0.33565090389951174,1.0401357625376009,-0.3602812500434122,-0.14624109200437196,0.9645785971476389,0.3392088140321102,0,0.313765424886396,FALSE,0.18352763759669818,1,0,0
PNG,PG,Papua New Guinea,Donor pool,1,2004,1997-2008,0,90,77,88,75,45,30,0.6,0,1,1.0115601,-0.11497367139366976,2.6346069,-0.33533667304970044,0.9872927686168109,-0.3590138667158973,-0.14644272742536704,0.9645785971476389,0.3303131575987019,0,0.3555661853254652,FALSE,0.34267230971769697,1,0,0
PNG,PG,Papua New Guinea,Donor pool,1,2005,1997-2008,0,99,74,97,73,47,26,0.6438356164383562,0,1,1.0822126,-0.11527002146356052,2.5371878,-0.3654064599854331,0.9975987780536278,-0.3553731754238413,-0.14651405146666396,0.9645785971476389,0.2000898971927576,0,0.8186157121443894,FALSE,0.4140589929783452,1,0,0
PNG,PG,Papua New Guinea,Donor pool,1,2006,1997-2008,0,111,94,108,93,59,34,0.6344086021505376,0,1,1.0696491,-0.11522138531751112,2.59507,-0.3569518660456474,1.0598202838811615,-0.34086521677227266,-0.14654079422595093,0.9645785971476389,0.18724567730339842,0,0.38179848902977476,FALSE,0.6295999789946951,1,0,0
PNG,PG,Papua New Guinea,Donor pool,1,2007,1997-2008,0,94,61,93,60,49,11,0.8166666666666667,0,1,0.5393357000000001,-0.1151526693691538,2.8334263,-0.3569064709906243,1.1034934875748403,-0.336969444340534,-0.146594846909698,0.9645785971476389,0.112019850966669,0,0.19887011539940988,FALSE,0.7649043029007179,1,0,0
PNG,PG,Papua New Guinea,Donor pool,1,2008,1997-2008,0,99,81,97,79,62,17,0.7848101265822784,0,1,0.5314003,-0.1151811412235526,2.8719588,-0.36311392809905263,0.9574310138730532,-0.3295041293647203,-0.14675173545181924,0.9645785971476389,0.09554585804305542,0,0.4649142895537949,FALSE,0.4040961939835627,1,0,0
PNG,PG,Papua New Guinea,Donor pool,1,2009,2009-2016,1,84,79,83,78,62,16,0.7948717948717948,0,1,0.64629596,-0.11478094040595264,2.5371543400000003,-0.3569831927181752,0.719783900758006,-0.33114862956404745,-0.14671917275826113,0.9645785971476389,-0.017829371907168642,0,-0.17901316919297802,FALSE,-0.3076699690965672,1,0,0
PNG,PG,Papua New Guinea,Donor pool,1,2010,2009-2016,1,88,84,87,83,68,15,0.8192771084337349,0,1,0.7433021000000001,-0.11498066567154433,2.6402436000000002,-0.37037428636307607,1.4772599982426418,-0.3223903957708694,-0.14674037601733805,0.9645785971476389,0.03001417738987445,0,-0.14746866020752153,FALSE,0.43252808573252266,1,0,0
PNG,PG,Papua New Guinea,Donor pool,1,2011,2009-2016,1,99,90,96,88,68,20,0.7727272727272727,0,1,0.73263762,-0.1149236289837798,2.5093933799999997,-0.3671588295935281,1.0811934137272563,-0.31000382162024426,-0.14694639499373577,0.9645785971476389,-0.04420323321041691,0,0.03688783236971732,FALSE,0.3591595491419284,1,0,0
PNG,PG,Papua New Guinea,Donor pool,1,2012,2009-2016,1,92,86,90,84,50,34,0.5952380952380952,0,1,1.0747624,-0.11481415944199266,2.3371633000000003,-0.36941794828367663,0.8247330334793302,-0.2998152198308505,-0.14711633351978026,0.9645785971476389,-0.1347663461867923,0,-0.48713812420139463,FALSE,0.06417237052703094,1,0,0
PNG,PG,Papua New Guinea,Donor pool,1,2013,2009-2016,1,61,60,61,60,40,20,0.6666666666666666,0,1,0.6278720999999999,-0.11475857824345444,2.5319367,-0.3785111230598124,1.413137342500184,-0.30199900479712655,-0.14702119068131766,0.9645785971476389,-0.2251144218756293,0,-0.7812555201168598,FALSE,-0.4278352962548093,1,0,0
PNG,PG,Papua New Guinea,Donor pool,1,2014,2009-2016,1,80,77,78,75,54,21,0.72,0,1,0.7725522300000001,-0.11501657700931667,2.7215231699999998,-0.3844312224431848,1.8262659872136549,-0.29722663243736874,-0.14689291833247725,0.9645785971476389,-0.33301597080833767,0,0.7530171046208154,FALSE,-0.37542898921057427,1,0,0
PNG,PG,Papua New Guinea,Donor pool,1,2015,2009-2016,1,78,76,77,75,51,24,0.68,0,1,0.028624800000000034,-0.1149698942613762,2.815482,-0.3855986089520263,2.4280952329745857,-0.30423760940442696,-0.14671132510278279,0.9645785971476389,-0.34541166614051844,0,0.702555423073465,FALSE,-0.2750006163537382,1,0,0
PNG,PG,Papua New Guinea,Donor pool,1,2016,2009-2016,1,114,114,113,113,75,38,0.6637168141592921,0,1,0.251983,-0.11491064451311106,2.7296909,-0.38317191608655693,2.462445068454502,-0.3091804473925968,-0.1464956692618865,0.9645785971476389,-0.45835050366054586,0,0.8335816352559249,FALSE,-0.2432463527870581,1,0,0
POL,PL,Poland,Donor pool,1,1997,1997-2008,0,88,88,82,82,40,42,0.4878048780487805,0,1,2.624425,-0.024501544475043983,1.5916100000000002,-0.3298507618624628,-0.33893348775436344,-0.2556791682135122,-0.14640916128687226,-0.10134584613610309,0.3380560193029642,0,-0.1313756915185696,FALSE,-0.26863138254970137,0,0,0
POL,PL,Poland,Donor pool,1,1998,1997-2008,0,84,84,78,78,41,37,0.5256410256410257,0,1,1.6308001,-0.024029856451784185,1.6081020000000001,-0.32800313086408156,-0.3255042425272482,-0.2440266568399899,-0.14629317153911964,-0.10134584613610309,0.35413897562825364,0,-0.1535379464972939,FALSE,-0.21225889049626626,0,0,0
POL,PL,Poland,Donor pool,1,1999,1997-2008,0,94,94,89,89,40,49,0.449438202247191,0,1,1.8175634,-0.023579269506175424,1.530213,-0.32640925226960704,-0.26586158744352123,-0.24749528009814054,-0.1460023469495585,-0.10134584613610309,0.3269746859421927,0,-0.36673131887749566,FALSE,0.039276546264871565,0,0,0
POL,PL,Poland,Donor pool,1,2000,1997-2008,0,77,77,76,76,41,35,0.5394736842105263,0,1,1.9121546,-0.024817291130925036,1.4879630000000001,-0.3349072522305785,-0.31792513849573295,-0.244405584217216,-0.14577820426614377,-0.10134584613610309,0.3027503494909697,0,-0.2786523858884203,FALSE,-0.0689475569518514,0,0,0
POL,PL,Poland,Donor pool,1,2001,1997-2008,0,85,84,83,83,44,39,0.5301204819277109,0,1,1.7428473000000002,-0.025866636937480467,1.482988,-0.3466730486998047,-0.27281463126745636,-0.22987116144860956,-0.14592735506530846,-0.10134584613610309,0.22010581280043945,1,-0.09685225072875873,FALSE,-0.20765890895737277,0,0,0
POL,PL,Poland,Donor pool,1,2002,1997-2008,0,105,105,101,101,50,51,0.49504950495049505,0,1,1.6610306,-0.022210425238778607,1.590573,-0.3387668344621813,-0.2876805480605777,-0.22375250458139162,-0.14593555660953403,-0.10134584613610309,0.20541385501188383,1,-0.07726073881584396,FALSE,-0.19357416069938388,0,0,0
POL,PL,Poland,Donor pool,1,2003,1997-2008,0,91,88,89,86,46,40,0.5348837209302325,0,1,2.1948962,-0.024723838901809073,1.660797,-0.34781710191032356,-0.26925596450332695,-0.2091368291120852,-0.14604850035107786,-0.10134584613610309,0.2629597091909379,1,-0.06041337151614405,FALSE,-0.3006716063207003,0,0,0
POL,PL,Poland,Donor pool,1,2004,1997-2008,0,90,90,88,88,48,40,0.5454545454545454,0,1,1.9388910000000001,-0.024623008513452622,1.7072759999999998,-0.2933526144867113,-0.2755751503365412,-0.1800174478073765,-0.1461853833355926,-0.10134584613610309,0.25395167693327303,1,-0.23012497113359034,FALSE,-0.25820624749151566,0,0,0
POL,PL,Poland,Donor pool,1,2005,1997-2008,0,99,98,97,96,52,44,0.5416666666666666,0,1,1.7533684,-0.03206903756407243,1.866032,-0.2970627067241544,-0.25752683832900847,-0.1408689968048596,-0.14643507205489742,-0.10134584613610309,0.12977109574900486,1,-0.08265929667481524,FALSE,-0.18285938921873923,0,0,0
POL,PL,Poland,Donor pool,1,2006,1997-2008,0,111,110,108,108,61,47,0.5648148148148148,0,1,1.8830041,-0.02778500578425251,1.7817150000000002,-0.30041780434643894,-0.27568284982983576,-0.110749935104782,-0.14651333667073743,-0.10134584613610309,0.11334725539546217,1,-0.15549021630633822,FALSE,-0.1753396850130283,0,0,0
POL,PL,Poland,Donor pool,1,2007,1997-2008,0,94,94,93,93,55,38,0.5913978494623656,0,1,1.659141,-0.027398708481948687,1.713621,-0.31599555273293883,-0.2529240414029298,-0.04599188452551837,-0.1467115981590028,-0.10134584613610309,0.03785301949043504,0,-0.2643426701499455,FALSE,-0.08766657058082748,0,0,0
POL,PL,Poland,Donor pool,1,2008,1997-2008,0,99,99,97,97,53,44,0.5463917525773195,0,1,1.7047151,-0.031421255364097025,1.6986439999999998,-0.32363257382456845,-0.24008380632181747,0.0355856788338802,-0.14692375889890047,-0.10134584613610309,0.024754690599436968,0,-0.26727860621139865,FALSE,-0.1635133945206666,0,0,0
POL,PL,Poland,Donor pool,1,2009,2009-2016,1,84,84,83,83,47,36,0.5662650602409639,0,1,1.8175853000000002,-0.026922736419021525,1.365865,-0.3170854296052327,-0.19843943269938755,-0.03765280797145573,-0.14650329175058616,-0.10134584613610309,-0.09208430630584377,0,-0.11340063383427113,FALSE,-0.29095321387350614,0,0,0
POL,PL,Poland,Donor pool,1,2010,2009-2016,1,88,87,87,86,48,38,0.5581395348837209,0,1,1.9217247,-0.026315786729944095,1.461821,-0.3408280797991097,-0.19667053357946265,-0.007930547304561523,-0.14656530114235414,-0.10134584613610309,-0.044922532792071826,0,-0.18197118345234567,FALSE,-0.34895559234933266,0,0,0
POL,PL,Poland,Donor pool,1,2011,2009-2016,1,99,98,96,96,55,41,0.5729166666666666,0,1,1.7882889999999998,-0.027326105094002535,1.4537419999999999,-0.3303190867973223,-0.19962465339233595,0.030269869108017333,-0.1465963244034324,-0.10134584613610309,-0.11823784915691846,0,-0.1799008881366932,FALSE,-0.18382561500227607,0,0,0
POL,PL,Poland,Donor pool,1,2012,2009-2016,1,92,92,90,90,47,43,0.5222222222222223,0,1,1.8676466999999999,-0.03215744675667299,1.5442790000000002,-0.3258043960663553,-0.19553509216489126,0.007341247263173169,-0.14642261694536735,-0.10134584613610309,-0.20462514706748766,0,-0.1254564647562112,FALSE,-0.15089347462115782,0,0,0
POL,PL,Poland,Donor pool,1,2013,2009-2016,1,61,60,61,60,29,31,0.48333333333333334,0,1,1.5189858,-0.036782528514997304,1.640823,-0.3270820796134729,-0.1917913682330004,0.023047733128286577,-0.14647935250761526,-0.10134584613610309,-0.29101727664051485,0,-0.009470051244137795,FALSE,-0.15834589164315716,0,0,0
POL,PL,Poland,Donor pool,1,2014,2009-2016,1,80,80,78,78,37,41,0.47435897435897434,0,1,1.8509844000000002,-0.026964821157804804,1.6430909999999999,-0.32725382748271714,-0.15668220196345908,0.041866249917785515,-0.1464829456120266,-0.10134584613610309,-0.40743448903134555,0,-0.0611086799967261,FALSE,-0.03054757906291866,0,0,0
POL,PL,Poland,Donor pool,1,2015,2009-2016,1,78,78,77,77,35,42,0.45454545454545453,0,1,1.3856982,-0.02733553409685242,1.4011589999999998,-0.31410525124018973,-0.1510519757310975,-0.005879662589691529,-0.1461192238835855,-0.10134584613610309,-0.41947741492425805,1,0.02675193417664016,FALSE,-0.015522008101799696,0,0,0
POL,PL,Poland,Donor pool,1,2016,2009-2016,1,114,113,113,112,55,57,0.49107142857142855,0,1,1.5832659,-0.03451182736500546,1.3984079999999999,-0.3128372500976535,-0.17455233893115746,-0.010978525891306224,-0.14601673415364166,-0.10134584613610309,-0.5263010036952578,1,0.041096779010394754,FALSE,-0.055681035717891285,0,0,0
PRT,PT,Portugal,Donor pool,1,1997,1997-2008,0,88,88,82,82,40,42,0.4878048780487805,0,1,2.634891,-0.07343141024392216,1.581144,-0.2955153761326948,-0.3280860494684213,-0.03708845901088592,-0.04465885970074047,-0.31073681126773134,0.37940997155703565,1,-0.23778739542427496,FALSE,-0.17159892652629968,1,0,0
PRT,PT,Portugal,Donor pool,1,1998,1997-2008,0,84,84,78,78,42,36,0.5384615384615384,0,1,1.6102061,-0.07158860406692868,1.6286960000000001,-0.2817336916300972,-0.3410067875413828,-0.01876018201627861,-0.04182457458177542,-0.31073681126773134,0.39433410282173686,1,-0.31211506727913263,FALSE,-0.25141908138251023,1,0,0
PRT,PT,Portugal,Donor pool,1,1999,1997-2008,0,94,94,89,89,41,48,0.4606741573033708,0,1,1.7706714,-0.06990948763561303,1.577105,-0.27624591858328484,-0.3335408530841708,-0.010647026149175396,-0.14779376841559996,-0.31073681126773134,0.36613149944124246,1,-0.38327459511012596,FALSE,-0.12820466172357423,1,0,0
PRT,PT,Portugal,Donor pool,1,2000,1997-2008,0,77,77,76,76,42,34,0.5526315789473685,0,1,1.7804916,-0.07077678191417897,1.6196260000000002,-0.17155641836263083,-0.33074880547827246,-0.03853236117045981,-0.1477083489329035,-0.31073681126773134,0.3415938361346838,1,-0.487545178079299,FALSE,-0.08544163248959065,1,0,0
PRT,PT,Portugal,Donor pool,1,2001,1997-2008,0,85,84,83,83,45,38,0.54216867469879515,0,1,1.6500993,-0.07075930358998493,1.575736,-0.19161106574359638,-0.31924113408270777,-0.03240844359984999,-0.14768834110548895,-0.31073681126773134,0.2580476539261605,1,-0.46881471588504847,FALSE,-0.1960953441445676,1,0,0
PRT,PT,Portugal,Donor pool,1,2002,1997-2008,0,105,102,101,98,48,50,0.4897959183673469,0,1,1.6921625999999999,-0.07183705814228139,1.559441,-0.20801424337616412,-0.31448851680195555,0.0029118901862833758,-0.14772322177393252,-0.31073681126773134,0.24735669248696873,0,-0.3570522472287077,FALSE,-0.13816399102932553,1,0,0
PRT,PT,Portugal,Donor pool,1,2003,1997-2008,0,91,89,89,87,48,39,0.5517241379310345,0,1,2.0287362,-0.07421807078278053,1.8269570000000002,-0.21438651038495968,-0.2789812985132767,0.08698900835892782,-0.14782584619988048,-0.31073681126773134,0.3047906455708925,0,-0.26243587214338154,FALSE,-0.309608162172871,1,0,0
PRT,PT,Portugal,Donor pool,1,2004,1997-2008,0,90,90,88,88,49,39,0.5568181818181818,0,1,1.8044318000000001,-0.07500035792914217,1.8417352,-0.2612070920183527,-0.285031951778107,0.15358964135800104,-0.1478732374901042,-0.31073681126773134,0.2965289959119031,0,-0.3339942003203486,FALSE,-0.35774654517965976,1,0,0
PRT,PT,Portugal,Donor pool,1,2005,1997-2008,0,99,99,97,97,57,40,0.5876288659793815,0,1,1.6425509,-0.07772896394605695,1.9768495,-0.25252711844679065,-0.24903221371505596,0.17462940588856127,-0.14787330932592352,-0.31073681126773134,0.16836140017461013,1,-0.4220780080517205,FALSE,-0.36023897977287095,1,0,0
PRT,PT,Portugal,Donor pool,1,2006,1997-2008,0,111,111,108,108,62,46,0.5740740740740741,0,1,1.8538081000000002,-0.07510947802660184,1.8109110000000002,-0.2330856059912074,-0.25994543022871214,0.2057592004229408,-0.14787766686623338,-0.31073681126773134,0.1533443805623994,1,-0.45856635687134445,FALSE,-0.22557927452185308,1,0,0
PRT,PT,Portugal,Donor pool,1,2007,1997-2008,0,94,94,93,93,57,36,0.6129032258064516,0,1,1.5942192,-0.07929568056929519,1.7785428,-0.24071572641740846,-0.2690677931132998,0.293083901495554,-0.1479171527657711,-0.31073681126773134,0.08171467478228493,1,-0.423941965069107,FALSE,-0.12894290002368805,1,0,0
PRT,PT,Portugal,Donor pool,1,2008,1997-2008,0,99,99,97,97,53,44,0.5463917525773195,0,1,1.5840307,-0.07866729712989776,1.8193283999999998,-0.27323148715043294,-0.2779674833776208,0.3559115825124542,-0.1479465776115626,-0.31073681126773134,0.06468552884464457,1,-0.5436408236916551,FALSE,-0.1910999006677645,1,0,0
PRT,PT,Portugal,Donor pool,1,2009,2009-2016,1,84,84,83,83,49,34,0.5903614457831325,0,1,1.5142196,-0.07867064451302086,1.6692307000000002,-0.2882130656890806,-0.23922690544354044,0.3030799482126389,-0.1479246729694513,-0.31073681126773134,-0.048348635117298054,1,-0.4603845067865158,FALSE,-0.6400686153259997,1,0,0
PRT,PT,Portugal,Donor pool,1,2010,2009-2016,1,88,88,87,87,53,34,0.6091954022988506,0,1,1.7841812,-0.07778227865386464,1.5993645,-0.27122710010291834,-0.1960837319139417,0.2854692565220237,-0.14790258126936834,-0.31073681126773134,-0.0014247055190590033,1,-0.458371728271505,FALSE,-0.787634655044885,1,0,0
PRT,PT,Portugal,Donor pool,1,2011,2009-2016,1,99,98,96,96,57,39,0.59375,0,1,1.6624439,-0.07952452825703632,1.5795871,-0.27656526408125615,-0.14737093385683456,0.3058812694494069,-0.1479238116910051,-0.31073681126773134,-0.07412141709029049,0,-0.22694661336396185,FALSE,-0.5146321696362638,1,0,0
PRT,PT,Portugal,Donor pool,1,2012,2009-2016,1,92,92,90,90,49,41,0.5444444444444444,0,1,1.7678878,-0.07718937799921846,1.6440379000000003,-0.2748441169660051,-0.030750260071980215,0.22791576437167296,-0.14788836905963662,-0.31073681126773134,-0.16656560397964798,0,0.009133009947077074,FALSE,-0.4299530457384761,1,0,0
PRT,PT,Portugal,Donor pool,1,2013,2009-2016,1,61,59,61,59,31,28,0.5254237288135594,0,1,1.4210951,-0.08112810845378937,1.7387137,-0.2723306785402468,-0.07671969372045853,0.2597429571054665,-0.1479033879389956,-0.31073681126773134,-0.2535378156477091,0,0.1848835125398761,FALSE,-0.3182330655995636,1,0,0
PRT,PT,Portugal,Donor pool,1,2014,2009-2016,1,80,79,78,77,39,38,0.5064935064935064,0,1,1.7861878,-0.08364453334858858,1.7078875999999998,-0.26289868648855064,-0.03538911016954298,0.27279636851438493,-0.14790351624137238,-0.31073681126773134,-0.3595306152953368,0,0.10495552346478282,FALSE,-0.5442453872357821,1,0,0
PRT,PT,Portugal,Donor pool,1,2015,2009-2016,1,78,77,77,76,37,39,0.4868421052631579,0,1,1.1397978,-0.08934703627375458,1.6470593999999998,-0.24246417523382466,-0.034572047670458225,0.18743170287675387,-0.14781564444716924,-0.31073681126773134,-0.3670672834037666,1,0.10884400093596579,FALSE,-0.31142780754060995,1,0,0
PRT,PT,Portugal,Donor pool,1,2016,2009-2016,1,114,112,113,111,59,52,0.5315315315315315,0,1,1.392827,-0.0866910964102139,1.5888468999999998,-0.24143127854253765,-0.023745154172591876,0.20989759433429897,-0.14781438759232315,-0.31073681126773134,-0.4822007600743079,1,0.15980267970904025,FALSE,-0.1140026462374962,1,0,0
PRY,PY,Paraguay,Donor pool,1,1997,1997-2008,0,88,83,82,78,59,19,0.7564102564102564,0,1,1.12863308,-0.11234276831276739,3.08740192,-0.3294140383330268,-0.3533702189248653,-0.3161710721039116,1.139764422030119,-0.07368494476349179,0.4122966026244681,0,-0.20142295275275976,TRUE,0.08408181794027222,0,0,0
PRY,PY,Paraguay,Donor pool,1,1998,1997-2008,0,84,84,78,78,53,25,0.6794871794871795,0,1,0.39209131,-0.11240871441780327,2.84681079,-0.26380001685791,-0.34245113805749067,-0.3217140484227194,1.4642542805359513,-0.07368494476349179,0.42883395006083774,0,0.17345887692040368,TRUE,0.1496455704511639,0,0,0
PRY,PY,Paraguay,Donor pool,1,1999,1997-2008,0,94,94,89,89,63,26,0.7078651685393258,0,1,0.69688425,-0.11274292687022489,2.65089215,-0.2693917063121874,-0.33517844411250314,-0.3253455606081001,1.6964506437971447,-0.07368494476349179,0.4023329476396236,0,0.18130384612433556,TRUE,-0.03188322346372045,0,0,0
PRY,PY,Paraguay,Donor pool,1,2000,1997-2008,0,77,77,76,76,55,21,0.7236842105263158,0,1,0.8448021000000001,-0.11302588576984503,2.5553155000000003,-0.3602988460615124,-0.3373704380870691,-0.3262327149220931,1.9136811603717279,-0.07368494476349179,0.3773014228237074,0,-0.05454162835467413,TRUE,-0.10449334386025182,0,0,0
PRY,PY,Paraguay,Donor pool,1,2001,1997-2008,0,85,79,83,78,57,21,0.7307692307692307,0,1,0.7468447,-0.11323113911789082,2.4789906,-0.3761510039206969,-0.3335674424984362,-0.32912525190939257,2.280131479487869,-0.07368494476349179,0.2939434862764903,0,0.07607385938499742,TRUE,0.11091977998471729,0,0,0
PRY,PY,Paraguay,Donor pool,1,2002,1997-2008,0,105,105,101,101,73,28,0.7227722772277227,0,1,0.49246064999999994,-0.11329793768743202,2.7591429499999998,-0.3605741119884987,-0.3169242370989684,-0.33705726108852047,3.232575233183332,-0.07368494476349179,0.28239809728502796,0,0.5622814894547423,TRUE,-0.03308683380513974,0,0,0
PRY,PY,Paraguay,Donor pool,1,2003,1997-2008,0,91,91,89,89,74,15,0.8314606741573034,0,1,0.86290705,-0.11330847606856008,2.99278615,-0.3543747828669192,-0.29209514636185485,-0.33481702456329476,3.6513749641830135,-0.07368494476349179,0.33782860159996075,0,0.10836004654751741,TRUE,0.12618228888452052,0,0,0
PRY,PY,Paraguay,Donor pool,1,2004,1997-2008,0,90,85,88,84,67,17,0.7976190476190477,0,1,0.819471367,-0.11329750060250117,2.826695633,-0.3537687006249256,-0.0837651991830254,-0.32476051361009606,3.38536004590419,-0.07368494476349179,0.32889651183893037,0,0.09088388947914346,TRUE,0.2620592586326763,0,0,0
PRY,PY,Paraguay,Donor pool,1,2005,1997-2008,0,99,95,97,93,76,17,0.8172043010752689,0,1,0.6154039,-0.11407172427149918,3.0039965,-0.35693710837409914,-0.09259897386526354,-0.31933412777344367,3.505637336403309,-0.07368494476349179,0.19907713486267542,0,0.06239102357692423,TRUE,0.22026982827142078,0,0,0
PRY,PY,Paraguay,Donor pool,1,2006,1997-2008,0,111,111,108,108,93,15,0.8611111111111112,0,1,0.7244987,-0.11397769108047993,2.9402204000000003,-0.35803515681726356,-0.13660924992161633,-0.30556484894086167,3.1845699423346154,-0.07368494476349179,0.18619454684782402,0,0.1637113912295969,TRUE,0.21229202701226885,0,0,0
PRY,PY,Paraguay,Donor pool,1,2007,1997-2008,0,94,82,93,81,70,11,0.8641975308641975,0,1,0.52281091,-0.11401722542867486,2.8499510900000002,-0.36473611655086086,-0.3045881219663214,-0.2828637080453562,2.828286366121881,-0.07368494476349179,0.11106021018769105,0,0.3323601164803875,TRUE,0.24408519033662873,0,0,0
PRY,PY,Paraguay,Donor pool,1,2008,1997-2008,0,99,96,97,94,73,21,0.776595744680851,0,1,0.4174374,-0.11385234575396157,2.9859217,-0.3755675194857084,-0.15204044333731362,-0.24839291655096787,2.432352894370499,-0.07368494476349179,0.09442280275685312,1,0.11822507897559967,TRUE,0.3263441390132159,0,0,0
PRY,PY,Paraguay,Donor pool,1,2009,2009-2016,1,84,80,83,79,69,10,0.8734177215189873,0,1,0.2970097,-0.11384841557409223,2.8864406000000002,-0.37597601391901675,-0.27935744455497885,-0.26141422305644096,2.789232852185803,-0.07368494476349179,-0.018617511967773902,1,0.19237150359166402,TRUE,0.17730569131755028,0,0,0
PRY,PY,Paraguay,Donor pool,1,2010,2009-2016,1,88,84,87,83,70,13,0.8433734939759037,0,1,0.5046456,-0.1134266570557217,2.8789001,-0.37815244954246496,-0.25985945678385064,-0.23763725741095804,2.666060542312297,-0.07368494476349179,0.028700779180186643,1,0.03808963044375251,TRUE,0.24981876368576342,0,0,0
PRY,PY,Paraguay,Donor pool,1,2011,2009-2016,1,99,92,96,90,77,13,0.8555555555555555,0,1,0.4073113,-0.11346644159961694,2.8347197,-0.36826642138915405,-0.29079638126815793,-0.20665109563438158,2.332107173572415,-0.07368494476349179,-0.04543480122236625,1,0.06258882785213545,TRUE,0.2289537060851878,0,0,0
PRY,PY,Paraguay,Donor pool,1,2012,2009-2016,1,92,85,90,83,65,18,0.7831325301204819,0,1,0.661427,-0.11339793458046236,2.7504987,-0.34392738974419684,-0.2644659879753843,-0.21144788574878,2.4668748963248293,-0.07368494476349179,-0.1359632939892122,0,0.0062685378656139904,TRUE,0.05910609789229693,0,0,0
PRY,PY,Paraguay,Donor pool,1,2013,2009-2016,1,61,61,61,61,36,25,0.5901639344262295,0,1,0.6403455,-0.11340280338599971,2.5194633,-0.33251354083678353,-0.26265431164545905,-0.1881293794421835,2.3972149697994407,-0.07368494476349179,-0.22626027927461134,0,0.14453289121294893,TRUE,0.05049955490339426,0,0,0
PRY,PY,Paraguay,Donor pool,1,2014,2009-2016,1,80,80,78,78,51,27,0.6538461538461539,0,1,0.90241003,-0.11313743361367959,2.59166537,-0.3556204606470346,-0.2711226557113747,-0.18176512652731916,2.4908443047450257,-0.07368494476349179,-0.3346041624994577,0,0.05581086945293237,TRUE,0.08641688767888231,0,0,0
PRY,PY,Paraguay,Donor pool,1,2015,2009-2016,1,78,76,77,75,43,32,0.5733333333333334,0,1,0.24732723299999998,-0.1132249278922726,2.539529967,-0.35395084014469985,-0.2811416132223029,-0.20447837158409235,2.930140810541087,-0.07368494476349179,-0.3468864557149207,0,0.08926967071642654,TRUE,0.055594473125546315,0,0,0
PRY,PY,Paraguay,Donor pool,1,2016,2009-2016,1,114,113,113,112,67,45,0.5982142857142857,0,1,0.40297315,-0.11311634719877439,2.57870075,-0.36139452387579646,-0.3194503737880865,-0.20753979657401175,3.2055353124297015,-0.07368494476349179,-0.45986698616669414,0,0.3454937555033203,TRUE,0.20784113367393336,0,0,0
QAT,QA,Qatar,Donor pool,1,1997,1997-2008,0,88,86,82,80,68,12,0.85,0,1,0.15783400000000003,-0.10303012336878008,4.058201,-0.3548343626737806,-0.018809540006559836,0.22584031679568506,-0.1461958176319421,0.4668825605546904,0.4044258539861646,0,-1.5727767636133436,FALSE,-0.6473504186510556,0,0,0
QAT,QA,Qatar,Donor pool,1,1998,1997-2008,0,84,79,78,73,59,14,0.8082191780821918,0,1,0.5243993,-0.10190851738576664,3.7633014,-0.31811175752145704,-0.21229759241247867,0.14187277633648376,-0.1461958176319421,0.4668825605546904,0.4199595205095229,0,-1.2806889111996234,FALSE,-0.43917560310078746,0,0,0
QAT,QA,Qatar,Donor pool,1,1999,1997-2008,0,94,89,89,84,70,14,0.8333333333333334,0,1,0.20954430000000002,-0.10157098933973557,3.5573207,-0.3275976470635779,-0.19740675219176468,0.21734421992604186,-0.1461958176319421,0.4668825605546904,0.39289078457701465,0,0.14037266297891368,FALSE,-0.20981081835566787,0,0,0
QAT,QA,Qatar,Donor pool,1,2000,1997-2008,0,77,76,76,75,66,9,0.88,0,1,0.4310673999999999,-0.10132801357444464,3.831185,-0.3193752848624817,0.21396116469184573,0.4319089764277776,-0.1461958176319421,0.4668825605546904,0.36741475666100387,0,0.5926761524808238,FALSE,0.567620799913466,0,0,0
QAT,QA,Qatar,Donor pool,1,2001,1997-2008,0,85,75,83,75,69,6,0.92,0,1,0.6191127,-0.10101838326265405,3.844948,-0.3169439872637198,0.14019838859737835,0.38299872782149597,-0.1461958176319421,0.4668825605546904,0.2836216569685235,0,1.3798529946918905,FALSE,0.5553795717882162,0,0,0
QAT,QA,Qatar,Donor pool,1,2002,1997-2008,0,105,104,101,101,88,13,0.8712871287128713,0,1,0.7295664,-0.10276155902055895,3.9811699999999997,-0.3066442681074128,-0.11951253473578947,0.42284257846325823,-0.1461958176319421,0.4668825605546904,0.2734930881771177,0,1.166196083324634,FALSE,0.8507986440758505,0,0,0
QAT,QA,Qatar,Donor pool,1,2003,1997-2008,0,91,91,89,89,82,7,0.9213483146067416,0,1,0.3559698,-0.1029026769244961,4.211663,-0.3549088571277511,-0.03638936728050334,0.5514319307872374,-0.1461958176319421,0.4668825605546904,0.32903395411407377,0,1.4086830975713698,FALSE,0.7485532281180489,0,0,0
QAT,QA,Qatar,Donor pool,1,2004,1997-2008,0,90,88,88,86,79,7,0.9186046511627907,0,1,0.2529109999999999,-0.1018949853260475,3.899078,-0.35988839621668955,-0.0785580318265293,0.8286347332274836,-0.1461958176319421,0.4668825605546904,0.3192594718653055,0,1.429075202081557,FALSE,1.5892369882846327,0,0,0
QAT,QA,Qatar,Donor pool,1,2005,1997-2008,0,99,99,97,97,86,11,0.8865979381443299,0,1,0.3661155999999999,-0.10110391798528082,3.9855159999999996,-0.36634209409093343,-0.07188075659510587,1.2081358765297805,-0.1461958176319421,0.4668825605546904,0.1881171611620845,0,1.003059556750585,FALSE,0.9644677633338438,0,0,0
QAT,QA,Qatar,Donor pool,1,2006,1997-2008,0,111,111,108,108,95,13,0.8796296296296297,0,1,0.013601899999999945,-0.09929265183306034,3.6783210000000004,-0.39308092553531265,-0.1130721556044173,1.461821886231677,-0.1461958176319421,0.4668825605546904,0.17378322295914828,0,0.969036744256942,FALSE,0.906646221745856,0,0,0
QAT,QA,Qatar,Donor pool,1,2007,1997-2008,0,94,94,93,93,85,8,0.9139784946236559,0,1,0.4152509999999999,-0.09717630110533494,3.7880130000000003,-0.38469049134987127,-0.13311396254531194,1.5609097933467866,-0.1461958176319421,0.4668825605546904,0.09682680142112106,0,0.9120255756151794,FALSE,1.11114969324293,0,0,0
QAT,QA,Qatar,Donor pool,1,2008,1997-2008,0,99,98,97,96,80,16,0.8333333333333334,0,1,0.4724739,-0.09411145225442429,3.875833,-0.3941371893982983,-0.059055050833641515,1.9966237835304492,-0.1461958176319421,0.4668825605546904,0.077738433110537,0,1.3736866778173584,FALSE,1.0281062385825854,0,0,0
QAT,QA,Qatar,Donor pool,1,2009,2009-2016,1,84,83,83,82,68,14,0.8292682926829268,0,1,0.5104646999999999,-0.08907530609632666,3.693915,-0.3869309808170196,0.08638425324310291,1.4090230408342757,-0.1461958176319421,0.4668825605546904,-0.03955494906125659,0,0.4882276801062582,FALSE,1.4939132301916163,0,0,0
QAT,QA,Qatar,Donor pool,1,2010,2009-2016,1,88,88,87,87,82,5,0.9425287356321839,0,1,0.34150230000000004,-0.08902310184952095,3.725048,-0.39174919536034747,0.17738987575553286,1.8697100303979597,-0.1461958176319421,0.4668825605546904,0.008075677497018973,0,1.1786910021452843,FALSE,0.4222596443093339,0,0,0
QAT,QA,Qatar,Donor pool,1,2011,2009-2016,1,99,98,96,96,75,21,0.78125,0,1,0.21940020000000005,-0.08801846415359355,3.4614312,-0.3809106195992512,0.2814206850055367,2.6572332063799697,-0.1461958176319421,0.4668825605546904,-0.06694261506425331,0,1.7768497376004697,FALSE,0.8017273277778955,0,0,0
QAT,QA,Qatar,Donor pool,1,2012,2009-2016,1,92,91,90,89,74,15,0.8314606741573034,0,1,0.4648093000000001,-0.08661278193066704,3.876735,-0.38794047280744715,0.5310267835913862,2.8103033472909407,-0.1461958176319421,0.4668825605546904,-0.15860124539970177,0,1.8913703818743073,FALSE,1.0787587417390303,0,0,0
QAT,QA,Qatar,Donor pool,1,2013,2009-2016,1,61,61,61,61,51,10,0.8360655737704918,0,1,0.44802110000000006,-0.08561303756059326,3.6078299,-0.38591499057866774,0.6579861118184358,2.670032526732935,-0.1461958176319421,0.4668825605546904,-0.2497472975003316,0,1.7999198037147028,FALSE,1.428583859821685,0,0,0
QAT,QA,Qatar,Donor pool,1,2014,2009-2016,1,80,80,78,78,67,11,0.8589743589743589,0,1,0.09795039999999999,-0.08466573771887724,3.5920258,-0.377866237144689,0.6836264666637988,2.4391620015708275,-0.1461958176319421,0.4668825605546904,-0.3586675261348219,0,1.3923611191636298,FALSE,1.7169117964576903,0,0,0
QAT,QA,Qatar,Donor pool,1,2015,2009-2016,1,78,77,77,76,58,18,0.7631578947368421,0,1,0.7559252,-0.08319354499162543,3.5427824,-0.3668831026801294,0.5868427734043611,1.6499770771778959,-0.1461958176319421,0.4668825605546904,-0.37226801675298565,0,0.5562634266475144,FALSE,0.11553358864745822,0,0,0
QAT,QA,Qatar,Donor pool,1,2016,2009-2016,1,114,114,113,113,76,37,0.672566371681416,0,1,0.3819226,-0.08526802106665185,3.3635965,-0.35976708180912476,0.758505066189171,1.4227725454435765,-0.1461958176319421,0.4668825605546904,-0.4834034976842899,0,-0.1983988844456597,FALSE,-0.6299595111104029,0,0,0
ROU,RO,Romania,Donor pool,1,1997,1997-2008,0,88,88,82,82,42,40,0.5121951219512195,0,1,2.522212,-0.08355041452772641,1.693823,-0.29677175848686693,-0.2103342400524898,-0.3308987091968736,-0.14792476959508669,0.014632775411633313,0.3879622292310662,0,-0.22350553535606607,FALSE,-0.233575172894181,1,0,0
ROU,RO,Romania,Donor pool,1,1998,1997-2008,0,84,83,78,77,39,38,0.5064935064935064,0,1,1.6261281,-0.0851619205663057,1.6127740000000002,-0.29074900015742366,-0.30537212071588554,-0.3228110306351206,-0.147823770387372,0.014632775411633313,0.40580583432200323,0,-0.2820112638767443,FALSE,-0.04397029826201406,1,0,0
ROU,RO,Romania,Donor pool,1,1999,1997-2008,0,94,94,89,89,40,49,0.449438202247191,0,1,1.8144703999999998,-0.08702403146237103,1.533306,-0.2851294626954981,-0.2821704564942108,-0.3302354678847617,-0.14744185079264663,0.014632775411633313,0.3805961626308992,0,-0.12977074065008165,FALSE,-0.24976077655472065,1,0,0
ROU,RO,Romania,Donor pool,1,2000,1997-2008,0,77,77,76,76,41,35,0.5394736842105263,0,1,1.8444136,-0.08850603731095721,1.5557040000000002,-0.3049473124969063,-0.21756454030926053,-0.32847161319062107,-0.14706474438061243,0.014632775411633313,0.3565780338155397,1,-0.1116757746222033,FALSE,-0.26900305233425437,1,0,0
ROU,RO,Romania,Donor pool,1,2001,1997-2008,0,85,83,83,82,44,38,0.5365853658536586,0,1,1.7204853,-0.08688200359133992,1.50535,-0.3079421305933362,-0.24561443354293844,-0.323615100625251,-0.1466299006251621,0.014632775411633313,0.2716740425455795,1,-0.20734187000767076,FALSE,-0.18457696790081124,1,0,0
ROU,RO,Romania,Donor pool,1,2002,1997-2008,0,105,103,101,99,49,50,0.494949494949495,0,1,1.6862405999999999,-0.08690124918609284,1.565363,-0.2908200296015178,0.01975200742033666,-0.31495604187203224,-0.14639363473846023,0.014632775411633313,0.26008846330593177,1,-0.08757280477913759,FALSE,-0.014215463652455742,1,0,0
ROU,RO,Romania,Donor pool,1,2003,1997-2008,0,91,90,89,88,49,39,0.5568181818181818,0,1,1.9279008,-0.0863341545906867,1.9277924000000002,-0.3144831788930099,-0.013632625540643947,-0.29851284694677416,-0.1463850798476568,0.014632775411633313,0.31503077076692704,1,-0.23634488438109696,FALSE,0.008291180244536048,1,0,0
ROU,RO,Romania,Donor pool,1,2004,1997-2008,0,90,88,88,86,47,39,0.5465116279069767,0,1,1.841881,-0.08477036241894813,1.8042859999999998,-0.3310391858769774,-0.19845394258008672,-0.27454575944297654,-0.14641840862656286,0.014632775411633313,0.30478629016040887,0,-0.3608836915046356,FALSE,0.08381334042503011,1,0,0
ROU,RO,Romania,Donor pool,1,2005,1997-2008,0,99,99,97,97,54,43,0.5567010309278351,0,1,1.6895189,-0.08608994340520525,1.9298815,-0.25732891494192595,-0.23176946238235183,-0.24154445063543736,-0.1466254209259339,0.014632775411633313,0.17542783168668677,0,-0.3756032982726159,FALSE,0.09240528696915434,1,0,0
ROU,RO,Romania,Donor pool,1,2006,1997-2008,0,111,110,108,108,61,47,0.5648148148148148,0,1,1.8481036,-0.08453584000972211,1.8166155000000002,-0.28580513544268543,-0.28224729589502817,-0.2080578306607571,-0.14668732868558534,0.014632775411633313,0.16131123919268608,0,-0.47404363787055775,FALSE,-0.11143732752171956,1,0,0
ROU,RO,Romania,Donor pool,1,2007,1997-2008,0,94,93,93,92,56,36,0.6086956521739131,0,1,1.6017698,-0.08530012472905145,1.7709922000000002,-0.310806118995762,-0.28136316279290136,-0.13157071525395886,-0.14690660170211609,0.014632775411633313,0.08678943828700587,0,-0.6394603573941706,FALSE,-0.13714877654113433,1,0,0
ROU,RO,Romania,Donor pool,1,2008,1997-2008,0,99,99,97,97,55,42,0.5670103092783505,0,1,1.6824001,-0.08021475308599799,1.720959,-0.3285741684176004,-0.27671900556627804,-0.07059927058723556,-0.1468589252974923,0.014632775411633313,0.06599338895662853,0,-0.5222452960370002,FALSE,-0.20655418475334178,1,0,0
ROU,RO,Romania,Donor pool,1,2009,2009-2016,1,84,84,83,83,48,35,0.5783132530120482,0,1,1.6358453000000002,-0.0852637582100686,1.5476050000000001,-0.3328971896890274,-0.2429271745344276,-0.126042645927478,-0.14654517680036316,0.014632775411633313,-0.04277634701168084,0,-0.15565688606676262,FALSE,-0.4969558801727974,1,0,0
ROU,RO,Romania,Donor pool,1,2010,2009-2016,1,88,88,87,87,49,38,0.5632183908045977,0,1,1.8409029000000001,-0.08821840821112395,1.5426428,-0.33069104541103994,-0.1662088233599189,-0.13041877819667166,-0.14646913015020913,0.014632775411633313,0.007395576258675291,0,-0.18399680652642356,FALSE,-0.37850999045860834,1,0,0
ROU,RO,Romania,Donor pool,1,2011,2009-2016,1,99,97,96,95,55,40,0.5789473684210527,0,1,1.7464882,-0.08796216354111876,1.4955428,-0.33264586530378015,-0.1522653570434683,-0.09629710812223546,-0.14654560067824982,0.014632775411633313,-0.06699019853507569,0,-0.16375452941306493,FALSE,-0.25031208535828026,1,0,0
ROU,RO,Romania,Donor pool,1,2012,2009-2016,1,92,92,90,90,47,43,0.5222222222222223,0,1,1.8589346999999998,-0.08840317635168794,1.5529910000000002,-0.3148407980270235,-0.11442560514109232,-0.11483175384693445,-0.14629743003323678,0.014632775411633313,-0.15708806149372978,1,-0.1594239270013442,FALSE,-0.12241432901205913,1,0,0
ROU,RO,Romania,Donor pool,1,2013,2009-2016,1,61,61,61,61,31,30,0.5081967213114754,0,1,1.4400716999999998,-0.08810768165835411,1.7197371000000001,-0.3218179287099689,-0.12046817026865977,-0.09814849287364595,-0.14638040166514377,0.014632775411633313,-0.24763890436888533,1,0.04473928188582911,FALSE,-0.07968419986513896,1,0,0
ROU,RO,Romania,Donor pool,1,2014,2009-2016,1,80,80,78,78,39,39,0.5,0,1,1.8028723,-0.08717899581809144,1.6912031,-0.31351671859941677,-0.08380252438779025,-0.08245330539488205,-0.14636782826411046,0.014632775411633313,-0.3565434010467219,1,0.0826012183089384,FALSE,0.0036194814725429548,1,0,0
ROU,RO,Romania,Donor pool,1,2015,2009-2016,1,78,78,77,77,35,42,0.45454545454545453,0,1,1.2175132,-0.08740457744090627,1.5693439999999999,-0.30051661354544,-0.09101168655335637,-0.1134487175763066,-0.14597954133349375,0.014632775411633313,-0.3687089872704515,0,0.05291502750206102,FALSE,0.03795680460546263,1,0,0
ROU,RO,Romania,Donor pool,1,2016,2009-2016,1,114,113,113,112,55,57,0.49107142857142855,0,1,1.6228089,-0.0868677038722205,1.3588649999999998,-0.30866673782407555,-0.07637394612261347,-0.10088536764248056,-0.14594788849874818,0.014632775411633313,-0.4820514971152382,0,0.009456116377946256,FALSE,-0.08061341563234334,1,0,0
RWA,RW,Rwanda,Donor pool,1,1997,1997-2008,0,88,35,82,35,23,12,0.6571428571428571,0,1,1.5024664,-0.11607181788251059,2.7135686000000003,-0.3301672944367052,-0.28045118911465444,-0.3702349692461399,0.029993353454988776,0.5403245531530477,0.41544827564537207,0,-0.17284499527376165,FALSE,-0.02512488881833113,0,0,0
RWA,RW,Rwanda,Donor pool,1,1998,1997-2008,0,84,14,78,13,8,5,0.6153846153846154,0,1,0.34676931,-0.11626029015156995,2.8921327900000002,-0.32494035257299364,-0.10911605597744338,-0.37001735407359315,0.03637179396123026,0.5403245531530477,0.43208917826337284,0,-0.09892303609786961,FALSE,-0.057155674209048817,0,0,0
RWA,RW,Rwanda,Donor pool,1,1999,1997-2008,0,94,11,89,11,10,1,0.9090909090909091,0,1,0.13719099999999995,-0.11620904743920431,3.2105854000000003,-0.27256686141703995,-0.008206867096134288,-0.369471089865477,0.04916373854680235,0.5403245531530477,0.405262401507196,0,-0.26243814186466247,FALSE,-0.2150348069444883,0,0,0
RWA,RW,Rwanda,Donor pool,1,2000,1997-2008,0,77,18,76,18,12,6,0.6666666666666666,0,1,0.08801880000000006,-0.11631403173120265,3.3120988000000002,-0.20524950054099797,0.2819265892853132,-0.3698494228228649,0.08214003341720048,0.5403245531530477,0.38008045826461173,0,-0.1527429250340748,FALSE,0.1483325035543964,0,0,0
RWA,RW,Rwanda,Donor pool,1,2001,1997-2008,0,85,20,83,20,15,5,0.75,0,1,0.287992,-0.11628334127330688,3.5138273,-0.31796111554462203,0.07072825802466869,-0.3702773010965117,0.11366216098048007,0.5403245531530477,0.29652310958469796,0,-0.18541349949003103,FALSE,0.0112137220336913,0,1,0
RWA,RW,Rwanda,Donor pool,1,2002,1997-2008,0,105,67,101,64,38,26,0.59375,0,1,0.18216619999999994,-0.11625314710563037,3.0694374,-0.35464178561189136,0.18949739131631474,-0.3703732720705354,0.1328096221647258,0.5403245531530477,0.28489574544450236,0,-0.27898980059065986,FALSE,-0.008744714084204344,0,1,0
RWA,RW,Rwanda,Donor pool,1,2003,1997-2008,0,91,73,89,72,40,32,0.5555555555555556,0,1,1.0785241,-0.1162790837822329,2.7771691,-0.3604798345111219,0.38175690062385154,-0.3699333794440123,0.16965135889771024,0.5403245531530477,0.34033926390459684,0,-0.1694568430393711,FALSE,0.06047210207212144,0,1,0
RWA,RW,Rwanda,Donor pool,1,2004,1997-2008,0,90,60,88,58,46,12,0.7931034482758621,0,1,0.21994120000000006,-0.11627991242768221,3.4262258,-0.36781549923466245,0.3014368290729645,-0.36933013036668805,0.19318781328689186,0.5403245531530477,0.3314171505997862,0,-0.0034535682145060568,FALSE,0.3642766795697532,0,1,0
RWA,RW,Rwanda,Donor pool,1,2005,1997-2008,0,99,34,97,34,25,9,0.7352941176470589,0,1,0.05322990000000005,-0.11637303329955417,3.5661705,-0.2951825388039737,0.6165797464153169,-0.3677292645107394,0.18157967062439964,0.5403245531530477,0.2010221273978599,0,-0.024007906211704823,FALSE,0.2646472129387991,0,1,0
RWA,RW,Rwanda,Donor pool,1,2006,1997-2008,0,111,77,108,76,63,13,0.8289473684210527,0,1,0.38162240000000003,-0.11630805092130521,3.2830967,-0.25222204392974973,1.6232943609620787,-0.36676015510099935,0.17796450046107734,0.5403245531530477,0.18816409219764188,0,-0.12997088879939972,FALSE,0.16473913886250838,0,1,0
RWA,RW,Rwanda,Donor pool,1,2007,1997-2008,0,94,63,93,62,49,13,0.7903225806451613,0,1,0.373055,-0.11627573478602675,2.999707,-0.2607874895918024,1.168945685742626,-0.3647254653556728,0.17515192281872144,0.5403245531530477,0.11296902981475673,0,-0.01697615492967041,FALSE,0.03255092583034754,0,1,0
RWA,RW,Rwanda,Donor pool,1,2008,1997-2008,0,99,71,97,69,55,14,0.7971014492753623,0,1,0.2541483,-0.11622012331141669,3.1492107999999996,-0.326212854434483,0.679016141882721,-0.3617253427735834,0.1750890231848154,0.5403245531530477,0.09642397235992872,0,-0.15647517217311124,FALSE,0.21763235861141564,0,1,0
RWA,RW,Rwanda,Donor pool,1,2009,2009-2016,1,84,28,83,27,22,5,0.8148148148148148,0,1,0.19934010000000002,-0.11611943648044804,2.9841102,-0.23511075525871583,1.0194714617006764,-0.36067587492665826,0.18776553911866573,0.5403245531530477,-0.016698117981020544,0,-0.2644935808228398,FALSE,0.1567844440155308,0,1,0
RWA,RW,Rwanda,Donor pool,1,2010,2009-2016,1,88,56,87,55,44,11,0.8,0,1,0.47061700000000006,-0.11605878770911278,2.9129287,-0.22177512851327058,1.6263282072984941,-0.35980645380329607,0.19654843467521044,0.5403245531530477,0.030925371536130373,0,-0.2561025502086905,FALSE,0.08034988857295332,0,1,0
RWA,RW,Rwanda,Donor pool,1,2011,2009-2016,1,99,18,96,18,11,7,0.6111111111111112,0,1,0.5519068,-0.11607663762111586,2.6901241999999996,-0.23397972358353827,1.7283368100805823,-0.3581164786021426,0.20670708017913197,0.5403245531530477,-0.043228747313354986,0,-0.2783593339203079,FALSE,0.09288054142832537,0,1,0
RWA,RW,Rwanda,Donor pool,1,2012,2009-2016,1,92,79,90,77,56,21,0.7272727272727273,0,1,0.6936905,-0.1159611426163826,2.7182352,-0.27053653072824435,1.4582419944194893,-0.3564801382559301,0.21498075619755658,0.5403245531530477,-0.1337969528176388,0,-0.42722212499664247,FALSE,-0.038980431071153905,0,1,0
RWA,RW,Rwanda,Donor pool,1,2013,2009-2016,1,61,38,61,38,31,7,0.8157894736842105,0,1,0.1151103,-0.11594029090690651,3.2749191,-0.32271599757254504,1.8688731895746413,-0.35653576820186283,0.2341089844155763,0.5403245531530477,-0.2241156762568852,0,-0.3083177719915678,FALSE,0.057298142072127314,0,1,0
RWA,RW,Rwanda,Donor pool,1,2014,2009-2016,1,80,70,78,69,51,18,0.7391304347826086,0,1,0.46093870000000003,-0.11585567681260914,3.0331367,-0.25599080906740984,1.5249954709199394,-0.3559470613771845,0.25528424047553694,0.5403245531530477,-0.3323067905836121,1,-0.5171979001693904,FALSE,-0.14132498100127458,0,1,0
RWA,RW,Rwanda,Donor pool,1,2015,2009-2016,1,78,41,77,41,29,12,0.7073170731707317,0,1,0.18802870000000002,-0.11586341159128573,2.9748859,-0.20655155471841039,0.9025023653025984,-0.3556813758873484,0.2774176217660197,0.5403245531530477,-0.3446564939687039,1,-0.5896727314826807,FALSE,-0.1693265900045478,0,1,0
RWA,RW,Rwanda,Donor pool,1,2016,2009-2016,1,114,5,113,5,2,3,0.4,0,1,0.07842670000000002,-0.11578814603496014,2.9032472,-0.2775122235448221,0.7180305477467456,-0.35581301215560673,0.31727710674060144,0.5403245531530477,-0.4576088675357131,1,-0.7314623746558913,FALSE,-0.12693523055511724,0,1,0
SEN,SN,Senegal,Donor pool,1,1997,1997-2008,0,88,84,82,79,61,18,0.7721518987341772,0,1,0.8199721,-0.11521537288969308,3.3960629,-0.38228143317449553,-0.35416624814080144,-0.3581269800252712,0.19686691430216682,-0.2209190832609223,0.4147244358231152,1,-0.06907550486192772,FALSE,0.027941784725469983,0,0,0
SEN,SN,Senegal,Donor pool,1,1998,1997-2008,0,84,84,78,78,58,20,0.7435897435897436,0,1,0.048490299999999986,-0.11513579225913154,3.1904118,-0.3836485618124451,-0.35526940513541255,-0.35713337336737594,0.20058268831181233,-0.2209190832609223,0.43113878873291006,1,-0.10934903949023703,FALSE,-0.0385067565596667,0,0,0
SEN,SN,Senegal,Donor pool,1,1999,1997-2008,0,94,93,89,89,66,23,0.7415730337078652,0,1,0.3061193,-0.11508625640022643,3.0416571,-0.38673362632504743,-0.3534794091683634,-0.3573411871506949,0.2156776155257562,-0.2209190832609223,0.4043134545545001,1,-0.1663740199018398,FALSE,0.1066236750503482,0,0,0
SEN,SN,Senegal,Donor pool,1,2000,1997-2008,0,77,75,76,74,61,13,0.8243243243243243,0,1,0.34074970000000004,-0.11513934766429745,3.0593679000000003,-0.3872908934310972,-0.3307516936458489,-0.3595241023641511,0.27170912313690493,-0.2209190832609223,0.37908765299010216,1,-0.20330648611619417,FALSE,0.10842909572570486,0,0,0
SEN,SN,Senegal,Donor pool,1,2001,1997-2008,0,85,79,83,78,68,10,0.8717948717948718,0,1,0.07473160000000001,-0.11504793452036878,3.1511037,-0.3609788556137341,-0.35695742367235855,-0.35852554163713923,0.284833397584299,-0.2209190832609223,0.29547898344471,0,-0.10780130881108696,FALSE,0.03312580993169928,0,0,0
SEN,SN,Senegal,Donor pool,1,2002,1997-2008,0,105,100,101,97,72,25,0.7422680412371134,0,1,0.026920799999999967,-0.11507011767426521,3.2246828,-0.39711560920369754,-0.33948073313159494,-0.3575788023989222,0.26195317895403236,-0.2209190832609223,0.28389588693577616,0,-0.1493569135595288,FALSE,0.05015910199366629,0,0,0
SEN,SN,Senegal,Donor pool,1,2003,1997-2008,0,91,89,89,87,78,9,0.896551724137931,0,1,0.12701759999999995,-0.11502671489445924,3.7286756000000003,-0.38529193748834195,-0.22830862160534263,-0.3532161682027919,0.19463596838250072,-0.2209190832609223,0.33928080191260795,0,-0.17349707588085694,FALSE,-0.05352710233432802,0,0,0
SEN,SN,Senegal,Donor pool,1,2004,1997-2008,0,90,90,88,88,79,9,0.8977272727272727,0,1,0.0061373999999999596,-0.11502349297511939,3.6523044,-0.39975820166741693,-0.30539649967996635,-0.3502712380710005,0.16354931982120494,-0.2209190832609223,0.3303552652004317,0,-0.17808294455982007,FALSE,-0.20963923397191223,0,0,0
SEN,SN,Senegal,Donor pool,1,2005,1997-2008,0,99,82,97,80,73,7,0.9125,0,1,0.006896200000000019,-0.11529728553126285,3.6125042,-0.3726288797766376,-0.15382507974783183,-0.3484568034745891,0.16350219861265525,-0.2209190832609223,0.20011293990780016,0,-0.2357988358670231,FALSE,-0.14822912519761658,0,0,0
SEN,SN,Senegal,Donor pool,1,2006,1997-2008,0,111,108,108,105,97,8,0.9238095238095239,0,1,0.10117399999999999,-0.11525973192920315,3.5635451000000002,-0.3595858216323347,-0.22907001929463114,-0.34735904901378684,0.16064383954363803,-0.2209190832609223,0.1872780866289526,0,-0.6603245639307904,FALSE,-0.33197414942017966,0,0,0
SEN,SN,Senegal,Donor pool,1,2007,1997-2008,0,94,93,93,92,85,7,0.9239130434782609,0,1,0.1861889,-0.11523287972684247,3.5589509,-0.37729887330168466,-0.14309628868991844,-0.34231232221255226,0.13474278734056527,-0.2209190832609223,0.11208764218681684,0,-0.8818740183758728,FALSE,-0.2440078256119342,0,0,0
SEN,SN,Senegal,Donor pool,1,2008,1997-2008,0,99,95,97,93,81,12,0.8709677419354839,0,1,0.15023750000000002,-0.11518664908868782,3.5535965999999997,-0.38552565854486304,-0.3241833109330271,-0.3361454859671074,0.11544135376970947,-0.2209190832609223,0.09555051311390506,0,-1.0381070845048346,FALSE,-0.3089196767351149,0,0,0
SEN,SN,Senegal,Donor pool,1,2009,2009-2016,1,84,83,83,82,75,7,0.9146341463414634,0,1,0.13226059999999995,-0.11504533678022763,3.3157109,-0.3989187991056589,-0.03763790342066091,-0.33879314595231486,0.12980985709510423,-0.2209190832609223,-0.01760591257683739,0,-0.629106404756329,FALSE,-0.1755591428442497,0,0,0
SEN,SN,Senegal,Donor pool,1,2010,2009-2016,1,88,86,87,85,75,10,0.8823529411764706,0,1,0.09022780000000008,-0.11515747231271635,3.2933179,-0.4013663537350002,0.005277304499493063,-0.33975732753836624,0.14430106240644577,-0.2209190832609223,0.030163608688782432,0,-0.10138461330775275,FALSE,-0.19374673642286272,0,0,0
SEN,SN,Senegal,Donor pool,1,2011,2009-2016,1,99,91,96,89,76,13,0.8539325842696629,0,1,0.342144,-0.11514350776740455,2.8998869999999997,-0.401131009742024,0.0012354585910994112,-0.3368541760966925,0.13037481872085588,-0.2209190832609223,-0.0440173987190115,0,-0.25223125684890996,FALSE,-0.26540849580378556,0,0,0
SEN,SN,Senegal,Donor pool,1,2012,2009-2016,1,92,82,90,81,66,15,0.8148148148148148,0,1,0.3581484,-0.11511878168260876,3.0537773,-0.3947319458297148,-0.11147534678677994,-0.3382599607032988,0.15362366086542564,-0.2209190832609223,-0.13450888924518786,0,-0.37158805815750756,FALSE,-0.1979077196876698,0,0,0
SEN,SN,Senegal,Donor pool,1,2013,2009-2016,1,61,58,61,58,51,7,0.8793103448275862,0,1,0.14194289999999998,-0.11507349589025352,3.3017517,-0.3838419249108647,-0.0766980639663092,-0.3367026584372764,0.1437719218177484,-0.2209190832609223,-0.22484826358712742,0,-0.34672563441538634,FALSE,-0.20830319716580334,0,0,0
SEN,SN,Senegal,Donor pool,1,2014,2009-2016,1,80,80,78,78,68,10,0.8717948717948718,0,1,0.16719700000000004,-0.1149260410879834,3.3268784,-0.3820225851427195,-0.05144999152763135,-0.3361425709562018,0.14368776097557656,-0.2209190832609223,-0.33309248886350196,0,-0.27157645241826966,FALSE,-0.12735436072891804,0,0,0
SEN,SN,Senegal,Donor pool,1,2015,2009-2016,1,78,77,77,76,59,17,0.7763157894736842,0,1,0.46975009999999995,-0.11483454605440553,3.2566072999999998,-0.3457072769627515,0.2772064286171062,-0.34145813718673257,0.2013278794856994,-0.2209190832609223,-0.34552605810135417,0,-0.19115759662173612,FALSE,-0.1627838717489525,0,0,0
SEN,SN,Senegal,Donor pool,1,2016,2009-2016,1,114,111,113,110,83,27,0.7545454545454545,0,1,0.14639539999999995,-0.11457065065177387,3.1280693,-0.3627115993911977,0.5989220722467468,-0.34003485281056356,0.20215232221996224,-0.2209190832609223,-0.45863785556081144,0,-0.12963316458971275,FALSE,-0.046076895173794964,0,0,0
SGP,SG,Singapore,Donor pool,1,1997,1997-2008,0,88,88,82,82,65,17,0.7926829268292683,0,1,0.5771084000000001,-0.06333660425303346,3.6389266,0.16483651001667812,0.14481346854849625,0.397840805183865,-0.1474705234208321,1.1098231938611312,0.37087816550358754,1,0.9385750212839239,FALSE,1.9202033551431632,1,0,0
SGP,SG,Singapore,Donor pool,1,1998,1997-2008,0,84,84,78,78,61,17,0.782051282051282,0,1,0.1620364,-0.06127428001065626,3.0768657000000004,0.17563913079549953,0.3398133125673246,0.26423284123558755,-0.1473588587061672,1.1098231938611312,0.38561676714436416,1,1.2751097938505391,FALSE,1.1086368948795713,1,0,0
SGP,SG,Singapore,Donor pool,1,1999,1997-2008,0,94,93,89,88,69,19,0.7840909090909091,0,1,0.3122179,-0.060456202621244105,3.0355585,0.14210790320596853,0.3030258855134515,0.2632737750690971,-0.1473462281309073,1.1098231938611312,0.358141886328978,1,1.026961063037681,FALSE,1.2187531764871133,1,0,0
SGP,SG,Singapore,Donor pool,1,2000,1997-2008,0,77,77,76,76,57,19,0.75,0,1,0.5349430000000001,-0.05936638135309646,2.8651746,0.03415286105955978,0.38251128034049703,0.32369813893850263,-0.14732907191988545,1.1098231938611312,0.3319501317715505,1,0.6952586818318823,FALSE,1.1232312330611023,1,0,0
SGP,SG,Singapore,Donor pool,1,2001,1997-2008,0,85,83,83,83,68,15,0.8192771084337349,0,1,0.292161,-0.06082429946566992,2.9336743,-0.004744225749238942,0.5197387484241489,0.260426353221118,-0.14728899525146447,1.1098231938611312,0.24965090728185976,1,0.8770793992367959,FALSE,0.6426802935839825,1,0,0
SGP,SG,Singapore,Donor pool,1,2002,1997-2008,0,105,104,101,101,75,26,0.7425742574257426,0,1,0.3602358,-0.06047571373241471,2.8913678,-0.027330947057357155,0.7442181674425342,0.2739469154212474,-0.14728966606286417,1.1098231938611312,0.23775444880849736,1,0.9011022324432726,FALSE,0.5620077930949368,1,0,0
SGP,SG,Singapore,Donor pool,1,2003,1997-2008,0,91,91,89,89,74,15,0.8314606741573034,0,1,0.7688696,-0.061212984820025615,3.0868236000000002,-0.06392998817397696,1.0678610011719287,0.32009962877722503,-0.14731829556393908,1.1098231938611312,0.2937991642841004,1,1.410905257874546,FALSE,0.4200717575402513,1,0,0
SGP,SG,Singapore,Donor pool,1,2004,1997-2008,0,90,89,88,87,74,13,0.8505747126436781,0,1,0.6256120000000001,-0.060327357530277625,3.020555,-0.125996728985409,1.162953084664553,0.4340511590394852,-0.14734902473919673,1.1098231938611312,0.28412784687166714,1,1.1409424421690004,FALSE,0.5020191622191426,1,0,1
SGP,SG,Singapore,Donor pool,1,2005,1997-2008,0,99,99,97,97,79,18,0.8144329896907216,0,1,0.40912990000000005,-0.03602516730491989,3.2102705,-0.10818112401867856,1.2668524441283389,0.5032043332931655,-0.14736430257972316,1.1098231938611312,0.13311468964289977,1,1.3545644823638499,FALSE,0.7189509978671293,1,0,1
SGP,SG,Singapore,Donor pool,1,2006,1997-2008,0,111,111,108,108,92,16,0.8518518518518519,0,1,0.6134593,-0.030731280197687935,3.0512598000000004,-0.09405196089006301,1.136272131967929,0.6150823454058665,-0.14740893642830702,1.1098231938611312,0.11583735197565995,1,1.5510695226877402,FALSE,0.6995986420724996,1,0,1
SGP,SG,Singapore,Donor pool,1,2007,1997-2008,0,94,94,93,93,79,14,0.8494623655913979,0,1,0.35610500000000006,-0.03160237112145782,3.016657,-0.11187586080019607,1.0474428848608157,0.7815396513614153,-0.14745733638262568,1.1098231938611312,0.04140582024626849,1,1.5645895301741763,FALSE,1.1300738728887847,1,0,1
SGP,SG,Singapore,Donor pool,1,2008,1997-2008,0,99,99,97,97,78,19,0.8041237113402062,0,1,0.2692756,-0.04123050558159034,3.1340835,-0.1609088503386888,1.0751061483475826,0.798456991922112,-0.1475118929168074,1.1098231938611312,0.03304515407748079,1,0.9122654954714883,FALSE,0.8282692923033244,1,0,1
SGP,SG,Singapore,Donor pool,1,2009,2009-2016,1,84,84,83,83,73,10,0.8795180722891566,0,1,0.2019302,-0.032230833842508584,2.9815201,-0.1361298908434816,1.1507049068489594,0.7666677643467023,-0.14748843933136993,1.1098231938611312,-0.08759807271493848,1,0.9831036514029322,FALSE,0.15369398889753233,1,0,1
SGP,SG,Singapore,Donor pool,1,2010,2009-2016,1,88,88,87,87,77,10,0.8850574712643678,0,1,0.3689758000000001,-0.019593240174111314,3.0145699,-0.1429859331297893,1.4203062493904701,1.010865162075369,-0.14754226573891152,1.1098231938611312,-0.050604213396078075,1,1.336869941596044,FALSE,0.6870659600686316,1,0,1
SGP,SG,Singapore,Donor pool,1,2011,2009-2016,1,99,98,96,96,85,11,0.8854166666666666,0,1,0.03829019999999994,-0.02680306143149004,3.2037408,-0.16326512707651897,1.3012811393761055,1.206425018398201,-0.1476048019948091,1.1098231938611312,-0.11867990887456621,1,1.2982010096403445,FALSE,0.841928218844381,1,0,1
SGP,SG,Singapore,Donor pool,1,2012,2009-2016,1,92,92,90,90,71,19,0.7888888888888889,0,1,0.4676437,-0.021556305087417515,2.9442820000000003,-0.14702496696608083,1.3213155585686858,1.2550917867668012,-0.14760959260757367,1.1098231938611312,-0.21358489178658902,1,1.0507280367543077,FALSE,0.7620406528869935,1,0,1
SGP,SG,Singapore,Donor pool,1,2013,2009-2016,1,61,61,61,61,54,7,0.8852459016393442,0,1,0.13784649999999998,-0.017210285513029756,3.2976552999999997,-0.15291349485390263,1.482786520437975,1.2968166703964459,-0.14760863220104933,1.1098231938611312,-0.30755910829874283,1,0.9460044380512915,FALSE,0.7358361982314893,1,0,1
SGP,SG,Singapore,Donor pool,1,2014,2009-2016,1,80,80,78,78,66,12,0.8461538461538461,0,1,0.3932781,-0.015047431763091921,3.1007973,-0.15795796666634976,1.5277260111823656,1.314371416350587,-0.1475993167451681,1.1098231938611312,-0.41750668408599895,1,1.0673305320785405,FALSE,0.6527195496549161,1,0,1
SGP,SG,Singapore,Donor pool,1,2015,2009-2016,1,78,78,77,77,60,17,0.7792207792207793,0,1,0.4506411,-0.02329771609567992,3.2374983,-0.13072006679646078,1.5456607937624909,1.2579731690524958,-0.14753557241135243,1.1098231938611312,-0.4228900491141784,1,1.1075092413626528,FALSE,0.3923996244245628,1,0,1
SGP,SG,Singapore,Donor pool,1,2016,2009-2016,1,114,114,113,113,82,31,0.7256637168141593,0,1,0.17514759999999996,-0.024402752414108518,3.1568215,-0.1320266218597995,1.4659381693512472,1.2979381413772613,-0.14753159701031016,1.1098231938611312,-0.5348448694157749,1,1.059813627872708,FALSE,0.4400088178953656,1,0,1
SLV,SV,El Salvador,Donor pool,1,1997,1997-2008,0,88,80,82,75,59,16,0.7866666666666666,0,1,0.9704172,-0.11351269471723215,3.2456178,1.024898286505914,-0.35990375989669166,-0.3258564565084238,-0.1431697731143405,-0.7041117353716877,0.41328538687537003,0,0.044666076926447404,TRUE,-0.47427167287434446,0,0,0
SLV,SV,El Salvador,Donor pool,1,1998,1997-2008,0,84,73,78,69,49,20,0.7101449275362319,0,1,0.14706740000000001,-0.11351774180586847,3.0918347,1.032240912638145,-0.35564750523136757,-0.32260015706669326,-0.14317051243623583,-0.7041117353716877,0.42977126441749514,0,0.05154343235276833,TRUE,2.152937538384122,0,0,0
SLV,SV,El Salvador,Donor pool,1,1999,1997-2008,0,94,82,89,78,57,21,0.7307692307692307,0,1,0.3196733,-0.11354753086638225,3.0281031,1.150148618380856,-0.35931697825466397,-0.32117933645569435,-0.14317051243623583,-0.7041117353716877,0.40301297311522377,0,-0.018310286781684174,TRUE,0.9772906600416759,0,0,0
SLV,SV,El Salvador,Donor pool,1,2000,1997-2008,0,77,68,76,67,52,15,0.7761194029850746,0,1,0.44521180000000005,-0.11370997724705968,2.9549058,1.1413235798447579,-0.35665879559162145,-0.318981513384849,-0.14317051243623583,-0.7041117353716877,0.3778795949858751,0,-0.10119326032839826,TRUE,2.0591121902827085,0,0,0
SLV,SV,El Salvador,Donor pool,1,2001,1997-2008,0,85,68,83,67,55,12,0.8208955223880597,0,1,0.25792390000000004,-0.11358090007923513,2.9679114,1.1371962312961943,-0.35537126775863354,-0.31677243019813744,-0.14775726547488724,-0.7041117353716877,0.29423909301622897,0,0.030207455865414543,TRUE,-0.1636587497075795,0,0,0
SLV,SV,El Salvador,Donor pool,1,2002,1997-2008,0,105,96,101,92,66,26,0.717391304347826,0,1,0.20417539999999995,-0.11360446657220351,3.0474282,1.211991405235323,-0.349072211014218,-0.31508661221382034,-0.14775726547488724,-0.7041117353716877,0.28265716566108307,0,-0.07664743691267903,TRUE,-0.2572451849357038,0,0,0
SLV,SV,El Salvador,Donor pool,1,2003,1997-2008,0,91,80,89,78,58,20,0.7435897435897436,0,1,0.94805249,-0.11381892401095567,2.9076407100000004,1.1711553093592544,-0.35247859876521154,-0.312370749774421,-0.14775726547488724,-0.7041117353716877,0.338260015819197,0,-0.19039259738091469,TRUE,-0.0846306133314659,0,0,0
SLV,SV,El Salvador,Donor pool,1,2004,1997-2008,0,90,87,88,85,67,18,0.788235294117647,0,1,0.7188371800000001,-0.11396897242906831,2.9273298199999997,1.1409866206227743,-0.3537846359060695,-0.31008277809072426,-0.14775726547488724,-0.7041117353716877,0.32946401827737004,0,-0.15656977828286622,TRUE,-0.1653023083569866,0,0,0
SLV,SV,El Salvador,Donor pool,1,2005,1997-2008,0,99,94,97,92,69,23,0.75,0,1,0.6307054200000001,-0.11431473519764498,2.98869498,1.073820918092687,-0.3121115062393315,-0.3053309284419036,-0.14775726547488724,-0.7041117353716877,0.19928251989856596,0,-0.132355127835864,TRUE,-0.2117045250618935,0,0,0
SLV,SV,El Salvador,Donor pool,1,2006,1997-2008,0,111,106,108,103,86,17,0.8349514563106796,0,1,0.7034747,-0.11448890536862608,2.9612444,1.2947133992738207,-0.3477328661845736,-0.2989180321761449,-0.14775726547488724,-0.7041117353716877,0.1866266087578948,0,-0.16241335626662282,TRUE,-0.11168090795287196,0,0,1
SLV,SV,El Salvador,Donor pool,1,2007,1997-2008,0,94,90,93,89,76,13,0.8539325842696629,0,1,0.45197230000000005,-0.11418940179837539,2.9207897000000003,1.1324770674867268,-0.3501969910435605,-0.2940681338686636,-0.14775726547488724,-0.7041117353716877,0.11120572812974924,0,-0.2904186725933185,TRUE,0.2542753933701013,0,0,1
SLV,SV,El Salvador,Donor pool,1,2008,1997-2008,0,99,88,97,86,66,20,0.7674418604651163,0,1,0.60251973,-0.1143428892109294,2.80083937,1.0236545901035305,-0.3470722753455702,-0.28958402301484015,-0.14775726547488724,-0.7041117353716877,0.09483739434379543,0,-0.364358428447436,TRUE,0.19378844131527484,0,0,1
SLV,SV,El Salvador,Donor pool,1,2009,2009-2016,1,84,82,83,81,68,13,0.8395061728395061,0,1,0.40285400000000005,-0.1144831729672147,2.7805963,1.0639945445394978,-0.3501385521379396,-0.2917310457363905,-0.14775726547488724,-0.7041117353716877,-0.018081035390215577,1,4.582254843809686e-4,TRUE,-0.34614795302996854,0,0,1
SLV,SV,El Salvador,Donor pool,1,2010,2009-2016,1,88,86,87,85,71,14,0.8352941176470589,0,1,0.6955760000000001,-0.11469956217919643,2.6879697,1.0507139526945997,-0.34439500592671535,-0.28791414918380415,-0.14775726547488724,-0.7041117353716877,0.029776597739525668,1,-0.05982740943749937,TRUE,-0.10241747847988984,0,0,1
SLV,SV,El Salvador,Donor pool,1,2011,2009-2016,1,99,95,96,93,67,26,0.7204301075268817,0,1,0.6879997099999999,-0.11465644763077565,2.5540312899999997,0.9445681174975202,-0.3465774560798707,-0.279376591966975,-0.14775726547488724,-0.7041117353716877,-0.044429046315393086,1,-0.2000747898964639,TRUE,-0.04152544797551603,0,0,1
SLV,SV,El Salvador,Donor pool,1,2012,2009-2016,1,92,92,90,90,63,27,0.7,0,1,0.83575973,-0.11450931282171141,2.5761659700000004,1.0506659371701297,-0.34570982289169766,-0.2744598922418376,-0.14775726547488724,-0.7041117353716877,-0.13502399276688853,1,-0.21717615964132933,TRUE,0.0894094376727602,0,0,1
SLV,SV,El Salvador,Donor pool,1,2013,2009-2016,1,61,57,61,57,48,9,0.8421052631578947,0,1,0.12618069999999998,-0.11456806322238637,3.0336281,0.8963784204210901,-0.3439859866848901,-0.27198102086351644,-0.14775726547488724,-0.7041117353716877,-0.2252754390572863,1,-0.27708295099952135,TRUE,0.0341107782318777,0,0,1
SLV,SV,El Salvador,Donor pool,1,2014,2009-2016,1,80,79,78,77,64,13,0.8311688311688312,0,1,0.356837,-0.11450240762373047,3.1372383999999998,0.9330905167334778,-0.340013258971445,-0.26952004056709394,-0.14775726547488724,-0.7041117353716877,-0.33345053027192734,1,-0.1941429764979113,TRUE,0.010085081758838333,0,0,1
SLV,SV,El Salvador,Donor pool,1,2015,2009-2016,1,78,73,77,72,56,16,0.7777777777777778,0,1,0.27671729999999994,-0.11446763494643569,3.0635744999999996,0.8997184491178676,-0.22905139675450217,-0.2658664762785713,-0.14775726547488724,-0.7041117353716877,-0.345836159594625,1,-0.07755351996493985,TRUE,0.057989539570320346,0,0,1
SLV,SV,El Salvador,Donor pool,1,2016,2009-2016,1,114,112,113,111,74,37,0.6666666666666666,0,1,0.06930619999999998,-0.11446938206158781,3.0509801,0.8862204048876571,-0.2492676668854786,-0.26260460754343,-0.14775726547488724,-0.7041117353716877,-0.4587234445232494,1,-0.026606014894321888,TRUE,0.13844333347777868,0,0,1
SUR,SR,Suriname,Donor pool,1,1997,1997-2008,0,88,81,82,76,62,14,0.8157894736842105,0,1,0.48723700000000003,-0.1166946400496008,3.7287980000000003,0.02097746103753235,-0.3574508593164372,-0.31649168549078277,-0.1481112136721012,-0.5249797481082312,0.41597466495292307,1,-0.28034206442063375,TRUE,0.13930454695423156,1,0,0
SUR,SR,Suriname,Donor pool,1,1998,1997-2008,0,84,81,78,75,59,16,0.7866666666666666,0,1,0.28830930000000005,-0.11644294090042902,3.5272114,0.06844728831048943,-0.33252590958515926,-0.305883539377133,-0.14811118985209126,-0.5249797481082312,0.43224354881454424,1,-0.5279676760628127,TRUE,-0.38623727707177324,1,0,0
SUR,SR,Suriname,Donor pool,1,1999,1997-2008,0,94,86,89,83,68,15,0.8192771084337349,0,1,0.238024,-0.11670744622564357,3.5858004,0.13375093885651432,-0.3569946605786608,-0.32147026984670796,-0.14785539758388,-0.5249797481082312,0.4056836321665083,1,-0.27531166567034365,TRUE,-0.25874334709237623,1,0,0
SUR,SR,Suriname,Donor pool,1,2000,1997-2008,0,77,45,76,44,30,14,0.6818181818181818,0,1,0.30652690000000005,-0.11672512925258963,3.0935907,0.15146281345221227,-0.33820987905283195,-0.31882427281117187,-0.14756652603558248,-0.5249797481082312,0.3804279046964394,0,0.0584798779092552,TRUE,-0.504784035602797,1,0,0
SUR,SR,Suriname,Donor pool,1,2001,1997-2008,0,85,31,83,30,24,6,0.8,0,1,0.27746380000000004,-0.11669827854565057,2.9483715,0.24582267652553969,-0.24264935233682253,-0.3268636064464513,-0.147060420725088,-0.5249797481082312,0.29687380125080576,0,-1.2054493014432917,TRUE,0.23394543203802895,1,0,0
SUR,SR,Suriname,Donor pool,1,2002,1997-2008,0,105,52,101,52,49,3,0.9423076923076923,0,1,0.1688206,-0.11673446837871879,3.4204242,0.2705689561840611,-0.280498396601017,-0.31253208737535343,-0.14696072006485453,-0.5249797481082312,0.2853025427375952,0,-0.6412869155949963,TRUE,-0.1232665094216072,1,0,0
SUR,SR,Suriname,Donor pool,1,2003,1997-2008,0,91,85,89,83,73,10,0.8795180722891566,0,1,0.40656840000000005,-0.11673185003622148,3.4491248,0.2320808627863308,0.0684362148023242,-0.3033117114839948,-0.14681014483883817,-0.5249797481082312,0.34072192741195545,0,-0.17675905224585778,TRUE,0.2367982650896696,1,0,0
SUR,SR,Suriname,Donor pool,1,2004,1997-2008,0,90,86,88,84,75,9,0.8928571428571429,0,1,0.19495720000000005,-0.11671162469967922,3.4512098,0.01073259859046861,-0.3431099308518751,-0.29238972265841257,-0.14673192479385144,-0.5249797481082312,0.331782019957246,0,-0.2760689272249801,TRUE,0.06148094513730004,1,0,0
SUR,SR,Suriname,Donor pool,1,2005,1997-2008,0,99,82,97,80,71,9,0.8875,0,1,0.10503390000000001,-0.11681718263604578,3.5143665,0.032829830620715476,-0.24085565041070625,-0.27576711425737854,-0.1467330582099207,-0.5249797481082312,0.20139750816309032,0,-0.34605890378911414,TRUE,0.11820621988827028,1,0,0
SUR,SR,Suriname,Donor pool,1,2006,1997-2008,0,111,109,108,106,93,13,0.8773584905660378,0,1,0.20687069999999996,-0.11682574796358464,3.4578484000000005,-0.05903780032507439,-0.30900149679926425,-0.23024083982992805,-0.14672591143089647,-0.5249797481082312,0.18860163312345626,0,0.5507232433390707,TRUE,0.12831666654307552,1,0,0
SUR,SR,Suriname,Donor pool,1,2007,1997-2008,0,94,82,93,81,73,8,0.9012345679012346,0,1,0.021700700000000017,-0.11681954532423212,3.3510613,-0.16820708949347302,-0.3271371486062948,-0.21473897931180375,-0.14672517210900116,-0.5249797481082312,0.11342864102927366,0,0.6941036000381889,TRUE,0.5443156421958993,1,0,0
SUR,SR,Suriname,Donor pool,1,2008,1997-2008,0,99,86,97,84,72,12,0.8571428571428571,0,1,0.13783279999999998,-0.11680731435632309,3.2655263,-0.21309891365349734,-0.3258745752750488,-0.18400346890357516,-0.14672517210900116,-0.5249797481082312,0.09692024738651013,0,0.5950493524183309,TRUE,0.29665643669053743,1,0,0
SUR,SR,Suriname,Donor pool,1,2009,2009-2016,1,84,81,83,80,72,8,0.9,0,1,0.010372700000000012,-0.11672753714007841,3.1730776,-0.14550815058817265,-0.22554004583893364,-0.1677383486267663,-0.14672517210900116,-0.5249797481082312,-0.016184170819121498,0,0.2517422087067454,TRUE,0.23659386323049417,1,0,0
SUR,SR,Suriname,Donor pool,1,2010,2009-2016,1,88,67,87,66,55,11,0.8333333333333334,0,1,0.13981790000000005,-0.11673746443992952,3.2437278000000003,-0.11740948511360445,-0.24173085312754697,-0.14381699631885028,-0.14672492566836937,-0.5249797481082312,0.03149896732841632,1,0.9022920822402237,TRUE,-0.012662344099878924,1,0,0
SUR,SR,Suriname,Donor pool,1,2011,2009-2016,1,99,76,96,74,62,12,0.8378378378378378,0,1,0.07965310000000003,-0.11665184253792493,3.3216840999999997,0.1725430783749643,-0.1941504053265817,-0.14363233675813883,-0.14641583982799344,-0.5249797481082312,-0.04274260257757334,1,0.6239421305559085,TRUE,0.09912119537232772,1,0,0
SUR,SR,Suriname,Donor pool,1,2012,2009-2016,1,92,81,90,79,65,14,0.8227848101265823,0,1,0.21038210000000002,-0.1166376944365046,3.2015436,-0.14190171776623292,-0.23443684007614907,-0.11714485021057064,-0.1463969131874729,-0.5249797481082312,-0.13322515293167772,1,0.2727570035126685,TRUE,0.06595486130806108,1,0,0
SUR,SR,Suriname,Donor pool,1,2013,2009-2016,1,61,58,61,58,51,7,0.8793103448275862,0,1,0.22923090000000002,-0.1166352769086388,3.3890397,-0.09713867740554989,-0.1873442285985532,-0.11150406267648742,-0.1463969131874729,-0.5249797481082312,-0.2235282963922304,1,-0.10963689431246182,TRUE,-0.12148439039297326,1,0,0
SUR,SR,Suriname,Donor pool,1,2014,2009-2016,1,80,78,78,76,66,10,0.868421052631579,0,1,0.12484660000000003,-0.11668843786713316,3.3692288,0.077183825519923685,-0.018105863511462438,-0.1095940571333674,-0.1463969131874729,-0.5249797481082312,-0.33160296766591807,1,-0.33332587057226487,TRUE,-0.23919396252776226,1,0,0
SUR,SR,Suriname,Donor pool,1,2015,2009-2016,1,78,57,77,56,41,15,0.7321428571428571,0,1,0.41551839999999995,-0.11667809651422953,3.2023756,-0.20683854009138208,0.09924172992395915,-0.11825046808466454,-0.14632790981057509,-0.5249797481082312,-0.3439679484173084,1,-0.733422691658568,TRUE,-0.48715607395083627,1,0,0
SUR,SR,Suriname,Donor pool,1,2016,2009-2016,1,114,100,113,99,78,21,0.7878787878787878,0,1,0.2898784,-0.11670618996742291,3.2715522999999997,-0.32232298089293054,-0.06046049294896356,-0.21138804948136908,-0.14466475279689267,-0.5249797481082312,-0.45683296626654696,1,-0.16526755656967534,TRUE,-0.6418303912373973,1,0,0
SVK,SK,Slovakia,Donor pool,1,1997,1997-2008,0,88,88,82,82,42,40,0.5121951219512195,0,1,2.57332,-0.10075518172201046,1.6427150000000001,-0.35830659973888107,-0.3482362154794897,-0.22525221648647603,-0.12846618854806655,-0.10181641075683068,0.40250314631544104,0,-0.3533117981423152,FALSE,-0.27613892219089226,1,0,0
SVK,SK,Slovakia,Donor pool,1,1998,1997-2008,0,84,84,78,78,41,37,0.5256410256410257,0,1,1.6332741,-0.10163386485013691,1.6056280000000003,-0.36427354880275004,-0.3540757946243059,-0.21383564072112698,-0.12750965387988356,-0.10181641075683068,0.419727393000763,0,-0.3721407352894132,FALSE,-0.24048365420181195,1,0,0
SVK,SK,Slovakia,Donor pool,1,1999,1997-2008,0,94,94,89,89,41,48,0.4606741573033708,0,1,1.7789014,-0.10257302257574055,1.568875,-0.3604821687188448,-0.35129770227123785,-0.21117008556661818,-0.12388436432205072,-0.10181641075683068,0.39373767091008754,0,-0.15775859638832612,FALSE,-0.37743000844183533,1,0,0
SVK,SK,Slovakia,Donor pool,1,2000,1997-2008,0,77,77,76,76,41,35,0.5394736842105263,0,1,1.8451246000000001,-0.10299428718993835,1.554993,-0.3583102585901236,-0.33914940270262023,-0.21792832398464929,-0.12112087765354533,-0.10181641075683068,0.36882303764552216,0,-0.0868955766919411,FALSE,-0.9985584556475617,1,0,0
SVK,SK,Slovakia,Donor pool,1,2001,1997-2008,0,85,84,83,83,45,38,0.54216867469879515,0,1,1.6006623000000002,-0.102473578488354,1.625173,-0.3519707750253249,-0.34531690861310393,-0.20938178340112684,-0.1197488933683111,-0.10181641075683068,0.2848515412720737,0,-0.34322654955339055,FALSE,-0.5671995280796955,1,0,0
SVK,SK,Slovakia,Donor pool,1,2002,1997-2008,0,105,105,101,101,51,50,0.504950495049505,0,1,1.5663586,-0.10232411867199014,1.6852449999999999,-0.35706257155000676,-0.3142598010581258,-0.1846340240606847,-0.12153987601569424,-0.10181641075683068,0.2731233776331699,0,-0.321599407158932,FALSE,-0.6190625396498001,1,0,0
SVK,SK,Slovakia,Donor pool,1,2003,1997-2008,0,91,91,89,89,48,41,0.5393258426966292,0,1,1.9875792,-0.10183799467489457,1.868114,-0.2933488401922221,-0.21244600592509236,-0.12231227751447223,-0.12659910503359034,-0.10181641075683068,0.3281341188452877,0,-0.21620376461846325,FALSE,-0.10688811083781781,1,0,0
SVK,SK,Slovakia,Donor pool,1,2004,1997-2008,0,90,90,88,88,49,39,0.5568181818181818,0,1,1.8095821,-0.1021784125945769,1.8365848999999999,-0.2904021982237613,-0.30058183043168873,-0.06428199111341967,-0.1292701271770526,-0.10181641075683068,0.319499015496707,0,-0.3157781395036754,FALSE,-0.10904404755373837,1,0,0
SVK,SK,Slovakia,Donor pool,1,2005,1997-2008,0,99,99,97,97,55,42,0.5670103092783505,0,1,1.6967542,-0.10078284312252395,1.9226462,-0.31702422798731233,-0.2833435742932114,-0.03514795975870618,-0.13000274588720215,-0.10181641075683068,0.18784579899225665,0,-0.35130649939061653,FALSE,-0.05655975511794562,1,0,0
SVK,SK,Slovakia,Donor pool,1,2006,1997-2008,0,111,109,108,106,60,46,0.5660377358490566,0,1,1.8597961,-0.1003236078840222,1.8049230000000003,-0.31749456462511194,-0.24817471500201402,0.009706104072356043,-0.130784061266191,-0.10181641075683068,0.17465455392720994,1,-0.3174398849887611,FALSE,-0.14739181488391637,1,0,0
SVK,SK,Slovakia,Donor pool,1,2007,1997-2008,0,94,93,93,92,57,35,0.6195652173913043,0,1,1.6470890000000002,-0.10088511163270687,1.725673,-0.331201672920866,-0.18073855164250524,0.096178124010106,-0.133743073931949,-0.10181641075683068,0.09996136905293973,1,-0.18641511717438905,FALSE,-0.04207031307087489,1,0,0
SVK,SK,Slovakia,Donor pool,1,2008,1997-2008,0,99,99,97,97,54,43,0.5567010309278351,0,1,1.6153221,-0.10052652981607359,1.7880369999999999,-0.35298741870815925,-0.14939867917664756,0.17357712927506308,-0.13571435254554087,-0.10181641075683068,0.08316025078818427,1,-0.23971199010906433,FALSE,-0.08558502564996806,1,0,0
SVK,SK,Slovakia,Donor pool,1,2009,2009-2016,1,84,84,83,83,48,35,0.5783132530120482,0,1,1.7004622999999999,-0.10196731998477226,1.4829880000000002,-0.36374174593212383,-0.10396619791775355,0.11017401623871692,-0.1479246729694513,-0.10181641075683068,-0.02865903266287703,1,-0.0898634307089073,FALSE,-0.43458169351769854,1,0,0
SVK,SK,Slovakia,Donor pool,1,2010,2009-2016,1,88,88,87,87,48,39,0.5517241379310345,0,1,1.8706897000000002,-0.10191476863573426,1.512856,-0.3564241927984098,0.05788212407495491,0.11936302338090476,-0.14790258126936834,-0.10181641075683068,0.018971300535730973,0,-0.154015181188896,FALSE,-0.4057938901552021,1,0,0
SVK,SK,Slovakia,Donor pool,1,2011,2009-2016,1,99,98,96,96,56,40,0.5833333333333334,0,1,1.79236,-0.10110793513502156,1.4496709999999997,-0.35466337117753627,0.31947896352370936,0.16549928378347728,-0.1479238116910051,-0.10181641075683068,-0.05587981426782595,0,-0.16709963431997968,FALSE,-0.24063950106746196,1,0,0
SVK,SK,Slovakia,Donor pool,1,2012,2009-2016,1,92,92,90,90,44,46,0.4888888888888889,0,1,1.8756667,-0.10237127610367082,1.5362590000000003,-0.3445836708798358,0.3407496454102452,0.13750972627834265,-0.14788836905963662,-0.10181641075683068,-0.14528267185803992,1,0.14660953143127312,FALSE,-0.25946512502250285,1,0,0
SVK,SK,Slovakia,Donor pool,1,2013,2009-2016,1,61,61,61,61,30,31,0.4918032786885246,0,1,1.5104768,-0.10305818266915372,1.649332,-0.3476674051177424,0.30337000569320643,0.16089575956586263,-0.1479033879389956,-0.10181641075683068,-0.23500322071719815,1,0.19651972874000484,FALSE,-0.08900677927493814,1,0,0
SVK,SK,Slovakia,Donor pool,1,2014,2009-2016,1,80,80,78,78,38,40,0.48717948717948717,0,1,1.8567733999999998,-0.10314502745170406,1.637302,-0.33739729757538206,0.2839403073464714,0.17435909440927252,-0.14790351624137238,-0.10181641075683068,-0.34304942350380035,1,0.15806119736781835,FALSE,-0.10033172035520685,1,0,0
SVK,SK,Slovakia,Donor pool,1,2015,2009-2016,1,78,78,77,77,34,43,0.44155844155844154,0,1,1.3138002,-0.10161463779579057,1.4730569999999998,-0.3208658998313233,0.12611512786334372,0.10592248886264424,-0.14781564444716924,-0.10181641075683068,-0.3566991002983696,1,-0.016258381366864645,FALSE,-0.07190930829234995,1,0,0
SVK,SK,Slovakia,Donor pool,1,2016,2009-2016,1,114,114,113,113,56,57,0.49557522123893805,0,1,1.6027019,-0.10142385981731233,1.3789719999999999,-0.3181722290059529,0.12997628599468244,0.11162347498899301,-0.14781438759232315,-0.10181641075683068,-0.469749101257471,1,-0.05144554798147922,FALSE,-0.0823823374509123,1,0,0
SVN,SI,Slovenia,Donor pool,1,1997,1997-2008,0,88,87,82,81,40,41,0.49382716049382713,0,1,2.533752,-0.10852996558941032,1.6822830000000002,-0.319363977807216,-0.3498366355225154,-0.07055313560933756,-0.05389985798098727,-0.109435791742267,0.40907414412599863,1,0.10413750898345965,FALSE,-0.06430994580929845,1,0,0
SVN,SI,Slovenia,Donor pool,1,1998,1997-2008,0,84,81,78,76,41,35,0.5394736842105263,0,1,1.5935131,-0.1081225237983458,1.6453890000000002,-0.324359928387842,-0.35423978717383336,-0.05013427113095637,-0.05008742140738181,-0.109435791742267,0.42521139930490165,1,0.04992362512680521,FALSE,-0.07792450989774222,1,0,0
SVN,SI,Slovenia,Donor pool,1,1999,1997-2008,0,94,93,89,88,40,48,0.45454545454545453,0,1,1.7879644,-0.1081430981554109,1.559812,-0.32357008292674405,-0.34108212367809115,-0.042202175720419136,-0.040839967368345546,-0.109435791742267,0.39844532003100086,1,-0.12003848530491563,FALSE,-0.10356578032591943,1,0,0
SVN,SI,Slovenia,Donor pool,1,2000,1997-2008,0,77,77,76,76,41,35,0.5394736842105263,0,1,1.8509496,-0.10846856780777807,1.549168,-0.3187714155577395,-0.3360773346740745,-0.0793985644509437,-0.016657107482415313,-0.109435791742267,0.37344972393901965,1,-0.0787002579536971,FALSE,-0.11812891195908069,1,0,0
SVN,SI,Slovenia,Donor pool,1,2001,1997-2008,0,85,82,83,81,43,38,0.5308641975308642,0,1,1.7367303,-0.10808999269842183,1.4891050000000001,-0.3358398981338082,-0.3403887686546843,-0.07234865879898551,-0.004773099965320453,-0.109435791742267,0.2895983543162647,1,0.09875033156824763,FALSE,-0.20664468580890477,1,0,0
SVN,SI,Slovenia,Donor pool,1,2002,1997-2008,0,105,105,101,101,48,53,0.4752475247524752,0,1,1.6627935999999999,-0.10802805714789396,1.58881,-0.3217076241863893,-0.31926717610415606,-0.03521881783969917,-0.006252110459648323,-0.109435791742267,0.27794416337795164,1,0.14644808138498766,FALSE,-0.019178523364967944,1,0,0
SVN,SI,Slovenia,Donor pool,1,2003,1997-2008,0,91,90,89,88,49,39,0.5568181818181818,0,1,1.9691382,-0.10842245318600598,1.8865550000000002,-0.3090640598498152,-0.3213165901622274,0.05507222477764652,-0.025849759120402716,-0.109435791742267,0.3336990918655208,1,0.05150016256681476,FALSE,-0.04503512104218661,1,0,0
SVN,SI,Slovenia,Donor pool,1,2004,1997-2008,0,90,90,88,88,48,40,0.5454545454545454,0,1,1.83998,-0.10821562798156481,1.806187,-0.31859333499201203,-0.3288220118307387,0.12536904830141293,-0.03456346101628763,-0.109435791742267,0.3246014761909656,0,-0.04961518541827923,FALSE,0.011438095257706865,1,0,0
SVN,SI,Slovenia,Donor pool,1,2005,1997-2008,0,99,99,97,97,53,44,0.5463917525773195,0,1,1.7557644000000001,-0.10874905187770814,1.8636359999999998,-0.34214143703246785,-0.31833193568268925,0.15081413977712274,-0.03437162551678379,-0.109435791742267,0.19457858297461983,0,-0.001031530581028147,FALSE,-0.013116914668783801,1,0,0
SVN,SI,Slovenia,Donor pool,1,2006,1997-2008,0,111,111,108,108,61,47,0.5648148148148148,0,1,1.8726221,-0.10862959313158531,1.7920970000000003,-0.3473365630472754,-0.30099600793829495,0.1976353594947834,-0.035363624076218604,-0.109435791742267,0.18167450609657096,0,-0.0028962613670330765,FALSE,0.05903860417947634,1,0,0
SVN,SI,Slovenia,Donor pool,1,2007,1997-2008,0,94,94,93,93,57,36,0.6129032258064516,0,1,1.6333540000000002,-0.10833843079986931,1.739408,-0.35836726340532993,-0.30522268119597074,0.3199461023073836,-0.1479171527657711,-0.109435791742267,0.10626067521554156,0,-0.12740710965115667,FALSE,0.15793479372675678,1,0,0
SVN,SI,Slovenia,Donor pool,1,2008,1997-2008,0,99,98,97,96,53,43,0.5520833333333334,0,1,1.6231807,-0.10839585039102885,1.7801783999999998,-0.36211113878406437,-0.29406130663038793,0.4297577001380142,-0.1479465776115626,-0.109435791742267,0.0898111479900254,1,-0.1912996605400923,FALSE,0.11107688151470445,1,0,0
SVN,SI,Slovenia,Donor pool,1,2009,2009-2016,1,84,84,83,83,49,34,0.5903614457831325,0,1,1.5197910000000001,-0.10922481634962608,1.6636593000000002,-0.35935604971024054,-0.2880883298759039,0.34276846678698614,-0.1479246729694513,-0.109435791742267,-0.02252522964829444,1,0.03789805822995612,FALSE,-0.2644001793878349,1,0,0
SVN,SI,Slovenia,Donor pool,1,2010,2009-2016,1,88,88,87,87,53,34,0.6091954022988506,0,1,1.736747,-0.10928152722761598,1.6467987000000002,-0.35527011102649597,-0.2705354081812618,0.308329133959695,-0.14790258126936834,-0.109435791742267,0.02519744847807221,1,0.05483720415991759,FALSE,-0.2603002874334695,1,0,0
SVN,SI,Slovenia,Donor pool,1,2011,2009-2016,1,99,98,96,96,56,40,0.5833333333333334,0,1,1.6621435,-0.10953538112060049,1.5798875,-0.3549546532502085,-0.272026821456856,0.3556643584663073,-0.1479238116910051,-0.109435791742267,-0.04875720738070295,1,0.051164492068002713,FALSE,-0.4175767888817633,1,0,0
SVN,SI,Slovenia,Donor pool,1,2012,2009-2016,1,92,92,90,90,48,42,0.5333333333333333,0,1,1.744977,-0.11028300473708183,1.6669487000000003,-0.3551903265130005,-0.24689311191592425,0.2822428261927883,-0.14788836905963662,-0.109435791742267,-0.13859593272618365,0,0.16647705305847785,FALSE,-0.17562106027112734,1,0,0
SVN,SI,Slovenia,Donor pool,1,2013,2009-2016,1,61,61,61,61,31,30,0.5081967213114754,0,1,1.4085850999999998,-0.11061260155979437,1.7512237000000002,-0.35756877660955505,-0.2366737653159745,0.30559983560746184,-0.1479033879389956,-0.109435791742267,-0.22861846831287977,1,0.2749112398272843,FALSE,-0.8081353952971878,1,0,0
SVN,SI,Slovenia,Donor pool,1,2014,2009-2016,1,80,80,78,78,39,39,0.5,0,1,1.7326487,-0.1104336098594784,1.7614267,-0.34995122451126864,-0.23708880077288583,0.3284067000839084,-0.14790351624137238,-0.109435791742267,-0.33688934756337746,0,0.37210721762910187,FALSE,-0.2315367305883695,1,0,0
SVN,SI,Slovenia,Donor pool,1,2015,2009-2016,1,78,78,77,77,35,42,0.45454545454545453,0,1,1.2528032,-0.11038310285528007,1.5340539999999998,-0.34368919619798016,-0.22798807184499345,0.2309674666227449,-0.14781564444716924,-0.109435791742267,-0.349288275034216,0,0.302873251693671,FALSE,-0.11426388490746793,1,0,0
SVN,SI,Slovenia,Donor pool,1,2016,2009-2016,1,114,114,113,113,56,57,0.49557522123893805,0,1,1.5593249,-0.11033163278131555,1.4223489999999999,-0.3401671547172968,-0.15753914239242883,0.2530238098383652,-0.14781438759232315,-0.109435791742267,-0.4622205374231967,0,0.3547637356835085,FALSE,-0.0069121399942421585,1,0,0
SWE,SE,Sweden,Donor pool,1,1997,1997-2008,0,88,88,82,82,42,40,0.5121951219512195,0,1,2.5157499999999997,-0.02388920246623846,1.7002850000000003,-0.17904400379439248,-0.09702139758698354,0.5138676972714198,-0.14383300745037547,-0.17992833172547973,0.3375384874888585,1,0.3016811837600134,FALSE,0.013313389893865313,1,0,0
SWE,SE,Sweden,Donor pool,1,1998,1997-2008,0,84,84,78,78,42,36,0.5384615384615384,0,1,1.5119831000000001,-0.02110963224614355,1.726919,-0.16886000522766967,0.04154207687407133,0.5221306339419198,-0.14364671371064675,-0.17992833172547973,0.35167089584766154,1,0.2857137461332691,FALSE,0.13996426546871815,1,0,0
SWE,SE,Sweden,Donor pool,1,1999,1997-2008,0,94,94,89,89,41,48,0.4606741573033708,0,1,1.6923613999999998,-0.020821944370836058,1.655415,-0.16037383711100053,0.06166275183906249,0.5328127130718981,-0.14346184765078604,-0.17992833172547973,0.32464428322794103,1,0.3032507991949233,FALSE,0.3988619822038469,1,0,0
SWE,SE,Sweden,Donor pool,1,2000,1997-2008,0,77,77,76,76,42,34,0.5526315789473685,0,1,1.7466156000000002,-0.020611845870347506,1.653502,-0.09566702862622345,0.0876180147592578,0.49354419454943166,-0.14292964481290488,-0.17992833172547973,0.29919604212101875,1,0.3025918062548361,FALSE,0.4143895015114749,1,0,0
SWE,SE,Sweden,Donor pool,1,2001,1997-2008,0,85,84,83,83,46,37,0.5542168674698795,0,1,1.6126073,-0.022062013017541942,1.613228,-0.10106761283814028,0.025080262458696913,0.42380228187243935,-0.14223947796598546,-0.17992833172547973,0.2168902667641393,1,0.345285663329519,FALSE,0.7061247140819097,1,0,0
SWE,SE,Sweden,Donor pool,1,2002,1997-2008,0,105,105,101,101,54,47,0.5346534653465347,0,1,1.4157652,-0.022401051266938386,1.8358384,-0.08256016126973435,-0.0497536347092157,0.5031003167534335,-0.14258962820883453,-0.17992833172547973,0.20557496601317152,1,0.3320373260050375,FALSE,-0.002087836863610349,1,0,0
SWE,SE,Sweden,Donor pool,1,2003,1997-2008,0,91,91,89,89,50,39,0.5617977528089888,0,1,1.9179803,-0.024609747488774463,1.9377129000000002,-0.07541745741111998,0.027085919150266403,0.7186338267651707,-0.14356601761295731,-0.17992833172547973,0.2628632827901484,1,0.4096768049239273,FALSE,0.013039191522303949,1,0,0
SWE,SE,Sweden,Donor pool,1,2004,1997-2008,0,90,90,88,88,50,38,0.5681818181818182,0,1,1.7781128000000002,-0.02590668844569209,1.8680542,-0.08618914801855794,-0.0134452370871481,0.8792529272233236,-0.14400216873595922,-0.17992833172547973,0.25503660201518646,1,0.4176141492047641,FALSE,0.13102388624641703,1,0,0
SWE,SE,Sweden,Donor pool,1,2005,1997-2008,0,99,99,97,97,56,41,0.5773195876288659,0,1,1.6539806000000001,-2.913679064591856e-4,1.9654197999999998,-0.11318544839443634,-0.03569665209048694,0.8974843351896213,-0.14392870872667632,-0.17992833172547973,0.10291362918709089,1,0.4188037152865552,FALSE,0.22784520756168988,1,0,0
SWE,SE,Sweden,Donor pool,1,2006,1997-2008,0,111,111,108,108,64,44,0.5925925925925926,0,1,1.7138955,-1.363461927707465e-4,1.9508236,-0.15263890407944455,-0.006382798144367888,0.9901387317570979,-0.14398480206463785,-0.17992833172547973,0.08997949563016878,0,0.5332087327365022,FALSE,0.278170222673224,1,0,0
SWE,SE,Sweden,Donor pool,1,2007,1997-2008,0,94,94,93,93,58,35,0.6236559139784946,0,1,1.4897550000000002,0.002438661277748833,1.883007,-0.1981593354507847,-0.0064620247020951245,1.1969287662163204,-0.14435119767393373,-0.17992833172547973,0.012635432132686635,0,0.5314854984385332,FALSE,0.3684230199207323,1,0,0
SWE,SE,Sweden,Donor pool,1,2008,1997-2008,0,99,99,97,97,53,44,0.5463917525773195,0,1,1.4873612,-0.002118748813723716,1.9159978999999998,-0.22564865001596449,0.05064964465759051,1.2630149677714861,-0.1444503678485675,-0.17992833172547973,-1.0847539020317473e-5,0,0.5137037281551354,FALSE,0.26145967364988837,1,0,0
SWE,SE,Sweden,Donor pool,1,2009,2009-2016,1,84,84,83,83,49,34,0.5903614457831325,0,1,1.543583,-0.011375896716795132,1.6398673000000001,-0.23855220889817463,0.21993543073775948,0.9953185633754058,-0.1438218141168801,-0.17992833172547973,-0.10522399628137818,0,0.4153900802723288,FALSE,0.08328712490821379,1,0,0
SWE,SE,Sweden,Donor pool,1,2010,2009-2016,1,88,88,87,87,52,35,0.5977011494252874,0,1,1.7365027,-0.01889126991110217,1.647043,-0.20736152765458737,0.22860021547430728,1.166786256836014,-0.14408577864910252,-0.17992833172547973,-0.051197496134220005,0,0.41270775977173196,FALSE,0.1103535546162603,1,0,0
SWE,SE,Sweden,Donor pool,1,2011,2009-2016,1,99,97,96,95,55,40,0.5789473684210527,0,1,1.65822,-0.0157688525217161,1.5838109999999999,-0.2263377604883836,0.214919931321942,1.397084706794821,-0.1445080679794482,-0.17992833172547973,-0.12800566812703626,0,0.3905979920976291,FALSE,0.08824159817301938,1,0,0
SWE,SE,Sweden,Donor pool,1,2012,2009-2016,1,92,92,90,90,49,41,0.5444444444444444,0,1,1.6549768,-0.018607449722280314,1.7569489000000003,-0.21908885409836532,0.2313243701864115,1.3198008252089075,-0.1443415889537007,-0.17992833172547973,-0.21607716970433508,0,0.3918426505050572,FALSE,0.011730963860721661,1,0,0
SWE,SE,Sweden,Donor pool,1,2013,2009-2016,1,61,61,61,61,30,31,0.4918032786885246,0,1,1.4116678999999999,-0.02482563060854037,1.7481409,-0.2293390495297463,0.2155763071123572,1.4107349081563967,-0.14449598548815337,-0.17992833172547973,-0.3011228630213578,0,0.37896169852063843,FALSE,0.002626675392678056,1,0,0
SWE,SE,Sweden,Donor pool,1,2014,2009-2016,1,80,80,78,78,40,38,0.5128205128205128,0,1,1.6537255,-0.022061502213491836,1.8403499,-0.20078836031569947,0.18606900120773953,1.3736924553099699,-0.14429086013541173,-0.17992833172547973,-0.41157861684210634,1,0.32426959180537535,FALSE,0.05388395773900202,1,0,0
SWE,SE,Sweden,Donor pool,1,2015,2009-2016,1,78,78,77,77,36,41,0.4675324675324675,0,1,0.9084092,-0.011170185166879459,1.878448,-0.1932264421619373,0.27185643190653347,1.1269850008305278,-0.14335987298176264,-0.17992833172547973,-0.4331398490494237,1,0.2697336315973251,FALSE,0.17718857575927557,1,0,0
SWE,SE,Sweden,Donor pool,1,2016,2009-2016,1,114,114,113,113,58,55,0.5132743362831859,0,1,1.202721,-0.021594927713189493,1.7789528999999997,-0.19807775461117488,0.2922296829053225,1.1421290951922516,-0.143284668665688,-0.17992833172547973,-0.537217952742185,1,0.21719644469229085,FALSE,0.29246722089653027,1,0,0
SWZ,SZ,Eswatini,Donor pool,1,1997,1997-2008,0,88,86,82,80,56,24,0.7,0,1,1.2436972,-0.11673654553810309,2.9723378,-0.39027358435502496,-0.35992996725897497,-0.32713542233887666,-0.14562330942873364,0.79024815394304,0.4160100821269426,0,0.08776182055547925,FALSE,0.34008781477414984,0,0,0
SWZ,SZ,Eswatini,Donor pool,1,1998,1997-2008,0,84,73,78,69,45,24,0.6521739130434783,0,1,0.37804357,-0.11672365975660823,2.8608585300000002,-0.4071174569496925,-0.35992996725897497,-0.33180443824979977,-0.14507897776871892,0.79024815394304,0.43248080338274775,0,-0.22375623638845935,FALSE,0.2555027029267781,0,0,0
SWZ,SZ,Eswatini,Donor pool,1,1999,1997-2008,0,94,90,89,85,60,25,0.7058823529411765,0,1,0.4633947,-0.11673272697041866,2.8843817,-0.40716384537840455,-0.35992996725897497,-0.3331224455724814,-0.14473522266026448,0.79024815394304,0.4057049986406638,0,-0.018772897246396674,FALSE,0.06356650705932948,0,0,0
SWZ,SZ,Eswatini,Donor pool,1,2000,1997-2008,0,77,73,76,72,60,12,0.8333333333333334,0,1,0.09530100000000008,-0.11676276372481978,3.3048166,-0.27580679741022396,-0.3576645016478466,-0.3293608063302485,-0.14424410936180093,0.79024815394304,0.3804597121445748,0,-0.04633328451135209,FALSE,0.06691431293682278,0,0,0
SWZ,SZ,Eswatini,Donor pool,1,2001,1997-2008,0,85,45,83,45,37,8,0.8222222222222222,0,1,0.20797719999999997,-0.11677780141260607,3.4338125,-0.2237260650300073,-0.23506704187374924,-0.3352326231740584,-0.14325675827837664,0.79024815394304,0.2969410114258498,0,0.12796065991380726,FALSE,-0.020892549746365202,0,0,0
SWZ,SZ,Eswatini,Donor pool,1,2002,1997-2008,0,105,96,101,92,65,27,0.7065217391304348,0,1,0.10371390000000003,-0.11674924884774707,3.3553175,-0.1858876258680397,-0.2345666679602894,-0.3385861980081735,-0.14211431914808687,0.79024815394304,0.2853150347156719,0,0.2218059262102618,FALSE,-0.14311319263862396,0,0,0
SWZ,SZ,Eswatini,Donor pool,1,2003,1997-2008,0,91,53,89,51,45,6,0.8823529411764706,0,1,0.38263539999999996,-0.11674033290871054,3.4730578000000003,-0.08623798925397468,-0.19178567379255976,-0.3180309663017121,-0.143874495237854,0.79024815394304,0.3407290968635439,0,0.3164433091135802,FALSE,-0.009986160558392087,0,0,0
SWZ,SZ,Eswatini,Donor pool,1,2004,1997-2008,0,90,61,88,61,51,10,0.8360655737704918,0,1,0.3419996,-0.11676060390851252,3.3041674,-0.10629568818090264,-0.22757366945909885,-0.3030337159810323,-0.1445280893092551,0.79024815394304,0.331823415612674,0,0.23562183571255502,FALSE,-0.16673807806983065,0,0,0
SWZ,SZ,Eswatini,Donor pool,1,2005,1997-2008,0,99,14,97,14,13,1,0.9285714285714286,0,1,0.09849490000000005,-0.11683498834135254,3.5209055,-0.08487854252916226,-0.13272836936467605,-0.29288057542687984,-0.14458745044999397,0.79024815394304,0.20141255697378144,0,-0.0783028890796676,FALSE,0.027494081249439292,0,0,0
SWZ,SZ,Eswatini,Donor pool,1,2006,1997-2008,0,111,95,108,92,75,17,0.8152173913043478,0,1,0.37752610000000003,-0.11679767446008929,3.2871930000000003,-0.16067457168785,-0.12618508303717338,-0.2901214898228612,-0.14434363933975708,0.79024815394304,0.1885779062992577,0,-0.22673932075106631,FALSE,0.896432861636037,0,0,0
SWZ,SZ,Eswatini,Donor pool,1,2007,1997-2008,0,94,80,93,79,66,13,0.8354430379746836,0,1,0.05192319999999995,-0.11683618002587695,3.4246852,-0.2223581002104396,-0.21422727136123484,-0.285885371806844,-0.14418168890705915,0.79024815394304,0.11344270014525054,0,-0.005788569774546615,FALSE,0.3664555410167725,0,0,0
SWZ,SZ,Eswatini,Donor pool,1,2008,1997-2008,0,99,95,97,93,81,12,0.8709677419354839,0,1,7.47500000000012e-4,-0.11681062564974184,3.4041066,-0.2306677843600044,-0.2714518965673128,-0.29065332463481564,-0.14346256035709315,0.79024815394304,0.0969230459854391,0,-0.28330278687016613,FALSE,0.3003211924651547,0,0,0
SWZ,SZ,Eswatini,Donor pool,1,2009,2009-2016,1,84,73,83,73,64,9,0.8767123287671232,0,1,0.012068199999999973,-0.11678682372252643,3.1955185000000004,-0.2383687615989919,-0.22127819719355424,-0.2835143058344547,-0.1433369047198597,0.79024815394304,-0.016134063702305714,0,-0.5295153164689573,FALSE,-0.08525389752951136,0,0,0
SWZ,SZ,Eswatini,Donor pool,1,2010,2009-2016,1,88,79,87,78,72,6,0.9230769230769231,0,1,0.015744700000000056,-0.11677026773525949,3.367801,-0.24999992224251052,-0.3427289615153248,-0.2619757313821284,-0.14401853123397068,0.79024815394304,0.031526691620881286,0,-0.37679283856211976,FALSE,-0.6180737608875607,0,0,0
SWZ,SZ,Eswatini,Donor pool,1,2011,2009-2016,1,99,87,96,85,72,13,0.8470588235294118,0,1,0.26599399999999995,-0.11682126074439571,3.508025,-0.2859746581408841,-0.3568226664070384,-0.253091631654507,-0.14405407181488072,0.79024815394304,-0.04259941574656003,0,-0.2197177574225088,FALSE,-0.15875312574027967,0,0,0
SWZ,SZ,Eswatini,Donor pool,1,2012,2009-2016,1,92,72,90,70,60,10,0.8571428571428571,0,1,0.059536799999999945,-0.11684882373177397,3.3523889000000002,-0.3307660086095569,0.3354103948748946,-0.25310669519348516,-0.1434928753386386,0.79024815394304,-0.1330467132270349,0,0.36199086354171356,FALSE,0.4526738437522796,0,0,0
SWZ,SZ,Eswatini,Donor pool,1,2013,2009-2016,1,61,58,61,58,51,7,0.8793103448275862,0,1,0.2541570000000001,-0.11680526374790019,3.4139658,-0.343322055094381,0.3994607096795432,-0.26117634173795784,-0.14263816750908395,0.79024815394304,-0.22338462897103167,0,0.692617293691204,FALSE,0.21553869558508576,0,0,0
SWZ,SZ,Eswatini,Donor pool,1,2014,2009-2016,1,80,31,78,30,25,5,0.8333333333333334,0,1,0.21446869999999996,-0.11682518767122284,3.2796067,-0.31896246537560796,-0.058070236047967405,-0.2664327113003583,-0.14192983828353953,0.79024815394304,-0.3314873911201783,0,0.7480528115028323,FALSE,-0.06372664564675504,0,0,0
SWZ,SZ,Eswatini,Donor pool,1,2015,2009-2016,1,78,53,77,53,36,17,0.6792452830188679,0,1,0.43352749999999995,-0.11682760573281024,3.2203847,-0.37917044847015796,-0.35742758357605797,-0.2767546705316361,-0.14080235742195718,0.79024815394304,-0.34384158802392567,0,0.8402440925686375,FALSE,-0.3558508557939878,0,0,0
SWZ,SZ,Eswatini,Donor pool,1,2016,2009-2016,1,114,73,113,72,52,20,0.7222222222222222,0,1,0.23986339999999995,-0.11680815200247062,3.2215372999999996,-0.3840101262390544,-0.35700845279690646,-0.2820926117302475,-0.13964861307154514,0.79024815394304,-0.45674679122676615,0,0.5305035860616596,FALSE,-0.6121013521135528,0,0,0
TCD,TD,Chad,Donor pool,1,1997,1997-2008,0,88,20,82,20,14,6,0.7,0,1,0.20825740000000004,-0.1165164204976948,4.0077776,-0.3046288527679213,-0.193908965691902,-0.371333000774837,0.19686691430216682,0.21134883171648666,0.41582403950720703,1,-0.34541275540809396,FALSE,-0.05476646286451488,0,1,0
TCD,TD,Chad,Donor pool,1,1998,1997-2008,0,84,74,78,70,56,14,0.8,0,1,0.1989998,-0.11650271432717102,3.4379019,-0.14693239469689653,-0.35992996725897497,-0.37079242458662176,0.20058268831181233,0.21134883171648666,0.4322940673965334,1,-0.21278321727124497,FALSE,-0.013793029012910971,0,1,0
TCD,TD,Chad,Donor pool,1,1999,1997-2008,0,94,77,89,74,62,12,0.8378378378378378,0,1,0.5151316,-0.11648332635483326,3.862908,-0.10814423418477476,-0.35992996725897497,-0.37176631929894155,0.2156776155257562,0.21134883171648666,0.40549421324432183,1,-0.2904028619212139,FALSE,-0.15178601081860413,0,1,0
TCD,TD,Chad,Donor pool,1,2000,1997-2008,0,77,43,76,43,41,2,0.9534883720930233,0,1,0.3599884,-0.11650931021866016,3.7601060000000004,-0.28836661932471236,-0.35764907596782364,-0.3724573953989921,0.27170912313690493,0.21134883171648666,0.3802455013751877,1,-0.4432621937043764,FALSE,-0.22628316703114051,0,1,0
TCD,TD,Chad,Donor pool,1,2001,1997-2008,0,85,21,83,21,20,1,0.9523809523809523,0,1,0.6166086999999999,-0.11642304519492909,3.842444,-0.22938919187431991,-0.3578049039391059,-0.3715405017869131,0.284833397584299,0.21134883171648666,0.2966411828557699,1,-1.0849359739729127,FALSE,-0.1237196342867491,0,1,0
TCD,TD,Chad,Donor pool,1,2002,1997-2008,0,105,44,101,43,33,10,0.7674418604651163,0,1,0.5169964,-0.11625457070790218,3.7686,-0.18649117911361837,-0.0036417856649760836,-0.370813528106276,0.26195317895403236,0.21134883171648666,0.28489694862745524,1,-3.242275307087237,FALSE,-0.18513645525708716,0,1,0
TCD,TD,Chad,Donor pool,1,2003,1997-2008,0,91,1,89,1,1,0,1,0,1,0.09945779999999993,-0.11615460252169546,3.955151,0.22598812973559684,0.10374152204385219,-0.36875570924783097,0.19463596838250072,0.21134883171648666,0.3402340563381356,1,-1.642174626638316,FALSE,-0.10778070899399682,0,1,0
TCD,TD,Chad,Donor pool,1,2004,1997-2008,0,90,23,88,23,19,4,0.8260869565217391,0,1,0.327801,-0.11542347928389453,3.973968,1.0958217209714474,2.1831313203441685,-0.36414900455960725,0.16354931982120494,0.21134883171648666,0.3306933207919488,1,-0.5048710954772524,FALSE,-0.03492944520979924,0,1,0
TCD,TD,Chad,Donor pool,1,2005,1997-2008,0,99,10,97,10,8,2,0.8,0,1,0.44905360000000005,-0.11562676210404249,4.068454,1.4218435494861832,1.028543241831535,-0.35262244319518077,0.16350219861265525,0.21134883171648666,0.20039140293330568,1,-0.20342559489886827,FALSE,0.1400522287978543,0,1,0
TCD,TD,Chad,Donor pool,1,2006,1997-2008,0,111,54,108,53,47,6,0.8867924528301887,0,1,0.5956954999999999,-0.11531625973487707,3.0690236000000004,1.6062926766378816,1.27208285146233,-0.3506005073749824,0.16064383954363803,0.21134883171648666,0.18732586211617583,1,-0.07344648509939039,FALSE,0.32958682157422914,0,1,0
TCD,TD,Chad,Donor pool,1,2007,1997-2008,0,94,29,93,29,24,5,0.8275862068965517,0,1,0.08833240000000009,-0.1151108729932165,3.2844296,1.826282342746509,0.16733076549276324,-0.3484380717019618,0.13474278734056527,0.21134883171648666,0.11198452601108727,1,0.3984377125710988,FALSE,0.39394890253571224,0,1,0
TCD,TD,Chad,Donor pool,1,2008,1997-2008,0,99,37,97,37,26,11,0.7027027027027027,0,1,0.13536000000000004,-0.11474820983804242,3.2679991,1.8123700995777046,-0.1923856238892357,-0.34297557162648606,0.11544135376970947,0.21134883171648666,0.09517995832997922,0,0.252447859894528,FALSE,0.4809199832206066,0,1,0
TCD,TD,Chad,Donor pool,1,2009,2009-2016,1,84,27,83,27,25,2,0.9259259259259259,0,1,0.0060886,-0.11451424203308376,3.1773617,1.8406170056617692,0.08989723470947632,-0.34681730396629196,0.12980985709510423,0.21134883171648666,-0.018054776812834183,0,-0.11190471986027313,FALSE,-0.505907306120816,0,1,0
TCD,TD,Chad,Donor pool,1,2010,2009-2016,1,88,2,87,2,2,0,1,0,1,0.24845620000000002,-0.1147118070674943,3.1350895000000003,1.307896096566848,2.173628658207479,-0.3436975408974771,0.14430106240644577,0.21134883171648666,0.029786946726142485,1,-0.05911253750701297,FALSE,-0.046797000218138735,0,1,0
TCD,TD,Chad,Donor pool,1,2011,2009-2016,1,99,89,96,87,71,16,0.8160919540229885,0,1,0.2652307,-0.11487317069861883,2.9768003,1.7069720540355569,0.7235513303106792,-0.33880936301726533,0.13037481872085588,0.21134883171648666,-0.04424587893369065,1,0.08579550200995534,FALSE,0.27553308345979327,0,1,0
TCD,TD,Chad,Donor pool,1,2012,2009-2016,1,92,61,90,59,45,14,0.7627118644067796,0,1,0.6161721,-0.11455824451075998,2.7957536000000003,1.6426812478038573,0.6855118057012304,-0.3374516742661318,0.15362366086542564,0.21134883171648666,-0.1349826372736573,1,-0.018598863787952898,FALSE,0.05923149204082514,0,1,0
TCD,TD,Chad,Donor pool,1,2013,2009-2016,1,61,24,61,24,22,2,0.9166666666666666,0,1,0.09932610000000008,-0.11460221512007795,3.2591349000000003,1.5551001588275353,0.1478285360804326,-0.33890500862781514,0.1437719218177484,0.21134883171648666,-0.225246574969385,1,-0.11812511026509448,FALSE,-0.07650922787251074,0,1,0
TCD,TD,Chad,Donor pool,1,2014,2009-2016,1,80,57,78,56,44,12,0.7857142857142857,0,1,0.5581006,-0.1152275979612322,2.9359748,1.470330944855373,0.17636415579036316,-0.3396719236245425,0.14368776097557656,0.21134883171648666,-0.3328376226720206,1,-0.0329868978067633,FALSE,0.14126497288911904,0,1,0
TCD,TD,Chad,Donor pool,1,2015,2009-2016,1,78,72,77,71,55,16,0.7746478873239436,0,1,0.44055939999999993,-0.11520053192480342,3.2274165999999997,1.0082629589433338,0.23806636255355057,-0.3480411437306159,0.2013278794856994,0.21134883171648666,-0.34521673858918533,1,-0.1654541637681697,FALSE,-0.19657089807094671,0,1,0
TCD,TD,Chad,Donor pool,1,2016,2009-2016,1,114,104,113,103,79,24,0.7669902912621359,0,1,0.26542659999999996,-0.11524293148021747,3.2471004999999997,1.0162797590610606,0.7132160663610506,-0.351924820026674,0.20215232221996224,0.21134883171648666,-0.45806966537994925,1,-0.15225612140389058,FALSE,-0.040646666616729,0,1,0
TGO,TG,Togo,Donor pool,1,1997,1997-2008,0,88,85,82,79,66,13,0.8354430379746836,0,1,0.37683690000000003,-0.11631442461110973,3.8391981,-0.3982655912741816,-0.09000696284326794,-0.36408581410681545,0.19686691430216682,0.09777553361897375,0.41565331906646824,1,-0.20232674029145237,FALSE,-0.04626149089141749,0,1,0
TGO,TG,Togo,Donor pool,1,1998,1997-2008,0,84,81,78,75,59,16,0.7866666666666666,0,1,0.15722799999999998,-0.11632902008769053,3.3961301,-0.38946045072320523,-0.2270459481029662,-0.36369917285065156,0.20058268831181233,0.09777553361897375,0.4321472665996497,1,-0.241703902663663,FALSE,-0.4163424883147469,0,1,0
TGO,TG,Togo,Donor pool,1,1999,1997-2008,0,94,91,89,86,65,21,0.7558139534883721,0,1,0.24442519999999995,-0.11633110195533361,3.1033512,-0.38083347133003564,-0.3530892738701268,-0.3641654398758273,0.2156776155257562,0.09777553361897375,0.4053655580671638,1,-0.21253058181730547,FALSE,-0.14610575812218504,0,1,0
TGO,TG,Togo,Donor pool,1,2000,1997-2008,0,77,75,76,74,63,11,0.8513513513513513,0,1,0.12359989999999998,-0.11637243999519188,3.5237175,-0.3668911501012261,-0.3455384513630328,-0.36520576788262227,0.27170912313690493,0.09777553361897375,0.38012982305485404,1,-0.2630071713067057,FALSE,-0.173750588089664,0,1,0
TGO,TG,Togo,Donor pool,1,2001,1997-2008,0,85,80,83,80,70,10,0.875,0,1,0.2619119,-0.11637602861549866,3.4877472000000003,-0.32200807048728214,-0.3432765628528049,-0.36559358457523433,0.284833397584299,0.09777553361897375,0.2966014459517269,1,-0.34097204572196105,FALSE,0.028263391854001865,0,1,0
TGO,TG,Togo,Donor pool,1,2002,1997-2008,0,105,103,101,100,82,18,0.82,0,1,0.441991,-0.11637504103197255,3.6935946,-0.38828061518980683,-0.10637921019343292,-0.36416699126069985,0.26195317895403236,0.09777553361897375,0.2849987662791364,1,-0.21829216611978858,FALSE,0.11284903551382923,0,1,0
TGO,TG,Togo,Donor pool,1,2003,1997-2008,0,91,90,89,88,78,10,0.8863636363636364,0,1,0.08426659999999997,-0.11638810213726788,3.7714266000000003,-0.3764033717985999,0.025272621595187904,-0.36143621038409324,0.19463596838250072,0.09777553361897375,0.340431402719574,1,-0.19738805891474157,FALSE,0.2247467649304009,0,1,0
TGO,TG,Togo,Donor pool,1,2004,1997-2008,0,90,89,88,87,79,8,0.9080459770114943,0,1,0.10139160000000003,-0.11642827930022277,3.5447754,-0.3974763896842726,0.8569026694878099,-0.360786743567815,0.16354931982120494,0.09777553361897375,0.33154254551895745,1,-0.25486524260313803,FALSE,0.19762111558196305,0,1,0
TGO,TG,Togo,Donor pool,1,2005,1997-2008,0,99,82,97,81,74,7,0.9135802469135802,0,1,0.03160439999999998,-0.11654563006766484,3.587796,-0.3758684632416214,0.32340557850263163,-0.3610514109703314,0.16350219861265525,0.09777553361897375,0.20116800064716286,1,-0.2460431970761982,FALSE,-0.06222216369934728,0,1,0
TGO,TG,Togo,Donor pool,1,2006,1997-2008,0,111,104,108,102,93,9,0.9117647058823529,0,1,0.07334740000000006,-0.11655959192793917,3.5913717000000003,-0.3934217438388919,0.1242438612058896,-0.3610149006815613,0.16064383954363803,0.09777553361897375,0.1883766865838071,0,-0.5977019220985332,FALSE,-0.07390824157961012,0,0,0
TGO,TG,Togo,Donor pool,1,2007,1997-2008,0,94,88,93,87,79,8,0.9080459770114943,0,1,0.1528584999999999,-0.11660395897788704,3.5256205,-0.3928031588102934,-0.015386133825838533,-0.359396132690153,0.13474278734056527,0.09777553361897375,0.1132464343681007,1,-0.6179295749850023,FALSE,0.031032761329468656,0,0,0
TGO,TG,Togo,Donor pool,1,2008,1997-2008,0,99,96,97,94,80,14,0.851063829787234,0,1,0.037116600000000055,-0.11658140693570558,3.3662425,-0.3922754779793561,-0.10950543303752593,-0.356123648369758,0.11544135376970947,0.09777553361897375,0.09672931768459384,0,-0.5334512710929569,FALSE,0.02896995891525081,0,0,0
TGO,TG,Togo,Donor pool,1,2009,2009-2016,1,84,81,83,80,72,8,0.9,0,1,0.11534330000000004,-0.11653112606774679,3.0681070000000004,-0.3922826192572894,0.1342141315391714,-0.35607235789085495,0.12980985709510423,0.09777553361897375,-0.016350171154085616,0,-0.4709733239923588,FALSE,-0.12101908031040048,0,0,0
TGO,TG,Togo,Donor pool,1,2010,2009-2016,1,88,84,87,83,71,12,0.8554216867469879,0,1,0.39356040000000003,-0.1164843160955068,2.9899853,-0.3859181835436586,0.7326478793932806,-0.35653392997154443,0.14430106240644577,0.09777553361897375,0.03128501447193605,0,-0.13141378672688697,FALSE,-0.04520656085556596,0,0,0
TGO,TG,Togo,Donor pool,1,2011,2009-2016,1,99,88,96,86,74,12,0.8604651162790697,0,1,0.30142949999999996,-0.11625444976529054,2.9406014999999996,-0.36364616764346197,0.23268914726592085,-0.3542123404454736,0.13037481872085588,0.09777553361897375,-0.04307846619557865,0,-0.2049586368704105,FALSE,-0.18632156059034022,0,0,0
TGO,TG,Togo,Donor pool,1,2012,2009-2016,1,92,92,90,90,65,25,0.7222222222222222,0,1,0.86865148,-0.1164351148032303,2.5432742200000003,-0.3604239956235173,0.10856653377586459,-0.3548470079797251,0.15362366086542564,0.09777553361897375,-0.13339636673638391,1,-0.19747678438299598,FALSE,-0.344862970219604,0,0,0
TGO,TG,Togo,Donor pool,1,2013,2009-2016,1,61,61,61,61,49,12,0.8032786885245902,0,1,0.42995743999999997,-0.1163740334242666,2.72985136,-0.3994199522823577,0.30203413471203533,-0.3529618357845089,0.1437719218177484,0.09777553361897375,-0.22374909100120097,1,-0.41418541338932013,FALSE,-0.3176959659987031,0,0,0
TGO,TG,Togo,Donor pool,1,2014,2009-2016,1,80,80,78,78,58,20,0.7435897435897436,0,1,0.6571472,-0.11639998523559605,2.8369282,-0.39775203093943434,0.5725008762020228,-0.3521083956514519,0.14368776097557656,0.09777553361897375,-0.3318467585728563,1,-0.2914889235541373,FALSE,-0.1631380898237952,0,0,0
TGO,TG,Togo,Donor pool,1,2015,2009-2016,1,78,72,77,72,45,27,0.625,0,1,0.06793349999999998,-0.11633239259225964,2.7189237,-0.39263081615464385,1.0182959945108068,-0.3551802390776103,0.2013278794856994,0.09777553361897375,-0.3442601262775691,0,-0.33687793279234046,FALSE,-0.36634059315746803,0,0,0
TGO,TG,Togo,Donor pool,1,2016,2009-2016,1,114,112,113,111,71,40,0.6396396396396397,0,1,0.48274031,-0.11637563695669267,2.49893359,-0.39353348192934046,0.43515252059939286,-0.3545475683742225,0.20215232221996224,0.09777553361897375,-0.45711233906286197,0,-0.29260988215175493,FALSE,-0.5389289975235958,0,0,0
TTO,TT,Trinidad & Tobago,Donor pool,1,1997,1997-2008,0,88,84,82,79,63,16,0.7974683544303798,0,1,0.9230198000000001,-0.1139767493099825,3.2930152,0.7905553712051512,-0.35877811120613856,-0.24812872472220607,-0.14465112085162013,-0.6386973603862577,0.41367759092437684,1,-0.48205807529808425,TRUE,0.17714561447758662,1,0,0
TTO,TT,Trinidad & Tobago,Donor pool,1,1998,1997-2008,0,84,78,78,72,53,19,0.7361111111111112,0,1,0.1881563,-0.11385665152531503,3.0507458,0.7220590224006571,-0.3599200816548769,-0.2417000370801601,-0.14462354168051786,-0.6386973603862577,0.4300577000358278,1,-0.47954817623797596,TRUE,0.00885989945198419,1,0,0
TTO,TT,Trinidad & Tobago,Donor pool,1,1999,1997-2008,0,94,88,89,84,62,22,0.7380952380952381,0,1,0.3338021,-0.11366212980735767,3.0139743,0.8611648622295948,-0.3525775372527009,-0.2250563287002866,-0.14462319124193948,-0.6386973603862577,0.40310982846234167,1,0.12070575537421606,TRUE,0.08904672092508224,1,0,0
TTO,TT,Trinidad & Tobago,Donor pool,1,2000,1997-2008,0,77,55,76,54,38,16,0.7037037037037037,0,1,0.46995200000000004,-0.11341787141568074,2.9301656,0.9045272726978953,-0.3564014570687649,-0.19568443720188192,-0.14462266090169987,-0.6386973603862577,0.37763271651167185,1,0.45744873779194334,TRUE,0.182451037494085,1,0,0
TTO,TT,Trinidad & Tobago,Donor pool,1,2001,1997-2008,0,85,68,83,68,54,14,0.7941176470588235,0,1,0.3096918,-0.11348702025260109,2.9161435,0.8404366512277972,-0.35819138318057764,-0.18161349622551362,-0.14466204014313294,-0.6386973603862577,0.2941597487996192,1,0.3513770278172058,TRUE,0.22070625525810017,1,0,0
TTO,TT,Trinidad & Tobago,Donor pool,1,2002,1997-2008,0,105,102,101,99,70,29,0.7070707070707071,0,1,0.11196939999999994,-0.11313061951491726,3.1396342,1.086854652049042,-0.3428329431036616,-0.17851275665012512,-0.14465289226688136,-0.6386973603862577,0.28225668533531845,1,0.14227160723399984,TRUE,0.14983151893445035,1,0,0
TTO,TT,Trinidad & Tobago,Donor pool,1,2003,1997-2008,0,91,86,89,84,72,12,0.8571428571428571,0,1,0.3928205,-0.11241431491158571,3.4628727,1.3060668996419984,-0.3361709789240754,-0.12908142918461393,-0.1446254387805013,-0.6386973603862577,0.33707288528617363,1,0.5675214505392088,TRUE,0.33193213515664555,1,0,0
TTO,TT,Trinidad & Tobago,Donor pool,1,2004,1997-2008,0,90,86,88,84,69,15,0.8214285714285714,0,1,0.27711850000000005,-0.11210430679698014,3.3690485,1.3755315926987306,-0.3518534332963294,-0.087176783745115,-0.1446231370250005,-0.6386973603862577,0.32788806272737014,1,0.8266247331915865,TRUE,0.33292085196015225,1,0,0
TTO,TT,Trinidad & Tobago,Donor pool,1,2005,1997-2008,0,99,87,97,85,73,12,0.8588235294117647,0,1,0.1911868,-0.11190875933336453,3.4282136,1.2840302001854074,-0.3368843729082392,-0.014433595016950317,-0.14462280186574125,-0.6386973603862577,0.19724906631244973,1,1.4099893221685431,TRUE,0.38081249464042094,1,0,0
TTO,TT,Trinidad & Tobago,Donor pool,1,2006,1997-2008,0,111,110,108,107,92,15,0.8598130841121495,0,1,0.3770856,-0.11149686762289378,3.2876335,1.1188888740818281,-0.34822179596927366,0.03864481126881786,-0.14461527556884676,-0.6386973603862577,0.18409783447791073,1,2.194369506669486,TRUE,0.30659253147152643,1,0,0
TTO,TT,Trinidad & Tobago,Donor pool,1,2007,1997-2008,0,94,88,93,87,76,11,0.8735632183908046,0,1,0.0975106,-0.11177657417912817,3.2752514,1.049630346186687,-0.34102455621348515,0.11075946917033963,-0.14460596011296556,-0.6386973603862577,0.1091664836602274,1,1.3876852869866227,TRUE,0.4481978829433395,1,0,0
TTO,TT,Trinidad & Tobago,Donor pool,1,2008,1997-2008,0,99,87,97,85,74,11,0.8705882352941177,0,1,0.12297780000000003,-0.11110192573517733,3.2803812999999997,0.7118104308429252,-0.34250023956461473,0.24864984228016263,-0.14462879037309348,-0.6386973603862577,0.0920982360255094,1,1.7458024265369725,TRUE,0.6612073590590557,1,0,0
TTO,TT,Trinidad & Tobago,Donor pool,1,2009,2009-2016,1,84,83,83,82,72,10,0.8780487804878049,0,1,0.14388499999999999,-0.11175314668241247,3.0395653,0.6902694077246663,-0.23468750509444675,0.05279130011004526,-0.1446078084177039,-0.6386973603862577,-0.02038836599208861,1,0.5570515873623162,TRUE,-0.2557311613434603,1,0,0
TTO,TT,Trinidad & Tobago,Donor pool,1,2010,2009-2016,1,88,86,87,85,74,11,0.8705882352941177,0,1,0.20192010000000005,-0.11204221315567249,3.1816256000000003,0.692816952439035,-0.2567583017712592,0.11689386208435472,-0.14457788066738078,-0.6386973603862577,0.027530691626471863,1,1.1149161672555095,TRUE,0.17900421768931724,1,0,0
TTO,TT,Trinidad & Tobago,Donor pool,1,2011,2009-2016,1,99,86,96,85,71,14,0.8352941176470589,0,1,0.10642509999999994,-0.11249312720098704,3.1356059,0.589576093322122,-0.11362634329628506,0.18553057086050884,-0.14455789391476043,-0.6386973603862577,-0.04625741531575595,1,1.0977630581823539,TRUE,0.10755053638571,1,0,0
TTO,TT,Trinidad & Tobago,Donor pool,1,2012,2009-2016,1,92,92,90,90,73,17,0.8111111111111111,0,1,0.30171780000000004,-0.11256254180681281,3.1102079000000002,0.6036582213917007,-0.25922310083588435,0.22023743661050882,-0.1445458861736845,-0.6386973603862577,-0.1366693411514522,1,0.8615121031549641,TRUE,0.05581740064579889,1,0,0
TTO,TT,Trinidad & Tobago,Donor pool,1,2013,2009-2016,1,61,60,61,60,52,8,0.8666666666666667,0,1,0.06844629999999996,-0.11256309215927006,3.0913625,0.37336720360060804,-0.27324150413897624,0.24882566769632605,-0.14453818140939287,-0.6386973603862577,-0.22696997625480356,1,1.1460560210457789,TRUE,-0.06981132364441427,1,0,0
TTO,TT,Trinidad & Tobago,Donor pool,1,2014,2009-2016,1,80,79,78,77,66,11,0.8571428571428571,0,1,0.3651958,-0.11242121049316346,3.1288796,0.39262326912719864,-0.2499481867650205,0.2665551801154871,-0.14455801583035327,-0.6386973603862577,-0.3352094912953505,1,0.8530843701160107,TRUE,-0.2124739286045551,1,0,0
TTO,TT,Trinidad & Tobago,Donor pool,1,2015,2009-2016,1,78,74,77,73,55,18,0.7534246575342466,0,1,0.4589546,-0.11265710093653387,3.2458118,0.44093774572753436,-0.25652164537855776,0.20716324510458045,-0.14457673718284933,-0.6386973603862577,-0.34736636483478506,1,0.508107756129298,TRUE,-0.47917905233907077,1,0,0
TTO,TT,Trinidad & Tobago,Donor pool,1,2016,2009-2016,1,114,108,113,107,79,28,0.7383177570093458,0,1,0.1314037,-0.11317455366465015,3.1130776,0.38850591911087945,-0.06747780965295846,0.13551688086907487,-0.14440431253041955,-0.6386973603862577,-0.4598177919297414,1,-0.08062669678702723,TRUE,-0.6992471357717487,1,0,0
TUN,TN,Tunisia,Donor pool,1,1997,1997-2008,0,88,87,82,82,68,14,0.8292682926829268,0,1,0.3728614,-0.1078397848713869,3.8431736,-0.3831696863436385,-0.297219972057619,-0.3125403089847112,-0.14769462519510193,-0.0774453918707474,0.4084908255329204,1,-0.05872992182130949,FALSE,-0.1535782084677572,0,1,0
TUN,TN,Tunisia,Donor pool,1,1998,1997-2008,0,84,83,78,77,62,15,0.8051948051948052,0,1,0.5172912000000001,-0.10759016390959496,3.7561933,-0.38444789122031064,-0.2404621219125308,-0.31010245930874203,-0.1476752155309431,-0.0774453918707474,0.42476146581182067,1,-0.07114070620084176,FALSE,-0.07855244100074012,0,1,0
TUN,TN,Tunisia,Donor pool,1,1999,1997-2008,0,94,92,89,87,71,16,0.8160919540229885,0,1,0.1728345,-0.10748210988388888,3.5206109,-0.3826801448286293,-0.28861451984413866,-0.30742693526262765,-0.1476471212989204,-0.0774453918707474,0.3978866739568389,1,-0.0077457594623902,FALSE,-0.09716151918499649,0,1,0
TUN,TN,Tunisia,Donor pool,1,2000,1997-2008,0,77,75,76,75,69,6,0.92,0,1,0.36236239999999986,-0.1074818704146261,3.76248,-0.37396712695719736,-0.3548923301867069,-0.3126289456243789,-0.1475380220312323,-0.0774453918707474,0.37261579896815666,1,-0.11053000384421917,FALSE,-0.11124758922928298,0,1,0
TUN,TN,Tunisia,Donor pool,1,2001,1997-2008,0,85,82,83,81,74,7,0.9135802469135802,0,1,0.6846537,-0.1072445578256292,3.910489,-0.36852242010584846,-0.32423693131565373,-0.3115511947535017,-0.1474977856692819,-0.0774453918707474,0.2888838198941074,1,-0.1096295177182988,FALSE,-0.08174971813714013,0,1,0
TUN,TN,Tunisia,Donor pool,1,2002,1997-2008,0,105,104,101,100,87,13,0.87,0,1,0.6707494,-0.1074797628885939,3.922353,-0.37754779638245095,-0.28539384775136717,-0.3090518059828673,-0.14750782812502689,-0.0774453918707474,0.2774807626662599,1,-0.0779843285394321,FALSE,-0.05340646868176221,0,1,0
TUN,TN,Tunisia,Donor pool,1,2003,1997-2008,0,91,90,89,88,79,9,0.8977272727272727,0,1,0.3436687999999999,-0.10750641793335294,4.199362,-0.37914370933418773,-0.3337584048514656,-0.2971476119159796,-0.14758665462550738,-0.0774453918707474,0.3329248882680656,1,-0.04752479791083308,FALSE,-0.06179943991904991,0,1,0
TUN,TN,Tunisia,Donor pool,1,2004,1997-2008,0,90,87,88,87,83,4,0.9540229885057471,0,1,0.28058399999999994,-0.10739251849565686,3.926751,-0.3544509581511678,-0.31370249174114306,-0.2871105382492567,-0.14761208236989423,-0.0774453918707474,0.3239058104693198,1,0.01977087763526099,FALSE,-0.014666502573596751,0,1,0
TUN,TN,Tunisia,Donor pool,1,2005,1997-2008,0,99,94,97,92,81,11,0.8804347826086957,0,1,0.06869360000000002,-0.1091757495716301,3.688094,-0.34471356837595396,-0.29889886961957396,-0.28477706080027965,-0.1475813462942989,-0.0774453918707474,0.19493921417162108,1,0.04623534094144307,FALSE,-0.057001541535003517,0,1,0
TUN,TN,Tunisia,Donor pool,1,2006,1997-2008,0,111,106,108,104,87,17,0.8365384615384616,0,1,0.20497890000000007,-0.10829066109925939,3.8696980000000005,-0.30689273454411214,-0.30660898637955286,-0.27961259883157086,-0.14756147825056493,-0.0774453918707474,0.18138805162010896,1,-0.001058612482675567,FALSE,-0.034968024847360085,0,1,0
TUN,TN,Tunisia,Donor pool,1,2007,1997-2008,0,94,89,93,88,82,6,0.9318181818181818,0,1,0.00469749999999991,-0.10908588650709093,3.3774595,-0.331548533855809,-0.33328926055374036,-0.26773028413491456,-0.14759085397387287,-0.0774453918707474,0.10689240079137882,1,-0.031049639108917858,FALSE,-0.046374565578593964,0,1,0
TUN,TN,Tunisia,Donor pool,1,2008,1997-2008,0,99,91,97,89,73,16,0.8202247191011236,0,1,0.3209883,-0.10851298646792805,3.7243474,-0.3214800168975513,-0.2907493439655484,-0.2522103456490323,-0.14761996354129847,-0.0774453918707474,0.08991014764300258,1,-0.10994062428750945,FALSE,0.11359766222812565,0,1,0
TUN,TN,Tunisia,Donor pool,1,2009,2009-2016,1,84,79,83,78,66,12,0.8461538461538461,0,1,0.5242397,-0.10849421895698169,3.7076900000000004,-0.35529614056059994,-0.2554066457961962,-0.2573517832078853,-0.1475500926933768,-0.0774453918707474,-0.023142707117680576,1,-0.05717028800157821,FALSE,-0.056837929174855195,0,1,0
TUN,TN,Tunisia,Donor pool,1,2010,2009-2016,1,88,84,87,83,79,4,0.9518072289156626,0,1,0.12848549999999992,-0.10860440700311254,3.5120312,-0.34761976225744956,-0.2695782227692552,-0.2511285990552388,-0.14750211070236963,-0.0774453918707474,0.02462516819497043,1,-0.14995573309338417,FALSE,0.12769878566284423,0,1,0
TUN,TN,Tunisia,Donor pool,1,2011,2009-2016,1,99,95,96,93,71,22,0.7634408602150538,0,1,0.24193029999999993,-0.10923248044193498,3.0001007,-0.35106313676851375,-0.18931015192643535,-0.24734402692261412,-0.1475160789573788,-0.0774453918707474,-0.04901320931339642,0,-0.28415898763882114,FALSE,-0.10935344881192846,0,1,0
TUN,TN,Tunisia,Donor pool,1,2012,2009-2016,1,92,92,90,90,75,15,0.8333333333333334,0,1,0.12442390000000003,-0.1087122195587021,3.2875018000000003,-0.30007189052655847,-0.21256726184904798,-0.25096971807979174,-0.1474249304253094,-0.0774453918707474,-0.13992350994813893,0,-0.32906258603035343,FALSE,-0.2570890076234794,0,0,0
TUN,TN,Tunisia,Donor pool,1,2013,2009-2016,1,61,60,61,60,51,9,0.85,0,1,0.27011490000000005,-0.10890703749975121,3.4299237,-0.28886855614667406,-0.22569614673533178,-0.24883845071670968,-0.14738780660853837,-0.0774453918707474,-0.2300599563201935,0,-0.3585098725522337,FALSE,-0.2235053505151157,0,0,0
TUN,TN,Tunisia,Donor pool,1,2014,2009-2016,1,80,79,78,77,64,13,0.8311688311688312,0,1,0.1681933,-0.10863406486308325,3.3258821,-0.3324182354652446,-0.1837552484057177,-0.2462176099470782,-0.1473446203522256,-0.0774453918707474,-0.33841026524198947,0,-0.39749579171864463,FALSE,0.022295113662173977,0,0,0
TUN,TN,Tunisia,Donor pool,1,2015,2009-2016,1,78,78,77,77,60,17,0.7792207792207793,0,1,0.4071519,-0.10968702758948726,3.1940090999999997,-0.3181748350593032,-0.17636588072779538,-0.2592660894169562,-0.1471885051408069,-0.0774453918707474,-0.3498765755098974,0,-0.385358869845486,FALSE,-0.21192943526159244,0,0,0
TUN,TN,Tunisia,Donor pool,1,2016,2009-2016,1,114,110,113,109,71,38,0.6513761467889908,0,1,0.25936230000000005,-0.10978949741442777,3.2410362,-0.3370136460233744,-0.20997740336189993,-0.26417785569687935,-0.14707825253096207,-0.0774453918707474,-0.46267873283667726,0,-0.3655558611768485,FALSE,-0.2740119615089642,0,0,0
TUR,TR,Turkey,Donor pool,1,1997,1997-2008,0,88,85,82,79,51,28,0.6455696202531646,0,1,1.8411745000000002,-0.019043892593087634,2.3748605,-0.1864767841670054,-0.318339285342532,-0.253905168675363,-0.14825890129544647,0.12093361518306694,0.3334433870833736,0,0.04236135551167739,FALSE,-0.7091696202844547,1,0,0
TUR,TR,Turkey,Donor pool,1,1998,1997-2008,0,84,82,78,76,45,31,0.5921052631578947,0,1,1.0474799,-0.01784562304558253,2.1914222000000003,-0.18371495516035038,-0.3344178424873886,-0.24997763940222434,-0.14819451567381875,0.12093361518306694,0.34891226002236764,0,0.14298340343422772,FALSE,-0.6851117878820553,1,0,0
TUR,TR,Turkey,Donor pool,1,1999,1997-2008,0,94,86,89,81,50,31,0.6172839506172839,0,1,1.3163086,-0.018964113887437503,2.0314678,-0.1798041290233281,-0.3329324042772703,-0.26047593043990713,-0.1481010306874076,0.12093361518306694,0.3230741045262555,1,0.06591210925997265,FALSE,-1.0295071730775056,1,0,0
TUR,TR,Turkey,Donor pool,1,2000,1997-2008,0,77,74,76,73,46,27,0.6301369863013698,0,1,1.4206922,-0.013111125504777174,1.9794254000000002,-0.18069644842773794,-0.2999257385103419,-0.25384629296433814,-0.14797893281002011,0.12093361518306694,0.2928566739867569,1,-0.1009809382194825,FALSE,-0.5577918793299,1,0,0
TUR,TR,Turkey,Donor pool,1,2001,1997-2008,0,85,78,83,77,50,27,0.6493506493506493,0,1,1.2389601,-0.019205206929455796,1.9868752,-0.2198235156723538,-0.26991875243498414,-0.2875570262087139,-0.14762383970741946,0.12093361518306694,0.21447578594124275,1,0.20172985459615647,FALSE,-0.8435108576493975,1,0,0
TUR,TR,Turkey,Donor pool,1,2002,1997-2008,0,105,104,101,100,56,44,0.56,0,1,1.2881304,-0.01704770095006029,1.9634732,-0.21911047893346705,-0.2631729861191877,-0.2717218519135471,-0.14745726259830053,0.12093361518306694,0.20105048612906112,0,0.0777196749086498,FALSE,-0.8150148799179154,1,0,0
TUR,TR,Turkey,Donor pool,1,2003,1997-2008,0,91,89,89,87,56,31,0.6436781609195402,0,1,1.5660124,-0.01578911509544539,2.2896808,-0.2518044617972719,-0.22995902987863917,-0.24061486553545064,-0.14746101315348362,0.12093361518306694,0.2554083673696266,0,-0.03319727259798919,FALSE,-0.48865469047154847,1,0,0
TUR,TR,Turkey,Donor pool,1,2004,1997-2008,0,90,86,88,85,55,30,0.6470588235294118,0,1,1.3961635000000001,-0.01602483050177461,2.2500035,-0.2647173361663171,-0.26012462387575647,-0.20153187065434708,-0.1475055782699231,0.12093361518306694,0.24668477281695086,0,-0.09084228669973783,FALSE,-0.18977832089928548,1,0,0
TUR,TR,Turkey,Donor pool,1,2005,1997-2008,0,99,94,97,92,58,34,0.6304347826086957,0,1,1.3870567,-0.00931736035297959,2.2323437,-0.2733057355414196,-0.2652031449885767,-0.16179414288465613,-0.1475540506630011,0.12093361518306694,0.11054210833400104,0,-0.12752214325244,FALSE,0.10237445222372167,1,0,0
TUR,TR,Turkey,Donor pool,1,2006,1997-2008,0,111,107,108,105,67,38,0.638095238095238,0,1,1.4064283,-0.002561864468750336,2.2582908,-0.26898259524603374,-0.2604324598763789,-0.1424511843983569,-0.14750385348319792,0.12093361518306694,0.09202946583548273,0,-0.20681519150134664,FALSE,0.10787569065168892,1,0,0
TUR,TR,Turkey,Donor pool,1,2007,1997-2008,0,94,88,93,87,62,25,0.7126436781609196,0,1,1.1563201,-0.008083492600345046,2.2164419,-0.3127896040492297,-0.22735640519121963,-0.0902364033419953,-0.14757809471401553,0.12093361518306694,0.021528418905632646,0,-0.19328574403776494,FALSE,3.7166666317110146e-4,1,0,0
TUR,TR,Turkey,Donor pool,1,2008,1997-2008,0,99,91,97,89,61,28,0.6853932584269663,0,1,1.1077223,-0.008983139978180303,2.2956368,-0.3252697845723979,-0.18818906076934877,-0.05654517189997211,-0.14757892819743793,0.12093361518306694,0.005790715576011835,0,-0.17342926795758926,FALSE,-0.06143249965109294,1,0,0
TUR,TR,Turkey,Donor pool,1,2009,2009-2016,1,84,79,83,78,53,25,0.6794871794871795,0,1,1.1122559,-0.010142315444737055,2.0711944,-0.3139657210194556,-0.16431287154017374,-0.11051280332499282,-0.14743198763192525,0.12093361518306694,-0.10626657958351104,0,0.004422003538287399,FALSE,-0.3634569511259926,1,0,0
TUR,TR,Turkey,Donor pool,1,2010,2009-2016,1,88,86,87,85,61,24,0.7176470588235294,0,1,1.3070169,-0.006827448798983473,2.0765288,-0.3072440098462025,-0.008684240028706517,-0.06284673191686836,-0.14745985187332297,0.12093361518306694,-0.06139345057702831,0,-0.21181554223695173,FALSE,-0.07124548243020817,1,0,0
TUR,TR,Turkey,Donor pool,1,2011,2009-2016,1,99,91,96,90,60,30,0.6666666666666666,0,1,1.2884045,0.0019864621714749636,1.9536265,-0.3054507389381754,-0.06871456025127667,-0.04302073695013359,-0.1473580585319851,0.12093361518306694,-0.1430118902889058,0,-0.379461257019871,FALSE,0.10347933132458441,1,0,0
TUR,TR,Turkey,Donor pool,1,2012,2009-2016,1,92,91,90,89,57,32,0.6404494382022472,0,1,1.2762433,0.015033906563820032,2.1356824000000003,-0.2963362203672641,-0.057760109392194794,-0.031174380439519964,-0.14728646473335813,0.12093361518306694,-0.24450976439382416,0,-0.19748704971333472,FALSE,0.14124605224112094,1,0,0
TUR,TR,Turkey,Donor pool,1,2013,2009-2016,1,61,59,61,59,38,21,0.6440677966101694,0,1,0.9493883999999999,0.0242942169673439,2.2104204,-0.2824828336113152,0.04318448569032768,-0.00593740777396142,-0.14722272495492816,0.12093361518306694,-0.3426373818016731,0,-0.21906673429919207,FALSE,0.1848889316220306,1,0,0
TUR,TR,Turkey,Donor pool,1,2014,2009-2016,1,80,79,78,77,48,29,0.6233766233766234,0,1,1.3165843,0.033779109885483244,2.1774911,-0.2759416987802062,-0.03527422648618988,-0.018461032927280487,-0.14705429312850393,0.12093361518306694,-0.4587733101095447,0,-0.12819261376036825,FALSE,0.1862740591065414,1,0,0
TUR,TR,Turkey,Donor pool,1,2015,2009-2016,1,78,76,77,75,44,31,0.5866666666666667,0,1,0.8310319,0.04777523076500021,1.9558252999999999,-0.26113339344920417,-0.08671475686106091,-0.05210072717425867,-0.14673995350301386,0.12093361518306694,-0.48295862287475005,0,-0.073646362429692,FALSE,0.21026868198432508,1,0,0
TUR,TR,Turkey,Donor pool,1,2016,2009-2016,1,114,113,113,112,65,47,0.5803571428571429,0,1,1.1054674,0.07118788818688518,1.8762064999999999,-0.26594293901043625,-0.09628650832925714,-0.05446001831200926,-0.1465624415942627,0.12093361518306694,-0.6156350110855267,0,-0.07166354165636067,FALSE,0.05267865385888895,1,0,0
UGA,UG,Uganda,Donor pool,1,1997,1997-2008,0,88,79,82,74,66,8,0.8918918918918919,0,1,0.21523900000000007,-0.11387770293082342,4.000796,-0.2514248793628467,-0.28702852062701895,-0.3688215636792913,0.492204893091266,0.5478932320556504,0.4135938801033817,0,-0.17600728444841268,FALSE,0.09542761846054976,0,1,0
UGA,UG,Uganda,Donor pool,1,1998,1997-2008,0,84,46,78,44,33,11,0.75,0,1,0.3911107,-0.11365652965341098,3.6300128000000003,-0.34453098726625564,-0.35632024484534464,-0.3686568117852232,0.585239484603782,0.5478932320556504,0.42988856345215476,0,-0.20235250678644834,FALSE,0.10621836167393937,0,1,0
UGA,UG,Uganda,Donor pool,1,1999,1997-2008,0,94,58,89,55,39,16,0.7090909090909091,0,1,0.06727650000000007,-0.11342058488273497,3.4150529,-0.3144078802021283,-0.18224923653929287,-0.3696715561719197,0.7121197396034276,0.5478932320556504,0.40290568244389036,0,-0.16798758539428038,FALSE,0.0600798413354013,0,1,0
UGA,UG,Uganda,Donor pool,1,2000,1997-2008,0,77,76,76,75,61,14,0.8133333333333334,0,1,0.053710500000000105,-0.11345051368508231,3.3464071,-0.27907549285141076,-0.328702044496095,-0.3696677832774557,0.8242885732247006,0.5478932320556504,0.3776603047101902,0,-0.21697018243508523,FALSE,0.11322644164438468,0,1,0
UGA,UG,Uganda,Donor pool,1,2001,1997-2008,0,85,52,83,52,37,15,0.7115384615384616,0,1,0.17814339999999995,-0.11335197307707999,3.4039787,-0.29791893069546477,-0.3117384752425,-0.3703151407117967,0.8900488406964603,0.5478932320556504,0.29404561126090384,0,-0.18661137068832734,FALSE,0.08116329830551472,0,1,0
UGA,UG,Uganda,Donor pool,1,2002,1997-2008,0,105,100,101,96,73,23,0.7604166666666666,0,1,0.2271398,-0.11314855047512666,3.4787434,-0.3335411645534285,-0.20660904677453212,-0.37013989492188965,0.9148260311035429,0.5478932320556504,0.2822718400074339,0,-0.03667136473360752,FALSE,-0.011902440896231213,0,1,0
UGA,UG,Uganda,Donor pool,1,2003,1997-2008,0,91,73,89,71,51,20,0.7183098591549296,0,1,0.6118013,-0.1130583775974202,3.2438919000000004,-0.23752252608473584,-0.2514001232084327,-0.369883329652187,1.0131082801410143,0.5478932320556504,0.3376172263985001,0,0.06492981644686162,FALSE,0.08330269203980452,0,1,0
UGA,UG,Uganda,Donor pool,1,2004,1997-2008,0,90,85,88,83,59,24,0.7108433734939759,0,1,0.590623,-0.1129834006240539,3.055544,-0.3139206448445992,-0.0581358971612914,-0.368658903482695,0.922369606631805,0.5478932320556504,0.3286310446174777,0,0.09525604759797578,FALSE,0.19692174089693495,0,1,0
UGA,UG,Uganda,Donor pool,1,2005,1997-2008,0,99,87,97,85,54,31,0.6352941176470588,0,1,0.6731513,-0.11333249750861213,2.9462490999999997,-0.32778410831228844,-0.01120219221821684,-0.36754152834531467,0.9047651973137822,0.5478932320556504,0.1984523641265001,0,0.12521509027672,FALSE,0.15252886138315405,0,1,0
UGA,UG,Uganda,Donor pool,1,2006,1997-2008,0,111,85,108,84,54,30,0.6428571428571429,0,1,0.85985269,-0.11319632142809276,2.8048664100000003,-0.34766953847468973,-0.07738803394668771,-0.3670680295957219,0.9348772398995624,0.5478932320556504,0.18553415829392467,0,-0.07609886075445142,FALSE,0.11207132433775815,0,1,0
UGA,UG,Uganda,Donor pool,1,2007,1997-2008,0,94,59,93,59,54,5,0.9152542372881356,0,1,0.0327656999999999,-0.1131385570101224,3.4055277,-0.35290171458245406,-0.11448278378516213,-0.36545557203755613,0.8710233304461676,0.5478932320556504,0.11031758783921339,0,-0.15938263354940368,FALSE,0.09664615569332188,0,1,0
UGA,UG,Uganda,Donor pool,1,2008,1997-2008,0,99,92,97,90,75,15,0.8333333333333334,0,1,0.08875719999999998,-0.11286305976207524,3.3146019,-0.3683667193967851,-0.18158979574363848,-0.36335580933819445,0.8692207406485029,0.5478932320556504,0.09358668998541578,0,-0.3620240716945775,FALSE,-0.005543461262456118,0,1,0
UGA,UG,Uganda,Donor pool,1,2009,2009-2016,1,84,61,83,60,52,8,0.8666666666666667,0,1,0.3306693,-0.11244461570448469,2.8527810000000002,-0.34981150489831875,-0.11854655737981794,-0.35377277438884885,1.0525987102645218,0.5478932320556504,-0.019803958565773223,0,-0.12920547688198178,FALSE,0.027800962852499608,0,1,0
UGA,UG,Uganda,Donor pool,1,2010,2009-2016,1,88,45,87,45,43,2,0.9555555555555556,0,1,0.010450300000000023,-0.11201286817052691,3.3730954,-0.32324291322736853,-0.06094223967017379,-0.3530516011223073,1.1395840315294299,0.5478932320556504,0.027505890186788104,0,-0.23004442182040474,FALSE,-0.23508956823882066,0,1,0
UGA,UG,Uganda,Donor pool,1,2011,2009-2016,1,99,83,96,81,64,17,0.7901234567901234,0,1,0.0261363,-0.11180184610105076,3.2681673,-0.3418285067690214,-0.03932500028557922,-0.3526950877644842,1.3437815011982965,0.5478932320556504,-0.04684166391631314,0,-0.30867373134836407,FALSE,-0.009696586094665813,0,1,0
UGA,UG,Uganda,Donor pool,1,2012,2009-2016,1,92,92,90,90,73,17,0.8111111111111111,0,1,0.17907240000000002,-0.11211447651840949,3.2328533000000004,-0.36834748448851656,-0.08867649129674374,-0.3538822158816708,1.3329939342105555,0.5478932320556504,-0.13704803155356513,0,-0.2315594091908487,FALSE,-0.03937655390221231,0,1,0
UGA,UG,Uganda,Donor pool,1,2013,2009-2016,1,61,60,61,60,51,9,0.85,0,1,0.5900052,-0.11216497973595167,3.7498139999999998,-0.34709294362613785,0.10429734925884153,-0.35320449024695844,1.3816865560899503,0.5478932320556504,-0.22730644809847123,0,-0.23123850155247042,FALSE,-0.10912190902783066,0,1,0
UGA,UG,Uganda,Donor pool,1,2014,2009-2016,1,80,72,78,71,60,11,0.8450704225352113,0,1,0.09265069999999997,-0.11197600064239695,3.5867261,-0.3590735521428901,0.377858042807637,-0.3509191284012386,1.389315548962565,0.5478932320556504,-0.3355857683732115,0,-0.26284968360055416,FALSE,-0.0701384451001564,0,1,0
UGA,UG,Uganda,Donor pool,1,2015,2009-2016,1,78,68,77,67,51,16,0.7611940298507462,0,1,0.7948357999999999,-0.11211787370148402,3.5816929999999996,-0.35933207798977973,0.22674862131605708,-0.351892411447997,1.7683553684244893,0.5478932320556504,-0.34782210238856576,0,-0.1790788363564012,FALSE,-0.050029490567622924,0,1,0
UGA,UG,Uganda,Donor pool,1,2016,2009-2016,1,114,94,113,93,57,36,0.6129032258064516,0,1,0.6760221,-0.1121423961473073,3.6576959999999996,-0.34714203079238803,-0.09767266547990974,-0.35513191066846433,1.8744939497654531,0.5478932320556504,-0.46069013833863,0,-0.05103358067284739,FALSE,-0.058595574504072864,0,1,0
UKR,UA,Ukraine,Donor pool,1,1997,1997-2008,0,88,88,82,82,51,31,0.6219512195121951,0,1,1.7223595,-0.07887883709879556,2.4936755,-0.32156220034027183,0.020832155057348707,-0.3482321822913893,-0.14724763117718306,-0.006179633506377412,0.38401396191188475,0,-0.04758765371494238,FALSE,-0.2982607094197215,0,0,0
UKR,UA,Ukraine,Donor pool,1,1998,1997-2008,0,84,84,78,78,52,26,0.6666666666666666,0,1,0.8173965000000001,-0.08088954815409469,2.4215056,-0.2941024813038159,-0.1280181203685225,-0.3528209579659015,-0.1468999231609949,-0.006179633506377412,0.40219496227136775,0,-0.07097830506396273,FALSE,-0.06559108717823564,0,0,0
UKR,UA,Ukraine,Donor pool,1,1999,1997-2008,0,94,93,89,88,57,31,0.6477272727272727,0,1,1.084419,-0.08259737263128514,2.2633574,-0.27805672290779526,0.13082956254227615,-0.35868137945901313,-0.1459057422219015,-0.006179633506377412,0.3768548926505059,0,0.3803743420951424,FALSE,0.5964302475265854,0,0,0
UKR,UA,Ukraine,Donor pool,1,2000,1997-2008,0,77,77,76,76,51,25,0.6710526315789473,0,1,1.1611324,-0.08138358338351585,2.2389852,-0.25702053885531306,0.1279252476243948,-0.35805298544151376,-0.14513105609590748,-0.006179633506377412,0.3505583643351751,0,0.3206105173853615,FALSE,-0.10875674491021106,0,0,0
UKR,UA,Ukraine,Donor pool,1,2001,1997-2008,0,85,84,83,83,58,25,0.6987951807228916,0,1,1.0223393,-0.08151899720110858,2.203496,-0.3062884103903231,0.1484827499894901,-0.3537274130951279,-0.1451713195663274,-0.006179633506377412,0.2671414016581616,0,0.27858083750050977,FALSE,-0.09533945742668232,0,0,0
UKR,UA,Ukraine,Donor pool,1,2002,1997-2008,0,105,105,101,101,63,38,0.6237623762376238,0,1,0.9360686,-0.08080996146573699,2.315535,-0.3518756666010695,0.21662922540198704,-0.3507146843750246,-0.14519825059856808,-0.006179633506377412,0.25494030241084104,0,0.48771276288293525,FALSE,0.007759181912667771,0,0,0
UKR,UA,Ukraine,Donor pool,1,2003,1997-2008,0,91,91,89,89,60,29,0.6741573033707865,0,1,1.3606042,-0.07950286038510579,2.495089,-0.35800079679027363,0.45763404242644146,-0.3456170334395584,-0.14519466439449444,-0.006179633506377412,0.30925718013936404,0,0.39809885350077134,FALSE,0.08989001025648795,0,0,0
UKR,UA,Ukraine,Donor pool,1,2004,1997-2008,0,90,89,88,87,56,31,0.6436781609195402,0,1,1.2487022,-0.07795038010310315,2.3974648,-0.3447193420301158,0.10212605864341004,-0.33608007637972453,-0.14520265360547166,-0.006179633506377412,0.299022259979021,0,0.6525078109061598,FALSE,-0.21519329738273346,0,0,0
UKR,UA,Ukraine,Donor pool,1,2005,1997-2008,0,99,97,97,95,59,36,0.6210526315789474,0,1,1.3414732,-0.07794620102536717,2.2779271999999997,-0.32775421853866865,-0.03946263422903296,-0.3221416035290534,-0.14531766350527234,-0.006179633506377412,0.16854500198230882,0,0.2499905384120466,FALSE,-0.02998854607068253,0,0,0
UKR,UA,Ukraine,Donor pool,1,2006,1997-2008,0,111,111,108,108,64,44,0.5925925925925926,0,1,1.6934749,-0.07944160755004552,1.9712442000000001,-0.30404250898097507,-0.1961851341621349,-0.30770820791091474,-0.14536186253400546,-0.006179633506377412,0.15700575740567896,0,0.018127141614770827,FALSE,0.049035346132241135,0,0,0
UKR,UA,Ukraine,Donor pool,1,2007,1997-2008,0,94,90,93,89,53,36,0.5955056179775281,0,1,1.5923324,-0.07742100309671773,1.7804296000000002,-0.34529284906533064,-0.16882833124082852,-0.2843802983459209,-0.14536186253400546,-0.006179633506377412,0.08013025754601125,1,-0.0945669766986003,FALSE,-0.0031719597890187694,0,0,0
UKR,UA,Ukraine,Donor pool,1,2008,1997-2008,0,99,98,97,96,51,45,0.53125,0,1,1.6458191,-0.07673940899578278,1.7575399999999999,-0.3274950163673855,-0.11899804693950289,-0.25918207750601713,-0.14523338529442378,-0.006179633506377412,0.06305613966491634,1,-0.27111502839877216,FALSE,-0.10464921137881271,0,0,0
UKR,UA,Ukraine,Donor pool,1,2009,2009-2016,1,84,84,83,83,48,35,0.5783132530120482,0,1,1.5898827,-0.08197175125409131,1.5935676,-0.38582634989580744,0.3621775572249836,-0.30063803053348404,-0.14374053533496092,-0.006179633506377412,-0.04555864564132806,1,0.0191457241760894,FALSE,-0.37601532535101995,0,0,0
UKR,UA,Ukraine,Donor pool,1,2010,2009-2016,1,88,86,87,85,52,33,0.611764705882353,0,1,1.7034959,-0.08239852292679253,1.6800498,-0.35931225597883304,0.21355561142254953,-0.2879270980395281,-0.14365512941178132,-0.006179633506377412,0.002476795992462177,0,-0.019131036051468344,FALSE,-0.33274594870050567,0,0,0
UKR,UA,Ukraine,Donor pool,1,2011,2009-2016,1,99,97,96,95,57,38,0.6,0,1,1.408954,-0.08279851801187524,1.8330769999999998,-0.3575462222695187,0.3099193205802345,-0.26979375876913486,-0.14363624806704892,-0.006179633506377412,-0.07135434602082463,0,-0.23047574624064265,FALSE,-0.07196643424389883,0,0,0
UKR,UA,Ukraine,Donor pool,1,2012,2009-2016,1,92,91,90,89,49,40,0.550561797752809,0,1,1.6614879999999999,-0.0819257635285542,1.7504377000000002,-0.3627899847127809,0.2440530337614925,-0.2611352212004123,-0.14362236862924344,-0.006179633506377412,-0.1625625629338739,0,-0.3282578408748285,FALSE,-0.2058453355454384,0,0,0
UKR,UA,Ukraine,Donor pool,1,2013,2009-2016,1,61,61,61,61,30,31,0.4918032786885246,0,1,1.3381546,-0.08392886669229159,1.8216542,-0.37202080374785507,0.32954892407641595,-0.25588814272342747,-0.14362120306363138,-0.006179633506377412,-0.2511707046685515,0,-0.37261588080574537,FALSE,-0.24718878694872337,0,0,0
UKR,UA,Ukraine,Donor pool,1,2014,2009-2016,1,80,72,78,70,35,35,0.5,0,1,1.8772934000000001,-0.08687353683642775,1.616782,-0.3722959232588784,0.49170694971171836,-0.29191279386576874,-0.14131826893585964,-0.006179633506377412,-0.3568015651750058,1,-0.08981403847875986,FALSE,-0.21909124517432052,0,0,0
UKR,UA,Ukraine,Donor pool,1,2015,2009-2016,1,78,76,77,75,35,40,0.4666666666666667,0,1,1.208397,-0.0896328897816894,1.5784601999999999,-0.36183420977354613,0.7849902399808443,-0.3188239886765866,-0.13542851230647604,-0.006179633506377412,-0.3668256891926847,1,0.3955754908667012,FALSE,0.06678298107641087,0,0,0
UKR,UA,Ukraine,Donor pool,1,2016,2009-2016,1,114,108,113,107,54,53,0.5046728971962616,0,1,1.5844309,-0.08870418752286817,1.3972429999999998,-0.3709425269401802,0.5844539360896834,-0.31711102533675234,-0.13323619437719966,-0.006179633506377412,-0.4804993600715157,0,-0.011718745362856754,FALSE,-0.04578349992155222,0,0,0
USA,US,United States,Donor pool,1,1997,1997-2008,0,88,88,82,82,17,65,0.2073170731707317,0,1,4.216035,4.99008979103315,0,-0.40716384537840455,-0.009999253870027406,0.5472199225331924,-0.14775726547488724,-1.1442296136478813,-3.900115645459428,0,0.007658684117535166,FALSE,-0.012856006445386467,0,0,0
USA,US,United States,Donor pool,1,1998,1997-2008,0,84,82,78,77,12,65,0.15584415584415584,0,1,3.2389021000000002,5.009590782212934,0,-0.40716384537840455,0.011253815683454406,0.5882003747325544,-0.14775726547488724,-1.1442296136478813,-3.900115645459428,0,-0.03196237657129776,FALSE,0.08779947614615938,0,0,0
USA,US,United States,Donor pool,1,1999,1997-2008,0,94,92,89,88,12,76,0.13636363636363635,0,1,3.3477764,4.977900667348959,0,-0.40716384537840455,0.050376598281364655,0.6370321475542814,-0.14775726547488724,-1.1442296136478813,-3.900115645459428,0,-0.06456742572141089,FALSE,0.12481326679809075,0,0,0
USA,US,United States,Donor pool,1,2000,1997-2008,0,77,77,76,76,14,62,0.18421052631578946,0,1,3.4001176,4.948000487301812,0,-0.40716384537840455,0.014190896169256418,0.6903557073258209,-0.14775726547488724,-1.1442296136478813,-3.900115645459428,0,-0.11567899553143765,FALSE,0.19561356228601606,0,0,0
USA,US,United States,Donor pool,1,2001,1997-2008,0,85,85,83,83,11,72,0.13253012048192772,0,1,3.2258353,4.849166386559272,0,-0.40716384537840455,0.1112883303344025,0.7139725893413335,-0.14775726547488724,-1.1442296136478813,-3.900115645459428,0,-0.1050423852172588,FALSE,0.006571753126938487,0,0,0
USA,US,United States,Donor pool,1,2002,1997-2008,0,105,105,101,101,12,89,0.1188118811881188,0,1,3.2516036,4.835439120179279,0,-0.40716384537840455,0.13829317563411797,0.7393664524309135,-0.14775726547488724,-1.1442296136478813,-3.900115645459428,0,-0.12933879721494893,FALSE,-0.2927276706721963,0,0,0
USA,US,United States,Donor pool,1,2003,1997-2008,0,91,91,89,89,12,77,0.1348314606741573,0,1,3.8556932,4.90101377953131,0,-0.40716384537840455,0.21760149671887527,0.7832261056483416,-0.14775726547488724,-1.1442296136478813,-3.900115645459428,0,-0.15019758737123926,FALSE,-0.3889364059972698,0,0,0
USA,US,United States,Donor pool,1,2004,1997-2008,0,90,90,88,88,7,81,0.07954545454545454,0,1,3.646167,4.890456334587206,0,-0.40716384537840455,0.23237879023130792,0.8488858070596955,-0.14775726547488724,-1.1442296136478813,-3.900115645459428,0,-0.18513682562434353,FALSE,-0.3337745875807817,0,0,0
USA,US,United States,Donor pool,1,2005,1997-2008,0,99,98,97,96,10,86,0.10416666666666667,0,1,3.6194004,4.736080233868544,0,-0.40716384537840455,0.2512417988279144,0.9193771842806849,-0.14775726547488724,-1.1442296136478813,-3.900115645459428,0,-0.21440581006423468,FALSE,-0.2193363126150577,0,0,0
USA,US,United States,Donor pool,1,2006,1997-2008,0,111,111,108,108,15,93,0.1388888888888889,0,1,3.6647191,4.720931629585648,0,-0.40716384537840455,0.31068391726304445,0.9833982158929315,-0.14775726547488724,-1.1442296136478813,-3.900115645459428,0,-0.2233339134764833,FALSE,-0.12278575096168137,0,0,0
USA,US,United States,Donor pool,1,2007,1997-2008,0,94,94,93,93,7,86,0.07526881720430108,0,1,3.3727620000000003,4.631993385270691,0,-0.40716384537840455,0.3367844581100036,1.0347721951723026,-0.14775726547488724,-1.1442296136478813,-3.900115645459428,0,-0.17885196739745768,FALSE,-0.178855719176256,0,0,0
USA,US,United States,Donor pool,1,2008,1997-2008,0,99,99,97,97,14,83,0.14432989690721648,0,1,3.4033591,4.612472936990979,0,-0.40716384537840455,0.4140802554799939,1.0500478989442785,-0.14775726547488724,-1.1442296136478813,-3.900115645459428,0,-0.15868420420206036,FALSE,-0.47035922673930575,0,0,0
USA,US,United States,Donor pool,1,2009,2009-2016,1,84,83,83,82,18,64,0.21951219512195122,0,1,3.1834503,4.4787279236124204,0,-0.40716384537840455,0.5296374925106414,1.0096385816210278,-0.14775726547488724,-1.1442296136478813,-3.900115645459428,0,-0.04547030037114159,FALSE,-0.9689975312184418,0,0,0
USA,US,United States,Donor pool,1,2010,2009-2016,1,88,87,87,86,21,65,0.2441860465116279,0,1,3.3835457,4.53513653485185,0,-0.40716384537840455,0.6839468453973904,1.052180294855415,-0.14775726547488724,-1.1442296136478813,-3.900115645459428,0,-0.05887965894513244,FALSE,-0.9068962934337949,0,0,0
USA,US,United States,Donor pool,1,2011,2009-2016,1,99,97,96,95,30,65,0.3157894736842105,0,1,3.242031,4.4473797655924825,0,-0.40716384537840455,0.7125004350548855,1.092799905841681,-0.14775726547488724,-1.1442296136478813,-3.900115645459428,0,-0.061473731134789676,FALSE,-0.78375810366899,0,0,0
USA,US,United States,Donor pool,1,2012,2009-2016,1,92,92,90,90,20,70,0.2222222222222222,0,1,3.4119257000000003,4.3403352457327005,0,-0.40716384537840455,0.7928369746090552,1.1422728629398387,-0.14775726547488724,-1.1442296136478813,-3.900115645459428,0,-0.0427663917260886,FALSE,-0.6305741417387813,0,0,0
USA,US,United States,Donor pool,1,2013,2009-2016,1,61,61,61,61,8,53,0.13114754098360656,0,1,3.1598088,4.233491268969496,0,-0.40716384537840455,0.9731138279699307,1.185488845519648,-0.14775726547488724,-1.1442296136478813,-3.900115645459428,0,-0.012393368429037628,FALSE,-0.3374586125212685,0,0,0
USA,US,United States,Donor pool,1,2014,2009-2016,1,80,79,78,77,11,66,0.14285714285714285,0,1,3.4940754,4.105564498109144,0,-0.40716384537840455,1.026702357812088,1.238220038408535,-0.14775726547488724,-1.1442296136478813,-3.900115645459428,0,-0.017280091243016313,FALSE,-0.2809880191410593,0,0,0
USA,US,United States,Donor pool,1,2015,2009-2016,1,78,78,77,77,12,65,0.15584415584415584,0,1,2.7868572,4.090944633268377,0,-0.40716384537840455,1.0797873182914373,1.2852235325570713,-0.14775726547488724,-1.1442296136478813,-3.900115645459428,0,-0.024364716713981403,FALSE,-0.2315565160770115,0,0,0
USA,US,United States,Donor pool,1,2016,2009-2016,1,114,113,113,112,33,79,0.29464285714285715,0,1,2.9816738999999997,3.9573750069663727,0,-0.40716384537840455,1.0747151913648232,1.3165254255997167,-0.14775726547488724,-1.1442296136478813,-3.900115645459428,0,-0.017570138409660183,FALSE,-0.29981273436802064,0,0,0
VEN,VE,Venezuela,Donor pool,1,1997,1997-2008,0,88,88,82,82,65,17,0.7926829268292683,0,1,0.9474893,-0.07069532905885303,3.2685457,0.8873747971365206,-0.3362866991115274,-0.26820310679751574,-0.1480597171334557,-0.6545209970623092,0.37709752354777504,0,0.3315680353379186,TRUE,0.3905001555561961,0,0,0
VEN,VE,Venezuela,Donor pool,1,1998,1997-2008,0,84,84,78,78,58,20,0.7435897435897436,0,1,0.016403500000000015,-0.07184732650182844,3.2553056000000002,0.6959010196590215,-0.3489959991402165,-0.2635260934136939,-0.14802486057049705,-0.6545209970623092,0.39455276672060086,0,-0.16606930981987542,TRUE,-0.22163576640882104,0,0,0
VEN,VE,Venezuela,Donor pool,1,1999,1997-2008,0,94,91,89,86,68,18,0.7906976744186046,0,1,0.1583736,-0.07445633328876139,3.1894028,0.9127984647037292,-0.33394289504230346,-0.2576216718120846,-0.14799046238711347,-0.6545209970623092,0.3699743474665174,1,0.21299974294000115,TRUE,0.23159282797806494,0,0,0
VEN,VE,Venezuela,Donor pool,1,2000,1997-2008,0,77,77,76,76,62,14,0.8157894736842105,0,1,0.20766010000000001,-0.07218648497796383,3.1924575,0.9901251342732514,-0.31625194081603863,-0.2368932248933454,-0.14794655159534326,-0.6545209970623092,0.34278527192295155,1,0.6436889120382685,TRUE,0.5526992370116385,0,1,0
VEN,VE,Venezuela,Donor pool,1,2001,1997-2008,0,85,83,83,83,69,14,0.8313253012048193,0,1,0.015549800000000058,-0.0720346324145217,3.2102855,0.9616909476741979,-0.27989720811031465,-0.23265830773706583,-0.14792070983069502,-0.6545209970623092,0.25912552091985375,1,0.1836645239063666,TRUE,-0.23064972937104433,0,1,0
VEN,VE,Venezuela,Donor pool,1,2002,1997-2008,0,105,103,101,100,73,27,0.73,0,1,0.06461999999999996,-0.0772693795121798,3.1869836,1.0085362325834986,-0.2859010064578844,-0.2699289089677027,-0.14766207038764406,-0.6545209970623092,0.2519479161706938,1,0.538873957053695,TRUE,0.0388476575906706,0,1,0
VEN,VE,Venezuela,Donor pool,1,2003,1997-2008,0,91,91,89,89,76,13,0.8539325842696629,0,1,0.40575890000000003,-0.08155717676165183,3.4499343000000002,0.951124256260111,-0.11544136585586266,-0.2823474079548946,-0.1473982754065763,-0.6545209970623092,0.310993422412166,1,0.8594263324669417,TRUE,0.18210122881571944,0,1,0
VEN,VE,Venezuela,Donor pool,1,2004,1997-2008,0,90,90,88,88,81,7,0.9204545454545454,0,1,0.20314699999999997,-0.07689290514007309,3.8493139999999997,1.224081687514596,-0.09105831749149863,-0.2517977714936908,-0.14723007967538784,-0.6545209970623092,0.29812851607754376,1,0.8428780009460037,TRUE,0.38125432236330065,0,1,0
VEN,VE,Venezuela,Donor pool,1,2005,1997-2008,0,99,94,97,92,82,10,0.8913043478260869,0,1,0.4198405999999999,-0.07603268807323546,4.039241,1.0980728694694548,-0.0395151981497716,-0.21760975852072076,-0.14711272464653516,-0.6545209970623092,0.16692776224505296,1,1.042314386304211,TRUE,0.521958453088634,0,1,0
VEN,VE,Venezuela,Donor pool,1,2006,1997-2008,0,111,110,108,107,99,8,0.9252336448598131,0,1,0.3721259,-0.07628076240942938,4.0368450000000005,0.9853477727907096,0.22869589474014743,-0.17920481094106658,-0.14707886370372888,-0.6545209970623092,0.15433431253303231,1,0.8765138775458232,TRUE,0.028250204970392337,0,1,0
VEN,VE,Venezuela,Donor pool,1,2007,1997-2008,0,94,94,93,93,86,7,0.9247311827956989,0,1,0.562992,-0.07338475976701468,3.935754,1.1829432692819737,0.3626505601641489,-0.13241459834130007,-0.14707886370372888,-0.6545209970623092,0.07671895421788061,1,0.41253706641449134,TRUE,-0.07663275293260252,0,1,0
VEN,VE,Venezuela,Donor pool,1,2008,1997-2008,0,99,97,97,95,85,10,0.8947368421052632,0,1,0.6788489,-0.070507221119369,4.082208,0.7986077180094324,0.568990156489252,-0.04628803899093288,-0.14707886370372888,-0.6545209970623092,0.0577888944797973,1,0.6321931864269716,TRUE,-0.13255701486077898,0,1,0
VEN,VE,Venezuela,Donor pool,1,2009,2009-2016,1,84,83,83,82,75,7,0.9146341463414634,0,1,0.7741617,-0.07502966601800674,3.957612,0.9006972066643074,0.8527748671375998,-0.036468550536335374,-0.14707886370372888,-0.6545209970623092,-0.05142587329228417,1,0.10343348270977587,TRUE,-0.5851659083296606,0,1,0
VEN,VE,Venezuela,Donor pool,1,2010,2009-2016,1,88,88,87,87,77,10,0.8850574712643678,0,1,0.41036930000000005,-0.07285383379347656,3.793915,0.8015087434075686,1.132312321404442,0.023764828400441754,-0.1468215440089374,-0.6545209970623092,-0.0055900689477263845,1,0.1732284550738869,TRUE,-0.2433041396317558,0,1,0
VEN,VE,Venezuela,Donor pool,1,2011,2009-2016,1,99,97,96,95,74,21,0.7789473684210526,0,1,1.103211,-0.07274330287035644,4.345242,0.7580543533051136,1.5690488390724426,-0.05858708405493352,-0.14581178426662986,-0.6545209970623092,-0.07985269115896425,1,0.37570026379367055,TRUE,-0.5468779724823594,0,1,0
VEN,VE,Venezuela,Donor pool,1,2012,2009-2016,1,92,92,90,90,72,18,0.8,0,1,0.6016923,-0.07147910398463918,4.013618,0.5081930657246084,1.7423320586791113,-0.006769656424681568,-0.14581178426662986,-0.6545209970623092,-0.17139174431839316,1,0.13308294046350802,TRUE,-0.6865060245910798,0,1,0
VEN,VE,Venezuela,Donor pool,1,2013,2009-2016,1,61,60,61,60,52,8,0.8666666666666667,0,1,0.9805872,-0.0783602776930733,4.140396,0.35699116808433173,1.5612027393047596,-0.12287178400445647,-0.14477161050180395,-0.6545209970623092,-0.255877097379375,1,0.16352075398621455,TRUE,-0.729440865390839,0,1,0
VEN,VE,Venezuela,Donor pool,1,2014,2009-2016,1,80,76,78,74,63,11,0.8513513513513513,0,1,0.47775259999999997,-0.08138513104717593,3.971828,0.6858113620574801,2.1331869306046993,-0.16871857292905085,-0.1446318856674286,-0.6545209970623092,-0.3614401896100655,1,0.15155742065454403,TRUE,-0.6823955996521555,0,0,0
VEN,VE,Venezuela,Donor pool,1,2015,2009-2016,1,78,74,77,73,56,17,0.7671232876712328,0,1,1.3824078000000002,-0.08808050859143286,4.169265,0.6548267293534145,2.3866501621637233,-0.25667448031568035,-0.1446318856674286,-0.6545209970623092,-0.3681377119545135,1,-0.5956887824915005,TRUE,-0.5312321533010972,0,0,0
VEN,VE,Venezuela,Donor pool,1,2016,2009-2016,1,114,112,113,111,77,34,0.6936936936936937,0,1,1.0942871,-0.0913276987372516,4.0759609999999995,0.5199738683841714,2.4264552328075117,-0.2693982371863047,-0.14287339703881577,-0.6545209970623092,-0.4782820525887995,1,-0.08897041145015544,TRUE,-0.5658218136993908,0,0,0
